batch_id,inference_time
0,0.010729800000262912
1,0.008861800000886433
2,0.007294099999853643
3,0.005984699997497955
4,0.006918099999893457
5,0.007113800002116477
6,0.00752709999869694
7,0.0068941999998060055
8,0.006320199998299358
9,0.007185099999333033
10,0.005940400002145907
11,0.006422900001780363
12,0.005984600000374485
13,0.005924799999775132
14,0.00721230000272044
15,0.006630500000028405
16,0.007855200001358753
17,0.0073088999997708015
18,0.007333099998504622
19,0.0060092000021541025
20,0.0059808000005432405
21,0.007612499997776467
22,0.006465300000854768
23,0.007708000001002802
24,0.006985800002439646
25,0.00785109999924316
26,0.006597199997486314
27,0.0076652999996440485
28,0.0070328000001609325
29,0.007828300000255695
30,0.0065920999986701645
31,0.006589799999346724
32,0.007195800000772579
33,0.006343000000924803
34,0.007179000000178348
35,0.006586800001969095
36,0.008232899999711663
37,0.006485099998826627
38,0.006805500001064502
39,0.006926899997779401
40,0.00655420000111917
41,0.007687000001169508
42,0.0065390999989176635
43,0.008022099998925114
44,0.007825900000170805
45,0.00727760000154376
46,0.0059518999987631105
47,0.006366399997205008
48,0.007605199996760348
49,0.007479200001398567
50,0.0076721000004909
51,0.007253299998410512
52,0.008063199999014614
53,0.006975100001000101
54,0.00814370000080089
55,0.007612200002768077
56,0.007642699998541502
57,0.006276399999478599
58,0.007477799998014234
59,0.00636070000109612
60,0.00784370000110357
61,0.0071519999983138405
62,0.007602499998029089
63,0.006016700001055142
64,0.0059142999998584855
65,0.007680599999730475
66,0.007749899999907939
67,0.008526500001607928
68,0.006367000001773704
69,0.007757299998047529
70,0.007748899999569403
71,0.007881400000769645
72,0.007025700000667712
73,0.007242499999847496
74,0.006038100000296254
75,0.0059568999968178105
76,0.00756540000293171
77,0.007383399999525864
78,0.007515199999033939
79,0.0065341000008629635
80,0.0073118000000249594
81,0.006053000000974862
82,0.006080899998778477
83,0.008234699998865835
84,0.007905700000264915
85,0.0060818000019935425
86,0.0059261999995214865
87,0.00677690000156872
88,0.006023699999786913
89,0.006292899997788481
90,0.008043900001212023
91,0.008009000001038658
92,0.006679699999949662
93,0.006732499998179264
94,0.008051299999351613
95,0.007406299999274779
96,0.007545100001152605
97,0.006169300002511591
98,0.008154899998771725
99,0.0085624999992433
100,0.008687100002134684
101,0.006405699998140335
102,0.007554399999207817
103,0.007069999999657739
104,0.00813180000113789
105,0.007904699999926379
106,0.007708100001764251
107,0.005967599998257356
108,0.00590119999833405
109,0.00732140000036452
110,0.007128199998987839
111,0.007666100002097664
112,0.0069810999993933365
113,0.008033600002818275
114,0.00701649999973597
115,0.007966299999679904
116,0.007701300000917399
117,0.009139800000411924
118,0.006531200000608806
119,0.00756080000064685
120,0.00703100000100676
121,0.007633299999724841
122,0.008337399998708861
123,0.009233999997377396
124,0.00817540000207373
125,0.007895999999163905
126,0.006853099999716505
127,0.007530999999289634
128,0.006577299998753006
129,0.00668260000020382
130,0.006516999997984385
131,0.005934500000876142
132,0.007061500000418164
133,0.006016699997417163
134,0.0062539999998989515
135,0.006339500003377907
136,0.005927199999860022
137,0.007858100001612911
138,0.007783299999573501
139,0.008010500001546461
140,0.007002499998634448
141,0.007926799997221678
142,0.006001300000207266
143,0.006322299999737879
144,0.007001099998888094
145,0.006529800000862451
146,0.007071399999404093
147,0.006620600001042476
148,0.00720519999958924
149,0.005972800001472933
150,0.00617219999912777
151,0.006490399999165675
152,0.005911699998250697
153,0.006829800000559771
154,0.006028200001310324
155,0.006195100002514664
156,0.007050899999740068
157,0.006545100000948878
158,0.008236599998781458
159,0.00796980000086478
160,0.008019000000786036
161,0.007286500000191154
162,0.00698259999990114
163,0.006064399996830616
164,0.007597399999212939
165,0.008044299996981863
166,0.008720800000446616
167,0.007915599999250844
168,0.007757900002616225
169,0.006514899996545864
170,0.008655500001623295
171,0.008065300000453135
172,0.009222699998645112
173,0.006364299999404466
174,0.008890599998267135
175,0.007990800000698073
176,0.009553799998684553
177,0.007784100002027117
178,0.008524500000930857
179,0.006764400000975002
180,0.008759299998928327
181,0.007344199999351986
182,0.009083399996598018
183,0.007034899997961475
184,0.009461800000281073
185,0.007500100000470411
186,0.008156899999448797
187,0.006445099999837112
188,0.0078042000022833236
189,0.0060178999992785975
190,0.008210400003008544
191,0.007021900000836467
192,0.00919889999931911
193,0.00743750000037835
194,0.00853570000253967
195,0.006650799998169532
196,0.00918400000227848
197,0.007816600002115592
198,0.007434300001477823
199,0.00611140000182786
200,0.0072579999978188425
201,0.0069295000030251686
202,0.00742520000130753
203,0.006175800001074094
204,0.006200200001330813
205,0.007746100000076694
206,0.007333999998081708
207,0.008688800000527408
208,0.0079818999984127
209,0.008419199999480043
210,0.008116199998767115
211,0.006999900000664638
212,0.006172900000819936
213,0.0071907999990799
214,0.0062180000022635795
215,0.007105500000761822
216,0.006840599999122787
217,0.007490699998015771
218,0.0077595999973709695
219,0.007620500000484753
220,0.0074027000009664334
221,0.006894599999213824
222,0.00820929999827058
223,0.006960399998206412
224,0.008909399999538437
225,0.008019000000786036
226,0.008589799999754177
227,0.008485499998641899
228,0.00751010000021779
229,0.007504999997763662
230,0.008079100000031758
231,0.00852870000016992
232,0.006243199997697957
233,0.006141600002592895
234,0.007551499998953659
235,0.006765599999198457
236,0.008679599999595666
237,0.006921899999724701
238,0.01130600000033155
239,0.0100748000004387
240,0.008433099999820115
241,0.009449099998164456
242,0.008094400000118185
243,0.00977459999921848
244,0.007536199998867232
245,0.009323000002041226
246,0.007900300002802396
247,0.009008599998196587
248,0.00935860000026878
249,0.006412399998225737
250,0.007848199998989003
251,0.008675099998072255
252,0.00904630000150064
253,0.008257099998445483
254,0.02427710000119987
255,0.03265800000008312
256,0.015101199998753145
257,0.009739099998114398
258,0.010748000000603497
259,0.007931200001621619
260,0.008914699999877485
261,0.009584999999788124
262,0.006166600000142353
263,0.0075488000002224
264,0.007907400002295617
265,0.007438799999363255
266,0.007994999999937136
267,0.007946199999423698
268,0.008510200001182966
269,0.00915750000058324
270,0.0064655000023776665
271,0.007457600000634557
272,0.006524500000523403
273,0.006574000002729008
274,0.008177100000466453
275,0.007537500001490116
276,0.006838999997853534
277,0.005991400001221336
278,0.010194899998168694
279,0.011179600001923973
280,0.008798599999863654
281,0.009725100000650855
282,0.00661979999858886
283,0.00874630000180332
284,0.006364000000758097
285,0.008367199996428099
286,0.006031000000803033
287,0.008062400000198977
288,0.007186300001194468
289,0.008850900001561968
290,0.007744900001853239
291,0.009280300000682473
292,0.006407500000932487
293,0.008572700000513578
294,0.0064261999978043605
295,0.00849709999965853
296,0.00783429999864893
297,0.008559699999750592
298,0.005970900001557311
299,0.007653300002857577
300,0.0060486000002129
301,0.005888899999263231
302,0.009442099999432685
303,0.008433699997112853
304,0.007813600001099985
305,0.008418400000664406
306,0.007790399999066722
307,0.008728600001632003
308,0.008178499996574828
309,0.009204000001773238
310,0.007424499999615364
311,0.008486999999149702
312,0.008171599998604506
313,0.010246099998767022
314,0.008336100003361935
315,0.010116599998582387
316,0.013263000000733882
317,0.007410599999275291
318,0.012110300001950236
319,0.011287400000583148
320,0.007095200002368074
321,0.011762699999962933
322,0.00999460000093677
323,0.007192199998826254
324,0.008761400000366848
325,0.008428500001173234
326,0.008955799999966985
327,0.006615099999180529
328,0.008459099997708108
329,0.006618300001719035
330,0.007879600001615472
331,0.006420699999580393
332,0.007512799998949049
333,0.007694100000662729
334,0.007345699999859789
335,0.006135600000561681
336,0.005903900000703288
337,0.008527099998900667
338,0.007694899999478366
339,0.00838339999972959
340,0.007724999999481952
341,0.007596999999805121
342,0.006536799999594223
343,0.00737190000290866
344,0.006397400000423659
345,0.007965200002217898
346,0.007004799997957889
347,0.007073099997796817
348,0.008091700001386926
349,0.008028100000956329
350,0.007131400001526345
351,0.009327500003564637
352,0.007250799997564172
353,0.00820709999970859
354,0.007871400001022266
355,0.008956599998782622
356,0.006857500000478467
357,0.00877559999935329
358,0.006895000002259621
359,0.008345099999132799
360,0.006747499999619322
361,0.006515400000353111
362,0.006180600001243874
363,0.005969599998934427
364,0.008173899997927947
365,0.0066136000023107044
366,0.00813900000139256
367,0.006624999998166459
368,0.007754500002192799
369,0.0060451999997894745
370,0.006122099999629427
371,0.008471100001770537
372,0.008972900002845563
373,0.007724600000074133
374,0.0075543000020843465
375,0.006746799997927155
376,0.006578599997737911
377,0.008678900001541479
378,0.009143600000243168
379,0.007646300000487827
380,0.007663300002604956
381,0.0074695000002975576
382,0.009937399998307228
383,0.006630500000028405
384,0.00795039999866276
385,0.00678650000190828
386,0.008393300002353499
387,0.006949300000997027
388,0.006680800001049647
389,0.007297000000107801
390,0.005943799998931354
391,0.008456300001853378
392,0.0071033000021998305
393,0.007751100001769373
394,0.006617899998673238
395,0.008057999999437016
396,0.006693200000881916
397,0.008141800000885269
398,0.0067853000000468455
399,0.006958600002690218
400,0.00794550000136951
401,0.010083400000439724
402,0.008285600000817794
403,0.009394599997904152
404,0.007980499998666346
405,0.00887950000105775
406,0.007259399997565197
407,0.008506500002113171
408,0.007719600002019433
409,0.008963799999037292
410,0.007515400000556838
411,0.009635400001570815
412,0.008113300002150936
413,0.007567399999970803
414,0.009361599997646408
415,0.0074520000016491394
416,0.00847780000185594
417,0.007447899999533547
418,0.008906499999284279
419,0.009384600001794752
420,0.008579099998314632
421,0.006940699997358024
422,0.008384400000068126
423,0.007492200002161553
424,0.008176999999705004
425,0.006788599999708822
426,0.007819100002961932
427,0.0075372999999672174
428,0.00873640000281739
429,0.007585600000311388
430,0.007273999999597436
431,0.006542400002217619
432,0.007916800001112279
433,0.006745200000295881
434,0.006000400000630179
435,0.008510200001182966
436,0.008143399998516543
437,0.006116999997175299
438,0.005925300003582379
439,0.007418499997584149
440,0.007025199996860465
441,0.009612099998776102
442,0.007699499998125248
443,0.007474600002751686
444,0.0060196000013093
445,0.007325899998249952
446,0.0070274999998218846
447,0.007691899998462759
448,0.007937000002129935
449,0.00809560000197962
450,0.007877000000007683
451,0.008140500001900364
452,0.006773500001145294
453,0.006379799997375812
454,0.007806599998730235
455,0.00641650000034133
456,0.008788899998762645
457,0.007803200001944788
458,0.006956799999898067
459,0.005933299999014707
460,0.007002599999395898
461,0.006713799997669412
462,0.006646000001637731
463,0.008571099999244325
464,0.008301699999719858
465,0.00893490000089514
466,0.007728799999313196
467,0.007643400000233669
468,0.008313099999213591
469,0.008226099998864811
470,0.008109799997328082
471,0.0075184999986959156
472,0.00788979999924777
473,0.007299600001715589
474,0.007983399998920504
475,0.007468499999959022
476,0.007734999999229331
477,0.00611620000199764
478,0.0059012999990954995
479,0.009221200001775287
480,0.007193099998403341
481,0.007316100000025472
482,0.0066206999981659465
483,0.0075653999992937315
484,0.006047400001989445
485,0.0064688999991631135
486,0.006213399999978719
487,0.005950000002485467
488,0.006637599999521626
489,0.006034099998942111
490,0.006470899999840185
491,0.007066999998642132
492,0.005926900001213653
493,0.007495700003346428
494,0.008370300001843134
495,0.008680699997057673
496,0.007786699999996927
497,0.010642099998221966
498,0.008616700000857236
499,0.007048500003293157
500,0.007734299997537164
501,0.005949700000201119
502,0.00590599999850383
503,0.007383699998172233
504,0.007024299997283379
505,0.00792609999916749
506,0.006467800001701107
507,0.007300700002815574
508,0.007804000000760425
509,0.007066199999826495
510,0.006072299998777453
511,0.00595939999766415
512,0.007541099999798462
513,0.006647900001553353
514,0.008108300000458257
515,0.006427200001780875
516,0.008144800001900876
517,0.007937600003060652
518,0.008479600001010112
519,0.006394399999408051
520,0.00685449999946286
521,0.005991599999106256
522,0.005880199998500757
523,0.006960799997614231
524,0.0063265999997383915
525,0.007267700002557831
526,0.006938599999557482
527,0.007075299999996787
528,0.007492900000215741
529,0.00710350000008475
530,0.007594599999720231
531,0.006983399998716777
532,0.007375500001217006
533,0.006563899998582201
534,0.007195099999080412
535,0.005996900003083283
536,0.005917099999351194
537,0.007134100000257604
538,0.006618200000957586
539,0.007321799999772338
540,0.00656870000238996
541,0.007580699999380158
542,0.0064435000022058375
543,0.006736100000125589
544,0.0062840000027790666
545,0.0059188000013818964
546,0.007558799999969779
547,0.007740400000329828
548,0.00786790000347537
549,0.006606799997825874
550,0.00724380000247038
551,0.006584100003237836
552,0.006704100000206381
553,0.007803600001352606
554,0.00733820000095875
555,0.006717500000377186
556,0.005919899998843903
557,0.007258900001033908
558,0.007429400000546593
559,0.007776700000249548
560,0.0075437000014062505
561,0.007134699997550342
562,0.007008000000496395
563,0.007693300001847092
564,0.007734199996775715
565,0.0069818999982089736
566,0.007584899998619221
567,0.006653000000369502
568,0.008345600002940046
569,0.007811699997546384
570,0.0074091000024054665
571,0.006523300002299948
572,0.007641399999556597
573,0.006565899999259273
574,0.0072465999983251095
575,0.006084999997256091
576,0.005912900000112131
577,0.006636600002821069
578,0.0059416000003693625
579,0.007932900000014342
580,0.008173799997166498
581,0.008585300001868745
582,0.0075058000002172776
583,0.00849250000101165
584,0.007576299998618197
585,0.0076408999993873294
586,0.00772809999762103
587,0.009100800001760945
588,0.0075111000005563255
589,0.00783410000076401
590,0.007042700002784841
591,0.007641100000910228
592,0.007111599999916507
593,0.008097099998849444
594,0.007012100002611987
595,0.006938000002264744
596,0.007367799997155089
597,0.007021600002190098
598,0.0066217999992659315
599,0.005942900002992246
600,0.0073140999993484
601,0.0076225999982852954
602,0.008193699999537785
603,0.006959800000913674
604,0.007694300002185628
605,0.006001399997330736
606,0.005904800000280375
607,0.008537000001524575
608,0.0074870000025839545
609,0.008278999997855863
610,0.007708100001764251
611,0.007940100000269013
612,0.006363300002703909
613,0.007818600002792664
614,0.0070544999980484135
615,0.007789999999658903
616,0.006840999998530606
617,0.007664599997951882
618,0.007780400002957322
619,0.008074400000623427
620,0.00702860000092187
621,0.0075730999997176696
622,0.007857199998397846
623,0.00956909999877098
624,0.008082000000285916
625,0.007657999998627929
626,0.007048200001008809
627,0.008130599999276455
628,0.006727600000886014
629,0.007047700000839541
630,0.0068428000013227575
631,0.0063122999999905005
632,0.008498600000166334
633,0.007707500000833534
634,0.007778999999572989
635,0.007236400000692811
636,0.008638299997983268
637,0.007822699997632299
638,0.007117100001778454
639,0.005946199999016244
640,0.007033199999568751
641,0.007665400000405498
642,0.008142999999108724
643,0.0065178999975614715
644,0.00676220000241301
645,0.006297500000073342
646,0.005921600000874605
647,0.008740900000702823
648,0.007484599998861086
649,0.007873800001107156
650,0.006611500000872184
651,0.007801400002790615
652,0.00781519999873126
653,0.008472899997286731
654,0.007633499997609761
655,0.008277899996755878
656,0.007613500001752982
657,0.008164099999703467
658,0.006381700000929413
659,0.007491500000469387
660,0.007511499999964144
661,0.00761899999997695
662,0.005984200000966666
663,0.005915999998251209
664,0.007276000000274507
665,0.0063746000014361925
666,0.007257299999764655
667,0.006618600000365404
668,0.006892400000651833
669,0.006805000000895234
670,0.006531099999847356
671,0.00722229999882984
672,0.006618199997319607
673,0.007904000001872191
674,0.007683800002268981
675,0.008513900000252761
676,0.006501700001535937
677,0.007404700001643505
678,0.0065227000013692304
679,0.00667309999698773
680,0.00684950000140816
681,0.006488899998657871
682,0.007463499998266343
683,0.006664199998340337
684,0.007709500001510605
685,0.007021600002190098
686,0.007972499999596039
687,0.007654600001842482
688,0.0083109000006516
689,0.007635199999640463
690,0.00725109999984852
691,0.007396199998765951
692,0.008192900000722148
693,0.006778800001484342
694,0.006853599999885773
695,0.008463699999992969
696,0.007982899998751236
697,0.008104900000034831
698,0.00804499999867403
699,0.006872300000395626
700,0.006559400000696769
701,0.007978600002388703
702,0.006581599998753518
703,0.007520499999372987
704,0.006606100003409665
705,0.008195099999284139
706,0.007416699998429976
707,0.008313899998029228
708,0.0074564999995345715
709,0.008092899999610381
710,0.007139099998312304
711,0.007378500002232613
712,0.0059599000014713965
713,0.005909899999096524
714,0.007191400000010617
715,0.006523399999423418
716,0.008934499997849343
717,0.006615099999180529
718,0.008119099999021273
719,0.006807999998272862
720,0.007711700000072597
721,0.00653020000027027
722,0.007060600000841077
723,0.0070674999988113996
724,0.00624959999913699
725,0.00777620000008028
726,0.0066442999996070284
727,0.007838999998057261
728,0.00639940000110073
729,0.007189700001617894
730,0.00747639999826788
731,0.0077529999980470166
732,0.0077664999989792705
733,0.008193000001483597
734,0.007834600000933278
735,0.007787600003211992
736,0.005964099997072481
737,0.005904100002226187
738,0.007365800000115996
739,0.0073028000006161164
740,0.008031000001210487
741,0.0072725999998510815
742,0.007305499999347376
743,0.005939399998169392
744,0.005952699997578748
745,0.0074616000019887
746,0.006623999997827923
747,0.007627099999808706
748,0.006604700000025332
749,0.007747499999823049
750,0.006605499998840969
751,0.007562499999039574
752,0.007008500000665663
753,0.0076738000025216024
754,0.008240999999543419
755,0.007223499997053295
756,0.006821499999205116
757,0.006829000001744134
758,0.0078117999983078334
759,0.007343400000536349
760,0.006943299998965813
761,0.00595679999969434
762,0.006674500000372063
763,0.005968000001303153
764,0.00591809999968973
765,0.00816349999877275
766,0.007338400002481649
767,0.006981200000154786
768,0.005917300000874093
769,0.006366600002365885
770,0.005932100000791252
771,0.005948300000454765
772,0.006566000000020722
773,0.005918200000451179
774,0.006851199999800883
775,0.007278600001882296
776,0.007644400000572205
777,0.007398099998681573
778,0.00769860000218614
779,0.0076110000009066425
780,0.007398599998850841
781,0.007441499998094514
782,0.0068828000003122725
783,0.007629899999301415
784,0.006731199999194359
785,0.007437100000970531
786,0.006535900000017136
787,0.009023999999044463
788,0.0068162999996275175
789,0.008140800000546733
790,0.007036599999992177
791,0.007985399999597576
792,0.007985999996890314
793,0.008441800000582589
794,0.007227599999168888
795,0.008030500001041219
796,0.006440000001020962
797,0.008078099999693222
798,0.007523100000980776
799,0.007592799996928079
800,0.006104099997173762
801,0.005891600001632469
802,0.007269099998666206
803,0.006819899997935863
804,0.007371499999862863
805,0.005964600000879727
806,0.005977699998766184
807,0.008513000000675675
808,0.007763199999317294
809,0.007248900001286529
810,0.006536699998832773
811,0.009035999999468913
812,0.00792169999840553
813,0.00874140000087209
814,0.007565899999462999
815,0.00802040000053239
816,0.007347099999606144
817,0.007527600002504187
818,0.0064574999996693805
819,0.009187999999994645
820,0.008091100000456208
821,0.008184400001482572
822,0.008384900000237394
823,0.008061399999860441
824,0.008053199999267235
825,0.007717699998465832
826,0.007516699999541743
827,0.00806659999943804
828,0.007847599998058286
829,0.007838000001356704
830,0.008109700000204612
831,0.007639499999640975
832,0.007528099999035476
833,0.008000199999514734
834,0.00831810000090627
835,0.007448100001056446
836,0.007713999999396037
837,0.00695600000108243
838,0.006506399997306289
839,0.007918499999505002
840,0.0073341000024811365
841,0.007008699998550583
842,0.005929999999352731
843,0.006715899999107933
844,0.006561100002727471
845,0.006541099999594735
846,0.00788749999992433
847,0.00698499999998603
848,0.00827190000200062
849,0.007028399999398971
850,0.0078038999999989755
851,0.00674780000190367
852,0.007752400000754278
853,0.006887699997605523
854,0.008626599999843165
855,0.007272400001966162
856,0.007455699997080956
857,0.006631000000197673
858,0.007142099999327911
859,0.006842400001914939
860,0.0065740999998524785
861,0.007120399997802451
862,0.006033999998180661
863,0.007117099998140475
864,0.007732800000667339
865,0.008197999999538297
866,0.00769620000210125
867,0.007514299999456853
868,0.006031099997926503
869,0.005876200000784593
870,0.007517099998949561
871,0.006421099998988211
872,0.008147599997755606
873,0.006973100000323029
874,0.008173800000804476
875,0.006383799998729955
876,0.007080199997290038
877,0.0061218000009830575
878,0.005900299998756964
879,0.006632699998590397
880,0.005931700001383433
881,0.0066923999984283
882,0.006822399998782203
883,0.006518999998661457
884,0.01007469999967725
885,0.008565600001020357
886,0.007613400000991533
887,0.008289400000649039
888,0.006783900000300491
889,0.0071107000003394205
890,0.00783189999856404
891,0.005945400000200607
892,0.007344400000874884
893,0.007055899997794768
894,0.00827940000090166
895,0.007809400001860922
896,0.008427500000834698
897,0.007722100002865773
898,0.00812210000003688
899,0.007692700000916375
900,0.007468499999959022
901,0.005977500000881264
902,0.006897399998706533
903,0.007704600000579376
904,0.006351900003210176
905,0.007636199999978999
906,0.007426000000123167
907,0.00838800000201445
908,0.007752400000754278
909,0.007031100001768209
910,0.006560200003150385
911,0.007928900002298178
912,0.007704599996941397
913,0.007778300001518801
914,0.006996000000071945
915,0.00810289999935776
916,0.007256599998072488
917,0.007598799998959294
918,0.0059465999984240625
919,0.006160100001579849
920,0.007057299997541122
921,0.006571000001713401
922,0.009845999997196486
923,0.007933600001706509
924,0.0063592000005883165
925,0.005934000000706874
926,0.006948399997781962
927,0.006016999999701511
928,0.006869900000310736
929,0.005971400001726579
930,0.005909900002734503
931,0.00768909999897005
932,0.0076628999995591585
933,0.008304899998620385
934,0.007649800001672702
935,0.007491200001823017
936,0.0065990000002784654
937,0.007240800001454772
938,0.00594200000341516
939,0.00590609999926528
940,0.008079600000201026
941,0.007335500002227491
942,0.007249999998748535
943,0.0059894999976677354
944,0.0064668000013625715
945,0.0059779000002890825
946,0.005902000000787666
947,0.007171799999923678
948,0.006612100001802901
949,0.008871699999872362
950,0.009029499997268431
951,0.008129099998768652
952,0.007312699999602046
953,0.00781490000008489
954,0.006920199997693999
955,0.008002899998245994
956,0.006447499999922002
957,0.0073452000033285
958,0.006004800001392141
959,0.005884499998501269
960,0.0073908000013034325
961,0.006554899999173358
962,0.007413600000290899
963,0.006547900000441587
964,0.007360600000538398
965,0.005969599998934427
966,0.005916000001889188
967,0.00851650000186055
968,0.007706200001848629
969,0.0065471000016259495
970,0.0059351999989303295
971,0.007685799999308074
972,0.007756799997878261
973,0.00845850000041537
974,0.0077888000014354475
975,0.00843650000024354
976,0.007833100000425475
977,0.007250400001794333
978,0.0059432000016386155
979,0.006969699999899603
980,0.007411499998852378
981,0.007185099999333033
982,0.006317700001090998
983,0.005920200001128251
984,0.0071277000024565496
985,0.006765000001905719
986,0.007743300000583986
987,0.006750100001227111
988,0.007270399997651111
989,0.0073998000007122755
990,0.00778800000261981
991,0.00984960000278079
992,0.010199599997577025
993,0.007166800001868978
994,0.008060200001636986
995,0.007532700001320336
996,0.00858679999873857
997,0.007761900000332389
998,0.008230699997511692
999,0.007599700002174359
1000,0.008393699998123338
1001,0.006470299998909468
1002,0.008074500001384877
1003,0.007745099999738159
1004,0.007873899998230627
1005,0.006069200000638375
1006,0.006085900000471156
1007,0.00803529999757302
1008,0.008121800001390511
1009,0.007170500000938773
1010,0.00701649999973597
1011,0.00824089999878197
1012,0.0077223000007506926
1013,0.009796099999221042
1014,0.008544299998902716
1015,0.006791200001316611
1016,0.007337200000620214
1017,0.007878299998992588
1018,0.007626300000993069
1019,0.006953100000828272
1020,0.006540800000948366
1021,0.007219099999929313
1022,0.006435999999666819
1023,0.0075899000003119
1024,0.006673600000794977
1025,0.007277800003066659
1026,0.007057099999656202
1027,0.007206700000097044
1028,0.007265100000950042
1029,0.0069557000024360605
1030,0.008134700001392048
1031,0.006949199996597599
1032,0.007008900000073481
1033,0.005964600000879727
1034,0.007178800002293428
1035,0.007893600002716994
1036,0.0077092999999877065
1037,0.005961999999271939
1038,0.0058898999996017665
1039,0.007826100001693703
1040,0.0069981000015104655
1041,0.007810999999492196
1042,0.006239099999220343
1043,0.007013599999481812
1044,0.0059987999993609264
1045,0.005907800001295982
1046,0.006896899998537265
1047,0.005938499998592306
1048,0.007189199997810647
1049,0.006633900000451831
1050,0.006839199999376433
1051,0.00817299999835086
1052,0.008317300002090633
1053,0.007844700001442106
1054,0.008088099999440601
1055,0.008012099999177735
1056,0.008132999999361346
1057,0.007393100000626873
1058,0.007696799999393988
1059,0.00795030000153929
1060,0.009234400000423193
1061,0.007515400000556838
1062,0.008008099997823592
1063,0.007661200001166435
1064,0.00787530000161496
1065,0.006048999999620719
1066,0.00600990000020829
1067,0.00791649999882793
1068,0.007963299998664297
1069,0.007684199998038821
1070,0.006646600002568448
1071,0.008369899998797337
1072,0.007787800001096912
1073,0.007371899999270681
1074,0.005978700002742698
1075,0.007003800001257332
1076,0.007399699999950826
1077,0.008080600000539562
1078,0.009141099999396829
1079,0.008152999998856103
1080,0.006980699999985518
1081,0.008179200001904974
1082,0.006758499999705236
1083,0.007135500000003958
1084,0.00811020000037388
1085,0.008399700000154553
1086,0.007569500001409324
1087,0.007558399996923981
1088,0.006425800002034521
1089,0.005902899996726774
1090,0.007077700000081677
1091,0.0070197999993979465
1092,0.008368499999050982
1093,0.007772200002364116
1094,0.008297799999127164
1095,0.007618100000399863
1096,0.0074691999980132096
1097,0.007024999998975545
1098,0.007958500002132496
1099,0.007737099997029873
1100,0.008259499998530373
1101,0.006673300002148608
1102,0.0066190999968966935
1103,0.007271099999343278
1104,0.006485999998403713
1105,0.008439500001259148
1106,0.007349999999860302
1107,0.008527100002538646
1108,0.007374799999524839
1109,0.008197799998015398
1110,0.007632500000909204
1111,0.008347800001502037
1112,0.0077565000028698705
1113,0.008553800002118805
1114,0.007649099999980535
1115,0.008244899996498134
1116,0.0074284000002080575
1117,0.007331400000111898
1118,0.006347299997287337
1119,0.00797259999671951
1120,0.007452400001056958
1121,0.007956999997986713
1122,0.00766490000023623
1123,0.007431499998347135
1124,0.006322099998214981
1125,0.0071004000019456726
1126,0.006932799999049166
1127,0.006321200002275873
1128,0.009744200000568526
1129,0.007436299998516915
1130,0.008020799999940209
1131,0.008258300000306917
1132,0.006975699998292839
1133,0.007251600000017788
1134,0.007088999998813961
1135,0.0066296999975747894
1136,0.008316899999044836
1137,0.00727760000154376
1138,0.007960800001455937
1139,0.0072986000013770536
1140,0.008500099997036159
1141,0.008880299999873387
1142,0.009635599999455735
1143,0.008737399999517947
1144,0.006933600001502782
1145,0.0060758999970857985
1146,0.0076066999972681515
1147,0.006993899998633424
1148,0.0077199000006658025
1149,0.006535799999255687
1150,0.007214699999167351
1151,0.00595420000172453
1152,0.005993999999191146
1153,0.008082199998170836
1154,0.007146299998566974
1155,0.006809399998019217
1156,0.005914800000027753
1157,0.0069447999994736165
1158,0.007656099998712307
1159,0.00772290000168141
1160,0.005964600000879727
1161,0.005935200002568308
1162,0.00690519999989192
1163,0.005953399999270914
1164,0.00642629999856581
1165,0.005939499998930842
1166,0.005929499999183463
1167,0.0069875000008323696
1168,0.006551599999511382
1169,0.008147800002916483
1170,0.00775939999948605
1171,0.007628099996509263
1172,0.0060264000021561515
1173,0.006157700001494959
1174,0.007146799998736242
1175,0.006755700000212528
1176,0.007574800001748372
1177,0.007029899999906775
1178,0.007614500002091518
1179,0.006418000000849133
1180,0.006839500001660781
1181,0.0059834999992745
1182,0.005909200001042336
1183,0.006774800000130199
1184,0.005981000002066139
1185,0.0068245000002207235
1186,0.006591199999093078
1187,0.00653240000247024
1188,0.007364099998085294
1189,0.006539499998325482
1190,0.007164799997553928
1191,0.0059595999991870485
1192,0.006594500002393033
1193,0.005947100002231309
1194,0.005901900000026217
1195,0.00696089999837568
1196,0.0065374999976484105
1197,0.007685799999308074
1198,0.0070947999993222766
1199,0.00813410000046133
1200,0.008647599999676459
1201,0.00847539999813307
1202,0.007888700001785764
1203,0.008956599998782622
1204,0.008334199999808334
1205,0.007078799997543683
1206,0.0065986999979941174
1207,0.007563700000901008
1208,0.008653100001538405
1209,0.007950700000947108
1210,0.006519999998999992
1211,0.007520000002841698
1212,0.0073391000005358364
1213,0.007412300001305994
1214,0.007231399999000132
1215,0.006998900000326103
1216,0.0066829999996116385
1217,0.005933399999776157
1218,0.007268299999850569
1219,0.007458000000042375
1220,0.00781279999864637
1221,0.007028100000752602
1222,0.007848100001865532
1223,0.007189299998572096
1224,0.007370299998001428
1225,0.008122899998852517
1226,0.008205999998608604
1227,0.0072265000017068814
1228,0.007336399998166598
1229,0.00760430000082124
1230,0.007018100001005223
1231,0.008669900002132636
1232,0.00789979999899515
1233,0.008496499998727813
1234,0.008014299997739727
1235,0.007624800000485266
1236,0.007678500001929933
1237,0.006509700000606244
1238,0.005976899999950547
1239,0.006929899998795008
1240,0.00596399999994901
1241,0.006810000002587913
1242,0.006710800000291783
1243,0.0063865000010991935
1244,0.006868299999041483
1245,0.005954800002655247
1246,0.006681200000457466
1247,0.005950899998424575
1248,0.005904300000111107
1249,0.007919499999843538
1250,0.00663650000205962
1251,0.007890600001701387
1252,0.007059200001094723
1253,0.007618300001922762
1254,0.006587099996977486
1255,0.007467499999620486
1256,0.006083199998101918
1257,0.00603659999978845
1258,0.00798650000069756
1259,0.00744969999868772
1260,0.007189599997218465
1261,0.0066303000021434855
1262,0.008111700000881683
1263,0.007558499997685431
1264,0.011503699999593664
1265,0.006607800001802389
1266,0.009140400001342641
1267,0.0065365000009478536
1268,0.007466099999874132
1269,0.0065847000005305745
1270,0.007688100002269493
1271,0.00703100000100676
1272,0.008426599997619633
1273,0.00935389999722247
1274,0.0074667999979283195
1275,0.006406299999071052
1276,0.008438299999397714
1277,0.007895099999586819
1278,0.008524299999407958
1279,0.007852399998228066
1280,0.007834899999579648
1281,0.005998200002068188
1282,0.006083399999624817
1283,0.008169099997758167
1284,0.007815100001607789
1285,0.007856200001697289
1286,0.007731500001682434
1287,0.0073932000013883226
1288,0.007009799999650568
1289,0.007682600000407547
1290,0.006892000001244014
1291,0.008237800000642892
1292,0.007738399999652756
1293,0.00845100000151433
1294,0.007699899997533066
1295,0.008643500001198845
1296,0.007900900000095135
1297,0.008093699998426018
1298,0.007395199998427415
1299,0.006837399996584281
1300,0.006041100001311861
1301,0.00707229999898118
1302,0.007363799999438925
1303,0.0075400000023364555
1304,0.006006799998431234
1305,0.005919200000789715
1306,0.007927200000267476
1307,0.006551300000865012
1308,0.007387199999357108
1309,0.00596159999986412
1310,0.006984399999055313
1311,0.006729199998517288
1312,0.006379999998898711
1313,0.007746000002953224
1314,0.006531800001539523
1315,0.007272499999089632
1316,0.0063009000004967675
1317,0.007207000002381392
1318,0.007681099999899743
1319,0.008372600001166575
1320,0.007516500001656823
1321,0.007281700000021374
1322,0.005957800000032876
1323,0.005901500000618398
1324,0.00807150000036927
1325,0.007724700000835583
1326,0.007998000000952743
1327,0.007501299998693867
1328,0.006908600000315346
1329,0.006623100001888815
1330,0.007368599999608705
1331,0.006586900002730545
1332,0.006645199999184115
1333,0.0071898999995028134
1334,0.006497200000012526
1335,0.009632500001316657
1336,0.0073957999993581325
1337,0.010268800000631018
1338,0.008249199996498646
1339,0.008233900000050198
1340,0.008826900000713067
1341,0.007834600000933278
1342,0.008475999999063788
1343,0.0077538000005006324
1344,0.008320700002514059
1345,0.007373899999947753
1346,0.007229700000607409
1347,0.005965899999864632
1348,0.00591550000171992
1349,0.006691799997497583
1350,0.005915300000197021
1351,0.007117999997717561
1352,0.0073382999980822206
1353,0.00782479999907082
1354,0.007330799999181181
1355,0.007934599998407066
1356,0.006715100000292296
1357,0.006560500001796754
1358,0.008560599999327678
1359,0.008149499997671228
1360,0.006308799998805625
1361,0.005979900000966154
1362,0.007008199998381315
1363,0.006545899999764515
1364,0.007579600001918152
1365,0.006024899998010369
1366,0.0058913000029861
1367,0.008094500000879634
1368,0.007464800000889227
1369,0.007249700000102166
1370,0.005944299999100622
1371,0.0073109999975713436
1372,0.00683740000022226
1373,0.007336800001212396
1374,0.00600980000308482
1375,0.005906300000788178
1376,0.0069097999985388014
1377,0.006010799999785377
1378,0.006715999999869382
1379,0.006436499999836087
1380,0.006235500000911998
1381,0.008108999998512445
1382,0.007585899998957757
1383,0.008077999998931773
1384,0.006964699998206925
1385,0.007994999999937136
1386,0.00704079999923124
1387,0.007346099999267608
1388,0.005956699998932891
1389,0.006094700001995079
1390,0.006339800002024276
1391,0.005911799999012146
1392,0.007413300001644529
1393,0.007348499999352498
1394,0.007655400000658119
1395,0.0065577000023040455
1396,0.007392999999865424
1397,0.007457700001396006
1398,0.007866500000091037
1399,0.006760800002666656
1400,0.006332000000838889
1401,0.007154999999329448
1402,0.006609099997149315
1403,0.008297800002765143
1404,0.007776499998726649
1405,0.008862900001986418
1406,0.006836000000475906
1407,0.0084151999981259
1408,0.007859800000005635
1409,0.008586299998569302
1410,0.008200000000215368
1411,0.00777860000016517
1412,0.006270500001846813
1413,0.006954200001928257
1414,0.00597340000240365
1415,0.005949899998086039
1416,0.007623900000908179
1417,0.0059502999974938575
1418,0.007344400000874884
1419,0.006581699999514967
1420,0.007517099998949561
1421,0.007728000000497559
1422,0.008496700000250712
1423,0.007800099996529752
1424,0.00816829999894253
1425,0.00781519999873126
1426,0.00832329999684589
1427,0.007707199998549186
1428,0.008557900000596419
1429,0.007699300000240328
1430,0.008151899997756118
1431,0.007673899999645073
1432,0.008295999999972992
1433,0.007651899999473244
1434,0.007879500000854023
1435,0.006091600000218023
1436,0.006257000000914559
1437,0.006442799996875692
1438,0.005894999998417916
1439,0.007007200001680758
1440,0.0065524000019649975
1441,0.007729000000836095
1442,0.006594400001631584
1443,0.006881599998450838
1444,0.00696560000142199
1445,0.006573599999683211
1446,0.008156200001394609
1447,0.007274100000358885
1448,0.008163700000295648
1449,0.007029299998976057
1450,0.007901200002379483
1451,0.006421599999157479
1452,0.007329900003242074
1453,0.007017200001428137
1454,0.007959100003063213
1455,0.007858799999667099
1456,0.007893199999671197
1457,0.005970800000795862
1458,0.005893199999263743
1459,0.0084322999973665
1460,0.00650110000060522
1461,0.007837000001018168
1462,0.007000100002187537
1463,0.008392299998376984
1464,0.007813000000169268
1465,0.008621500001027016
1466,0.007732499998382991
1467,0.009681600000476465
1468,0.006693899998936104
1469,0.007901200002379483
1470,0.007690399997954955
1471,0.007323599998926511
1472,0.00600740000299993
1473,0.007640399999218062
1474,0.006537900000694208
1475,0.006275100000493694
1476,0.007143099999666447
1477,0.006399100002454361
1478,0.008639799998491071
1479,0.007298500000615604
1480,0.00836640000125044
1481,0.007754099999147002
1482,0.006923299999471055
1483,0.005942700001469348
1484,0.007758799998555332
1485,0.007623000001331093
1486,0.008476399998471607
1487,0.009703499999886844
1488,0.008796500002063112
1489,0.008417099998041522
1490,0.00709880000067642
1491,0.00595199999952456
1492,0.006874000002426328
1493,0.005993500002659857
1494,0.005926799996814225
1495,0.006993499999225605
1496,0.006637500002398156
1497,0.00814669999817852
1498,0.006738600000971928
1499,0.007763099998555845
1500,0.006812499999796273
1501,0.006877799998619594
1502,0.006018700001732213
1503,0.005913700002565747
1504,0.0065806999991764314
1505,0.005959400001302129
1506,0.006804600001487415
1507,0.006551399997988483
1508,0.0065508000006957445
1509,0.00713750000068103
1510,0.00637540000025183
1511,0.007869400000345195
1512,0.007714300001680385
1513,0.00857950000136043
1514,0.007797100002790103
1515,0.008529999999154825
1516,0.007669499998883111
1517,0.00824819999979809
1518,0.007745899998553796
1519,0.008316900002682814
1520,0.007689500002015848
1521,0.008229099999880418
1522,0.0077488000024459325
1523,0.007884499998908723
1524,0.006529300000693183
1525,0.007981099999597063
1526,0.007144499999412801
1527,0.007502200001908932
1528,0.006414399998902809
1529,0.007052100001601502
1530,0.006791100000555161
1531,0.006242300001758849
1532,0.009409099999174941
1533,0.006764899997506291
1534,0.008222000000387197
1535,0.007033600002614548
1536,0.008696000000782078
1537,0.008278400000563124
1538,0.006864200000563869
1539,0.005948599999101134
1540,0.007345100002567051
1541,0.00775209999846993
1542,0.009117900001001544
1543,0.0067436999997880775
1544,0.0073035999994317535
1545,0.006049499999789987
1546,0.005943599997408455
1547,0.00847779999821796
1548,0.00789499999882537
1549,0.006434799997805385
1550,0.005915800000366289
1551,0.00774950000050012
1552,0.007682100000238279
1553,0.008200600001146086
1554,0.007618100000399863
1555,0.008640599997306708
1556,0.007725000003119931
1557,0.0075196000034338795
1558,0.00595900000189431
1559,0.0062825999993947335
1560,0.007606499999383232
1561,0.007352699998591561
1562,0.008224600001994986
1563,0.008460099998046644
1564,0.006056999998691026
1565,0.0059025999980804045
1566,0.007389700000203447
1567,0.007212700002128258
1568,0.007359400002314942
1569,0.005984100000205217
1570,0.006457899999077199
1571,0.008247200003097532
1572,0.008080399999016663
1573,0.0074088000001211185
1574,0.007325399998080684
1575,0.006373899999744026
1576,0.005911299998842878
1577,0.007340199997997843
1578,0.00720539999747416
1579,0.008065099998930236
1580,0.007697099998040358
1581,0.00786129999687546
1582,0.005981499998597428
1583,0.005953600000793813
1584,0.006647800000791904
1585,0.0059632999982568435
1586,0.007018399999651592
1587,0.007029299998976057
1588,0.008072099997662008
1589,0.0068782999987888616
1590,0.007155800001783064
1591,0.007323399997403612
1592,0.0069860999974480364
1593,0.007387300000118557
1594,0.006911099997523706
1595,0.006703200000629295
1596,0.005945199998677708
1597,0.007171699999162229
1598,0.008648200000607176
1599,0.007337899998674402
1600,0.0068810000011581
1601,0.006956900000659516
1602,0.007910399999673245
1603,0.007391999999526888
1604,0.007058200000756187
1605,0.00651569999899948
1606,0.008338399999047397
1607,0.007800999999744818
1608,0.007987900000443915
1609,0.006784099998185411
1610,0.009703200001240475
1611,0.007711499998549698
1612,0.008812600000965176
1613,0.007934199998999247
1614,0.007524599997850601
1615,0.006607399998756591
1616,0.007378800000878982
1617,0.00627590000294731
1618,0.007635699999809731
1619,0.0065496999995957594
1620,0.007623900000908179
1621,0.0068881000006513204
1622,0.0067009999984293245
1623,0.006873100002849242
1624,0.005942699997831369
1625,0.007426000000123167
1626,0.007489899999200134
1627,0.0073970999983430374
1628,0.0059975000003760215
1629,0.005983999999443768
1630,0.008888100001058774
1631,0.008281499998702202
1632,0.008127299999614479
1633,0.008248499998444458
1634,0.007776400001603179
1635,0.008266400000138674
1636,0.006574399998498848
1637,0.006789700000808807
1638,0.007384399999864399
1639,0.006784599998354679
1640,0.008454700000584126
1641,0.007748600000923034
1642,0.007830100003047846
1643,0.006548399996972876
1644,0.00849720000041998
1645,0.006991100002778694
1646,0.007718900000327267
1647,0.005992499998683343
1648,0.006560600002558203
1649,0.006621299999096664
1650,0.0065198000011150725
1651,0.007538999998359941
1652,0.0065394000012020115
1653,0.007671800001844531
1654,0.006008299998939037
1655,0.007477300001482945
1656,0.008048800002143253
1657,0.00820200000089244
1658,0.007376099998509744
1659,0.008121499999106163
1660,0.006662799998593982
1661,0.006645600002229912
1662,0.008924199999455595
1663,0.00719559999924968
1664,0.00713000000177999
1665,0.006556500000442611
1666,0.008330600001499988
1667,0.0077774000019417144
1668,0.00784399999974994
1669,0.00754159999996773
1670,0.008150499998009764
1671,0.007747799998469418
1672,0.008551799997803755
1673,0.007469299998774659
1674,0.007932900000014342
1675,0.006484900000941707
1676,0.0074720999982673675
1677,0.006487300001026597
1678,0.009800199997698655
1679,0.006694499999866821
1680,0.008079399998678127
1681,0.007725600000412669
1682,0.008578700002544792
1683,0.008079999999608845
1684,0.008500399999320507
1685,0.007879599997977493
1686,0.007857699998567114
1687,0.007779100000334438
1688,0.008239200000389246
1689,0.007364699999016011
1690,0.007351399999606656
1691,0.005965299998933915
1692,0.006498900002043229
1693,0.006337900002108654
1694,0.005897400002140785
1695,0.006707299999106908
1696,0.005944200001977151
1697,0.00641399999949499
1698,0.006197999999130843
1699,0.005900100000872044
1700,0.00739880000037374
1701,0.00758029999997234
1702,0.007265599997481331
1703,0.005924200002482394
1704,0.006025400001817616
1705,0.007087000001774868
1706,0.006514700002298923
1707,0.006773400000383845
1708,0.00594469999850844
1709,0.006986800002778182
1710,0.006720499997754814
1711,0.006374499997036764
1712,0.007735700000921497
1713,0.0066327000022283755
1714,0.008577699998568278
1715,0.007745200000499608
1716,0.007306699997570831
1717,0.006977100001677172
1718,0.007974800002557458
1719,0.007124499999918044
1720,0.007613000001583714
1721,0.005940700000792276
1722,0.006223600001248997
1723,0.007952500000101281
1724,0.007879900000261841
1725,0.006424399998650188
1726,0.005929599999944912
1727,0.008317600000737002
1728,0.008739799999602837
1729,0.008647599999676459
1730,0.008302999998704763
1731,0.007280599998921389
1732,0.006555200001457706
1733,0.007659800001420081
1734,0.006489999999757856
1735,0.00805200000104378
1736,0.007823600000847364
1737,0.008230499999626772
1738,0.006593999998585787
1739,0.007517400001233909
1740,0.006405699998140335
1741,0.006738000000041211
1742,0.006975500000407919
1743,0.006401200000254903
1744,0.007489899999200134
1745,0.0059885000009671785
1746,0.006602299999940442
1747,0.005990399997244822
1748,0.0058976000000257045
1749,0.00883360000079847
1750,0.006521399998746347
1751,0.007840000002033776
1752,0.006493000000773463
1753,0.008085299999947893
1754,0.006621700002142461
1755,0.00727280000137398
1756,0.007422700000461191
1757,0.008083999997325009
1758,0.007290800000191666
1759,0.008105300003080629
1760,0.007416200001898687
1761,0.007780600000842242
1762,0.006646000001637731
1763,0.006517699999676552
1764,0.00749790000190842
1765,0.006567599997651996
1766,0.0077468999988923315
1767,0.007329000000027008
1768,0.007840099999157246
1769,0.007311000001209322
1770,0.008306799998536007
1771,0.006058900002244627
1772,0.006293400001595728
1773,0.006876400002511218
1774,0.006589299999177456
1775,0.008600699999078643
1776,0.007718999997450737
1777,0.008432499998889398
1778,0.007799200000590645
1779,0.006648499998846091
1780,0.005925800000113668
1781,0.006815400000050431
1782,0.005999799999699462
1783,0.00590580000061891
1784,0.006926199999725213
1785,0.005952300001808908
1786,0.007440999997925246
1787,0.0077925000005052425
1788,0.007589799999550451
1789,0.005985200001305202
1790,0.006000699999276549
1791,0.008324499998707324
1792,0.007770100000925595
1793,0.009574899999279296
1794,0.007924500001536217
1795,0.007948200000100769
1796,0.008407400000578491
1797,0.007063900000503054
1798,0.007457699997758027
1799,0.00796029999764869
1800,0.007757900002616225
1801,0.00699470000108704
1802,0.0065948000010394026
1803,0.007223900000099093
1804,0.005988400000205729
1805,0.007486499998776708
1806,0.006405500000255415
1807,0.006805500001064502
1808,0.007971099999849685
1809,0.008013800001208438
1810,0.007040599997708341
1811,0.006901999997353414
1812,0.007760000000416767
1813,0.006998299999395385
1814,0.007703899998887209
1815,0.006990199999563629
1816,0.008448800002952339
1817,0.007419199999276316
1818,0.00892540000131703
1819,0.005962600000202656
1820,0.007329399999434827
1821,0.006657999998424202
1822,0.007749899999907939
1823,0.0074075000011362135
1824,0.008096500001556706
1825,0.007910000000265427
1826,0.00835670000014943
1827,0.0077778999984730035
1828,0.008525400000507943
1829,0.006629700001212768
1830,0.007278299999597948
1831,0.0069884999975329265
1832,0.006684100000711624
1833,0.006727099997078767
1834,0.005936699999438133
1835,0.0072571999990032054
1836,0.007375500001217006
1837,0.0075690999983635265
1838,0.006444299997383496
1839,0.006376799999998184
1840,0.006594399997993605
1841,0.005896700000448618
1842,0.006671399998595007
1843,0.006031800003256649
1844,0.005974899999273475
1845,0.006455300001107389
1846,0.0059469000007084105
1847,0.0073140999993484
1848,0.006568500000867061
1849,0.007591499997943174
1850,0.006492699998489115
1851,0.006692400002066279
1852,0.008136299999023322
1853,0.007731000001513166
1854,0.008457500000076834
1855,0.00788999999713269
1856,0.008341299999301555
1857,0.008213599998271093
1858,0.009050200002093334
1859,0.007596499999635853
1860,0.00603439999758848
1861,0.006004999999277061
1862,0.008082200001808815
1863,0.007322000001295237
1864,0.008201100001315353
1865,0.006999900000664638
1866,0.0073032999971474055
1867,0.00597340000240365
1868,0.007073599997966085
1869,0.006558799999766052
1870,0.00675500000215834
1871,0.006758600000466686
1872,0.005911000000196509
1873,0.007292400001460919
1874,0.006443800000852207
1875,0.00709610000194516
1876,0.006055500001821201
1877,0.005931399999099085
1878,0.007749800002784468
1879,0.00644050000119023
1880,0.007235100001707906
1881,0.006141900001239264
1882,0.0061023999987810384
1883,0.008207900002162205
1884,0.007924500001536217
1885,0.007086199999321252
1886,0.006565499999851454
1887,0.00824569999895175
1888,0.007442099999025231
1889,0.009147000000666594
1890,0.006956299999728799
1891,0.007373700002062833
1892,0.006190500000229804
1893,0.007476499999029329
1894,0.007352300002821721
1895,0.007724900002358481
1896,0.00661739999850397
1897,0.007433900002070004
1898,0.007429299999785144
1899,0.007757399998808978
1900,0.006747699997504242
1901,0.006491299998742761
1902,0.007160099998145597
1903,0.005983800001558848
1904,0.006624300000112271
1905,0.005974800002150005
1906,0.005903100001887651
1907,0.008498899998812703
1908,0.006807000001572305
1909,0.007209199997305404
1910,0.00595439999960945
1911,0.0071882999982335605
1912,0.00661259999833419
1913,0.006973499999730848
1914,0.0067893000014009885
1915,0.00659569999697851
1916,0.007129099998564925
1917,0.006575699997483753
1918,0.007446499999787193
1919,0.0063754999973753
1920,0.0070034000018495135
1921,0.0060260999998718034
1922,0.005947300000116229
1923,0.007126699998480035
1924,0.006341199998132652
1925,0.007989699999598088
1926,0.008163599999534199
1927,0.007825799999409355
1928,0.007805699999153148
1929,0.008261999999376712
1930,0.006528200003231177
1931,0.007439699998940341
1932,0.007276899999851594
1933,0.007004199997027172
1934,0.006466599999839673
1935,0.005989699999190634
1936,0.007652500000403961
1937,0.007793600001605228
1938,0.007969000002049142
1939,0.006410500001948094
1940,0.007917399998405017
1941,0.006988299999648007
1942,0.007225299999845447
1943,0.00713739999991958
1944,0.00723909999942407
1945,0.007171399996877881
1946,0.006986199998209486
1947,0.00843430000168155
1948,0.007716599997365847
1949,0.006990800000494346
1950,0.00593010000011418
1951,0.006565499999851454
1952,0.0059351999989303295
1953,0.0059562000024016015
1954,0.006710199999361066
1955,0.005908099999942351
1956,0.006894099999044556
1957,0.006598299998586299
1958,0.007536299999628682
1959,0.009106599998631282
1960,0.008800799998425646
1961,0.00821679999717162
1962,0.010376400001405273
1963,0.008656299996800954
1964,0.009616100000130245
1965,0.009692199997516582
1966,0.008075400000961963
1967,0.009696599998278543
1968,0.006810499999119202
1969,0.009338299998489674
1970,0.0072791999991750345
1971,0.009436599997570738
1972,0.00806130000273697
1973,0.009227599999576341
1974,0.007649699997273274
1975,0.0088261999990209
1976,0.008483599998726277
1977,0.006730799999786541
1978,0.00651530000322964
1979,0.007609599997522309
1980,0.006378500002028886
1981,0.007140300000173738
1982,0.005991800000629155
1983,0.006945500001165783
1984,0.005978199998935452
1985,0.005914899997151224
1986,0.008691499999258667
1987,0.006420800000341842
1988,0.009093799999391194
1989,0.00791669999671285
1990,0.009487800001807045
1991,0.009089699997275602
1992,0.00806899999952293
1993,0.0069031999992148485
1994,0.008300600002257852
1995,0.009084799999982351
1996,0.007594499998958781
1997,0.00839599999744678
1998,0.007446499999787193
1999,0.008701600003405474
2000,0.006576599997060839
2001,0.007792700002028141
2002,0.006642400003329385
2003,0.0062140000009094365
2004,0.007949599999847123
2005,0.005937099998845952
2006,0.008031100001971936
2007,0.007061000000248896
2008,0.008251999999629334
2009,0.0060455000020738225
2010,0.007581000001664506
2011,0.007231999999930849
2012,0.008086300000286428
2013,0.006822799998190021
2014,0.0063681999999971595
2015,0.007528599999204744
2016,0.00595420000172453
2017,0.007641299998795148
2018,0.0060088999998697545
2019,0.007778099999995902
2020,0.007061600001179613
2021,0.007902900000772206
2022,0.006300099998043152
2023,0.005901900000026217
2024,0.010289699999702862
2025,0.008263600000645965
2026,0.008778600000368897
2027,0.009217000002536224
2028,0.007883800000854535
2029,0.00909719999981462
2030,0.007328899999265559
2031,0.009576799999194918
2032,0.007392499999696156
2033,0.009242799998901319
2034,0.007893499998317566
2035,0.0084342000009201
2036,0.006279099998209858
2037,0.007908999999926891
2038,0.006034699999872828
2039,0.007931200001621619
2040,0.007077599999320228
2041,0.009160699999483768
2042,0.007885400002123788
2043,0.00822619999962626
2044,0.0060252999974181876
2045,0.007441499998094514
2046,0.008215599998948164
2047,0.00889140000072075
2048,0.006662399999186164
2049,0.008260500002506888
2050,0.008543799998733448
2051,0.008174800001143012
2052,0.00775910000083968
2053,0.008992999999463791
2054,0.006685699998342898
2055,0.008403300002100877
2056,0.00669979999656789
2057,0.007748099997115787
2058,0.007029600001260405
2059,0.006553600000188453
2060,0.008447699998214375
2061,0.007308600001124432
2062,0.008719000001292443
2063,0.00883359999716049
2064,0.007092899999406654
2065,0.007118800000171177
2066,0.007540200000221375
2067,0.006749200001650024
2068,0.007418799999868497
2069,0.005945900000369875
2070,0.007945099998323712
2071,0.006389799997123191
2072,0.007951599996886216
2073,0.005969400001049507
2074,0.00627370000074734
2075,0.007089900002029026
2076,0.006528500001877546
2077,0.008633000001282198
2078,0.0064835000011953525
2079,0.008266699998785043
2080,0.006393800002115313
2081,0.008087199999863515
2082,0.006585900002392009
2083,0.008239599999797065
2084,0.007235100001707906
2085,0.0090079000001424
2086,0.006505299999844283
2087,0.008207999999285676
2088,0.006102300001657568
2089,0.006238899997697445
2090,0.007376600002316991
2091,0.005973399998765672
2092,0.009331699999165721
2093,0.008689900001627393
2094,0.017609599999559578
2095,0.019211399998312118
2096,0.02867350000087754
2097,0.020401400000991998
2098,0.006631299998844042
2099,0.009112800002185395
2100,0.007121499998902436
2101,0.008699800000613322
2102,0.0073855000009643845
2103,0.008014900002308423
2104,0.005935599998338148
2105,0.008076200003415579
2106,0.008695000000443542
2107,0.00951609999901848
2108,0.007840700000087963
2109,0.0086568000006082
2110,0.006503900000097929
2111,0.008148099997924874
2112,0.005970800000795862
2113,0.008256999997684034
2114,0.007359100000030594
2115,0.008953100001235725
2116,0.0071233999988180585
2117,0.008454599999822676
2118,0.0070234999984677415
2119,0.008626800001366064
2120,0.006582499998330604
2121,0.008111799998005154
2122,0.00604630000088946
2123,0.006207299997186055
2124,0.006891000000905478
2125,0.005955199998425087
2126,0.008709199999429984
2127,0.00764550000167219
2128,0.007680299997446127
2129,0.006530599999678088
2130,0.007892600002378458
2131,0.006327399998554029
2132,0.007271000002219807
2133,0.007780700001603691
2134,0.007712400001764763
2135,0.005968499997834442
2136,0.005920999999943888
2137,0.007840499998565065
2138,0.0066699999988486525
2139,0.007947500002046581
2140,0.007815600001777057
2141,0.007180699998571072
2142,0.005941999999777181
2143,0.006436400002712617
2144,0.006191899999976158
2145,0.005911799999012146
2146,0.007024399998044828
2147,0.007004500002949499
2148,0.007691200000408571
2149,0.007624099998793099
2150,0.009589500001311535
2151,0.00810500000079628
2152,0.009509899999102345
2153,0.007378800000878982
2154,0.007845399999496294
2155,0.006625800000620075
2156,0.007586100000480656
2157,0.006546500000695232
2158,0.007398099998681573
2159,0.006545000000187429
2160,0.006477900002209935
2161,0.008115500000712927
2162,0.007530899998528184
2163,0.008677800000441493
2164,0.007774699999572476
2165,0.007977400000527268
2166,0.00748119999843766
2167,0.008646799997222843
2168,0.008256199998868397
2169,0.008322400000906782
2170,0.007112199997209245
2171,0.0069911999999021646
2172,0.006611299999349285
2173,0.00798459999714396
2174,0.007047300001431722
2175,0.006930300001840806
2176,0.005923499997152248
2177,0.006919499999639811
2178,0.006778399998438545
2179,0.007053599998471327
2180,0.006686199998512166
2181,0.0066703000011330005
2182,0.007559900001069764
2183,0.006328399998892564
2184,0.007523100000980776
2185,0.006424300001526717
2186,0.007055800000671297
2187,0.0070744000004197005
2188,0.007111300001270138
2189,0.007488900002499577
2190,0.0065402000000176486
2191,0.007388800000626361
2192,0.006369599999743514
2193,0.007324999998672865
2194,0.007018300002528122
2195,0.007873399998061359
2196,0.007760099997540237
2197,0.007589100001496263
2198,0.005954000000201631
2199,0.005907099999603815
2200,0.007515799999964656
2201,0.0073219000005337875
2202,0.007366599998931633
2203,0.006003099999361439
2204,0.006504200002382277
2205,0.0071494000003440306
2206,0.007131600003049243
2207,0.006965399999899091
2208,0.006495499997981824
2209,0.007844800002203556
2210,0.007005399998888606
2211,0.006962300001760013
2212,0.0059445000006235205
2213,0.006419600002118386
2214,0.007683599997108104
2215,0.0074838000000454485
2216,0.007041400000161957
2217,0.006489300001703668
2218,0.007208800001535565
2219,0.006542999999510357
2220,0.008751699999265838
2221,0.006662400002824143
2222,0.007716899999650195
2223,0.007791399999405257
2224,0.00838339999972959
2225,0.007076299996697344
2226,0.007895099999586819
2227,0.006411499998648651
2228,0.006432099999074126
2229,0.007805899997038068
2230,0.0069887999998172745
2231,0.00715209999907529
2232,0.006262099999730708
2233,0.007308300002478063
2234,0.0063828000020293985
2235,0.007618299998284783
2236,0.008225900000979891
2237,0.00760689999879105
2238,0.006574699997145217
2239,0.007095000000845175
2240,0.007830099999409867
2241,0.007335300000704592
2242,0.00834949999989476
2243,0.007907600000180537
2244,0.008038800002395874
2245,0.008101100000203587
2246,0.007558099998277612
2247,0.007413199997245101
2248,0.008124899999529589
2249,0.007831299997633323
2250,0.007907500003057066
2251,0.007785899997543311
2252,0.006129100001999177
2253,0.005979300000035437
2254,0.007361099997069687
2255,0.006564499999512918
2256,0.008268500001577195
2257,0.005966900000203168
2258,0.0060288000022410415
2259,0.006566799998836359
2260,0.005915600002481369
2261,0.007112600000255043
2262,0.006680700000288198
2263,0.007314599999517668
2264,0.006456099999923026
2265,0.006349900002533104
2266,0.007404800002404954
2267,0.0065381000022171065
2268,0.008061200001975521
2269,0.006614900001295609
2270,0.006786800000554649
2271,0.005945599998085527
2272,0.005965300002571894
2273,0.007699900001171045
2274,0.006352899999910733
2275,0.007271099999343278
2276,0.0059951000002911314
2277,0.006393100000423146
2278,0.007724099999904865
2279,0.006891599998198217
2280,0.006238500001927605
2281,0.00594959999943967
2282,0.0068938999975216575
2283,0.006025300001056166
2284,0.0062902999998186715
2285,0.007823800002370263
2286,0.007412899998598732
2287,0.008795199999440229
2288,0.008663900000101421
2289,0.008552299997973023
2290,0.008481699998810655
2291,0.007811499999661464
2292,0.008744400001887698
2293,0.007780199997796444
2294,0.008461499997792998
2295,0.007757700001093326
2296,0.008268199999292847
2297,0.00725360000069486
2298,0.007919399999082088
2299,0.00704559999940102
2300,0.008724200000870042
2301,0.007842300001357216
2302,0.007901799999672221
2303,0.006645299999945564
2304,0.0078031000011833385
2305,0.0065683000029821415
2306,0.007079099999828031
2307,0.00632699999914621
2308,0.005916800000704825
2309,0.006896499999129446
2310,0.006647100002737716
2311,0.007146100000682054
2312,0.005988599998090649
2313,0.005906499998673098
2314,0.007998400000360562
2315,0.007519599999795901
2316,0.007862200000090525
2317,0.007690900001762202
2318,0.008662899999762885
2319,0.007825699998647906
2320,0.008330899996508379
2321,0.007677200002945028
2322,0.008697400000528432
2323,0.007755400001769885
2324,0.007052299999486422
2325,0.005939099999523023
2326,0.007278799999767216
2327,0.00731400000222493
2328,0.007789200000843266
2329,0.007380700000794604
2330,0.00829410000005737
2331,0.007232799998746486
2332,0.007598800002597272
2333,0.005970800000795862
2334,0.005895499998587184
2335,0.006657800000539282
2336,0.005919300001551164
2337,0.006844100000307662
2338,0.0070381000004999805
2339,0.006656900000962196
2340,0.007135399999242509
2341,0.006068899998354027
2342,0.006627499999012798
2343,0.005951300001470372
2344,0.005979300000035437
2345,0.007717600001342362
2346,0.0069924999988870695
2347,0.008380600000236882
2348,0.007658999998966465
2349,0.007029600001260405
2350,0.005909999999857973
2351,0.006680400001641829
2352,0.005991300000459887
2353,0.006032299999787938
2354,0.007856500000343658
2355,0.00689559999955236
2356,0.007036099999822909
2357,0.005970599999272963
2358,0.0073977000029117335
2359,0.008389499998884276
2360,0.008181500001228414
2361,0.007335499998589512
2362,0.008096800000203075
2363,0.007426000000123167
2364,0.008230200000980403
2365,0.006966500000999076
2366,0.0078585999981442
2367,0.008601599998655729
2368,0.007567399999970803
2369,0.007666500001505483
2370,0.008620100001280662
2371,0.0065015000000130385
2372,0.006998900000326103
2373,0.006396500000846572
2374,0.006057200000213925
2375,0.007226600002468331
2376,0.00632959999711602
2377,0.0074438000010559335
2378,0.006918499999301275
2379,0.0071739999984856695
2380,0.007608899999468122
2381,0.007396799999696668
2382,0.006715499999700114
2383,0.006465099999331869
2384,0.007125199997972231
2385,0.006079999999201391
2386,0.006969399997615255
2387,0.0067453000010573305
2388,0.0067710000002989545
2389,0.006962700001167832
2390,0.006152099998871563
2391,0.007552299997769296
2392,0.0065418000012869015
2393,0.0073671999998623505
2394,0.006587300002138363
2395,0.007459000000380911
2396,0.006958899997698609
2397,0.007421999998769024
2398,0.00695849999829079
2399,0.006475400001363596
2400,0.007351500000368105
2401,0.006527200002892641
2402,0.0082866999982798
2403,0.007410799997160211
2404,0.008290599998872494
2405,0.007553200000984361
2406,0.007279299999936484
2407,0.006097999998019077
2408,0.006319899999652989
2409,0.007237499998154817
2410,0.006871199999295641
2411,0.008146000000124332
2412,0.007321199998841621
2413,0.007584700000734301
2414,0.006496099998912541
2415,0.007460799999535084
2416,0.006478999999671942
2417,0.007569299999886425
2418,0.006182799999805866
2419,0.0060778000006393995
2420,0.007505600002332358
2421,0.006887499999720603
2422,0.007770899999741232
2423,0.00692459999845596
2424,0.008099099999526516
2425,0.006741000001056818
2426,0.007731600002443884
2427,0.006502699998236494
2428,0.006681099999696016
2429,0.00811009999961243
2430,0.008567900000343798
2431,0.007999499997822568
2432,0.00857239999822923
2433,0.009235200002876809
2434,0.007794500001182314
2435,0.006054299999959767
2436,0.006952899999305373
2437,0.006785999998101033
2438,0.006935000001249136
2439,0.006457100000261562
2440,0.006069399998523295
2441,0.007614900001499336
2442,0.007039599997369805
2443,0.007711500002187677
2444,0.007061799999064533
2445,0.007506000001740176
2446,0.007063900000503054
2447,0.007083000000420725
2448,0.006190500000229804
2449,0.0059445000006235205
2450,0.007510500003263587
2451,0.007677599998714868
2452,0.0075267000029271
2453,0.008266599998023594
2454,0.008381599996937439
2455,0.007511300002079224
2456,0.008682499999849824
2457,0.008292599999549566
2458,0.008689399997820146
2459,0.008352400000148918
2460,0.007532399999035988
2461,0.007331299999350449
2462,0.008609299999079667
2463,0.008566500000597443
2464,0.008992099999886705
2465,0.008921000000555068
2466,0.007511000003432855
2467,0.00748599999860744
2468,0.007906200000434183
2469,0.006383399999322137
2470,0.0075980000001436565
2471,0.007316799998079659
2472,0.00682299999971292
2473,0.005912799999350682
2474,0.006717700001900084
2475,0.007359100000030594
2476,0.007834800002456177
2477,0.005990000001474982
2478,0.005887999999686144
2479,0.007661999999982072
2480,0.00852619999932358
2481,0.00874860000112676
2482,0.007818800000677584
2483,0.0066842999985965434
2484,0.0059456000017235056
2485,0.007155499999498716
2486,0.008187899999029469
2487,0.008597000000008848
2488,0.007679500002268469
2489,0.008492799999658018
2490,0.009064400001079775
2491,0.007498499999201158
2492,0.006199400002515176
2493,0.007096199999068631
2494,0.009040299999469426
2495,0.008622800000011921
2496,0.0093416999989131
2497,0.008927200000471203
2498,0.008337199997185962
2499,0.008840599999530241
2500,0.008363000000827014
2501,0.006462899997131899
2502,0.005942199997662101
2503,0.00738650000130292
2504,0.00782200000321609
2505,0.008746999999857508
2506,0.008515299999999115
2507,0.008962200001406018
2508,0.00859879999916302
2509,0.00855760000195005
2510,0.007799300001352094
2511,0.008791000000201166
2512,0.008898699998098891
2513,0.0073578999981691595
2514,0.005987599997752113
2515,0.006452300000091782
2516,0.005914999997912673
2517,0.007440299999871058
2518,0.00855510000110371
2519,0.008977299999969546
2520,0.008571799997298513
2521,0.008112200001050951
2522,0.0078825999989931
2523,0.008898100000806153
2524,0.006969099998968886
2525,0.00759950000065146
2526,0.007329700001719175
2527,0.0084223000012571
2528,0.008542699997633463
2529,0.008106399996904656
2530,0.00768679999964661
2531,0.0070250999997369945
2532,0.006194599998707417
2533,0.007335000002058223
2534,0.007657200003450271
2535,0.008127400000375928
2536,0.007716500000242377
2537,0.008420099999057129
2538,0.008184800000890391
2539,0.009022999998705927
2540,0.008586500000092201
2541,0.009125199998379685
2542,0.0090128999981971
2543,0.00809089999893331
2544,0.007808300000760937
2545,0.007852300001104595
2546,0.007809700000507291
2547,0.006430600002204301
2548,0.0062127000019245315
2549,0.0076555000014195684
2550,0.007677600002352847
2551,0.008142099999531638
2552,0.007694299998547649
2553,0.007510600000387058
2554,0.006195500001922483
2555,0.007359300001553493
2556,0.009301099998992868
2557,0.008517899997968925
2558,0.007061299998895265
2559,0.007767099999909988
2560,0.007071399999404093
2561,0.007119599998986814
2562,0.00795500000094762
2563,0.00780299999678391
2564,0.008701299997483147
2565,0.008089200000540586
2566,0.008251900002505863
2567,0.008502900000166846
2568,0.008692299998074304
2569,0.0083158999987063
2570,0.007319899999856716
2571,0.008193300000129966
2572,0.007808800000930205
2573,0.008627399998658802
2574,0.008602000001701526
2575,0.008856999997078674
2576,0.008655099998577498
2577,0.006698299999698065
2578,0.005926400001044385
2579,0.0067013000007136725
2580,0.005960599999525584
2581,0.0059049999981652945
2582,0.0077543000006699
2583,0.007306300001800992
2584,0.006732899997587083
2585,0.006050799998774892
2586,0.006742199999280274
2587,0.006207499998708954
2588,0.00618199999735225
2589,0.008262100000138162
2590,0.008551800001441734
2591,0.008734099999855971
2592,0.008717600001546089
2593,0.008987799999886192
2594,0.009079800001927651
2595,0.008239999999204883
2596,0.007972600000357488
2597,0.006232399999134941
2598,0.006851400001323782
2599,0.006289400000241585
2600,0.006168500000057975
2601,0.007750500000838656
2602,0.007714899998973124
2603,0.008086900001217145
2604,0.007704299998295028
2605,0.008994600000733044
2606,0.009335700000519864
2607,0.006710200002999045
2608,0.006175000002258457
2609,0.008027200001379242
2610,0.008201600001484621
2611,0.007448100001056446
2612,0.00629309999931138
2613,0.007524299999204231
2614,0.009025300001667347
2615,0.007804400000168243
2616,0.006176499999128282
2617,0.007220299998152768
2618,0.008567900000343798
2619,0.00832520000039949
2620,0.007431800000631483
2621,0.007507800000894349
2622,0.006002599999192171
2623,0.0059771000014734454
2624,0.007451500001479872
2625,0.00735500000155298
2626,0.0089616000004753
2627,0.006944200002180878
2628,0.008606400002463488
2629,0.009159000001091044
2630,0.007842800001526484
2631,0.006197200000315206
2632,0.007785300000250572
2633,0.006187899998622015
2634,0.007934099998237798
2635,0.009025900002598064
2636,0.00925699999788776
2637,0.009016600000904873
2638,0.009332199999334989
2639,0.009647499999118736
2640,0.00881899999876623
2641,0.009064300000318326
2642,0.008621699998911936
2643,0.008077099999354687
2644,0.007362600001215469
2645,0.007603499998367624
2646,0.007368200000200886
2647,0.008527999998477753
2648,0.007764800000586547
2649,0.00893030000224826
2650,0.008612499997980194
2651,0.008617100000265054
2652,0.007962100000440842
2653,0.008475000002363231
2654,0.00827430000208551
2655,0.0077664000018558
2656,0.007945499997731531
2657,0.008300299999973504
2658,0.008704600000783103
2659,0.008988699999463279
2660,0.009359499999845866
2661,0.008963399999629473
2662,0.008805999998003244
2663,0.008134899999276968
2664,0.008805400000710506
2665,0.008696200002304977
2666,0.009056800001417287
2667,0.007975700002134545
2668,0.008251599996583536
2669,0.00879949999944074
2670,0.00898639999650186
2671,0.007826100001693703
2672,0.006207499998708954
2673,0.0066217999992659315
2674,0.00828699999692617
2675,0.008890400000382215
2676,0.009293999999499647
2677,0.008290400000987574
2678,0.007399300000543008
2679,0.00838360000125249
2680,0.008636500002467074
2681,0.008953199998359196
2682,0.00859879999916302
2683,0.008572800001275027
2684,0.008123900002829032
2685,0.0097408000001451
2686,0.008429000001342501
2687,0.008567199998651631
2688,0.00865949999933946
2689,0.007946699999592965
2690,0.008365200003026985
2691,0.008130099999107188
2692,0.006917899998370558
2693,0.007354100001975894
2694,0.007662700001674239
2695,0.006168200001411606
2696,0.006170900000142865
2697,0.008395299999392591
2698,0.00900299999921117
2699,0.008250899998529349
2700,0.007520299997850088
2701,0.009105900000577094
2702,0.008678499998495681
2703,0.0076848999997309875
2704,0.007843400002457201
2705,0.0062319999997271225
2706,0.006171000000904314
2707,0.0077078999966033734
2708,0.007662399999389891
2709,0.008160599998518592
2710,0.007691199996770592
2711,0.008009299999685027
2712,0.00765990000218153
2713,0.007523700001911493
2714,0.006225500001164619
2715,0.00710590000016964
2716,0.008200000000215368
2717,0.008778499999607448
2718,0.00894250000055763
2719,0.00780049999957555
2720,0.006226299999980256
2721,0.0070401999983005226
2722,0.008236599998781458
2723,0.008599200002208818
2724,0.0076962999992247205
2725,0.008469000000332016
2726,0.008485400001518428
2727,0.011317799999233102
2728,0.008386400000745198
2729,0.010298999997758074
2730,0.008566699998482363
2731,0.006228700000065146
2732,0.0063652999997430015
2733,0.008835099997668294
2734,0.00932939999984228
2735,0.008968300000560703
2736,0.009209499999997206
2737,0.009620100001484388
2738,0.010050100001535611
2739,0.00901019999946584
2740,0.006210400002601091
2741,0.006183999998029321
2742,0.007700899997871602
2743,0.00774470000033034
2744,0.0073035999994317535
2745,0.0061840000016673
2746,0.007430900001054397
2747,0.007697400000324706
2748,0.008677300000272226
2749,0.009368999999423977
2750,0.008590099998400547
2751,0.00776400000177091
2752,0.009042300000146497
2753,0.00860119999924791
2754,0.011162200000399025
2755,0.009708699999464443
2756,0.009385599998495309
2757,0.00905159999820171
2758,0.009720400001242524
2759,0.009504099998594029
2760,0.008783799999946496
2761,0.006592999998247251
2762,0.00727779999942868
2763,0.0081123000018124
2764,0.008943500000896165
2765,0.009284499999921536
2766,0.009132099999987986
2767,0.009065300000656862
2768,0.00981349999710801
2769,0.00945069999943371
2770,0.009000900001410628
2771,0.008730199999263277
2772,0.007714499999565305
2773,0.008167899999534711
2774,0.0076535999978659675
2775,0.007386000001133652
2776,0.006221100000402657
2777,0.006350300001940923
2778,0.0064526999994996
2779,0.006192500000906875
2780,0.008237800000642892
2781,0.007704900002863724
2782,0.007090200000675395
2783,0.006202700002177153
2784,0.007017500000074506
2785,0.009071199998288648
2786,0.008422699997026939
2787,0.006207800000993302
2788,0.006400400001439266
2789,0.008286000000225613
2790,0.008737799998925766
2791,0.008529499998985557
2792,0.011275000000750879
2793,0.009435399999347283
2794,0.00853590000042459
2795,0.00788720000127796
2796,0.007792399999743793
2797,0.0077794999997422565
2798,0.009060299998964183
2799,0.009223900000506546
2800,0.008996000000479398
2801,0.008949800001573749
2802,0.00897659999827738
2803,0.009057900002517272
2804,0.009064100002433406
2805,0.009077200000319863
2806,0.009012000002257992
2807,0.007699599998886697
2808,0.008573600000090664
2809,0.007994999999937136
2810,0.008335599999554688
2811,0.0077181999986351
2812,0.00862339999730466
2813,0.0077485000001615845
2814,0.0077954000007594
2815,0.0062319999997271225
2816,0.006890900000144029
2817,0.009049200001754798
2818,0.009152799997536931
2819,0.008963699998275843
2820,0.00935620000018389
2821,0.009089299997867784
2822,0.006872700003441423
2823,0.006195899997692322
2824,0.007939200000691926
2825,0.00897130000157631
2826,0.009219799998390954
2827,0.009373400000185939
2828,0.006316499999229563
2829,0.006685299998935079
2830,0.009502299999439856
2831,0.008701300001121126
2832,0.009067300001333933
2833,0.008229499999288237
2834,0.007710300000326242
2835,0.04573560000062571
2836,0.01736499999969965
2837,0.009031699999468401
2838,0.009028399999806425
2839,0.008510600000590784
2840,0.0065651000004436355
2841,0.006861099998786813
2842,0.008263299998361617
2843,0.008716899999853922
2844,0.010123800002475036
2845,0.00977219999913359
2846,0.009508900002401788
2847,0.008698100002220599
2848,0.008259199999884004
2849,0.008575299998483388
2850,0.008916399998270208
2851,0.008972300001914846
2852,0.009061299999302719
2853,0.00890379999691504
2854,0.009190499997203005
2855,0.009040700002515223
2856,0.007782500000757864
2857,0.008052700002735946
2858,0.00907809999989695
2859,0.009197700001095654
2860,0.007715800002188189
2861,0.00822639999751118
2862,0.0077138000015111174
2863,0.008790500000031898
2864,0.00633160000143107
2865,0.0073945000003732275
2866,0.009195500002533663
2867,0.009360000000015134
2868,0.007746100000076694
2869,0.007911900000181049
2870,0.007669299997360213
2871,0.008110599999781698
2872,0.0076535999978659675
2873,0.00877059999766061
2874,0.0082408000016585
2875,0.008774600002652733
2876,0.008523000000423053
2877,0.008751999997912208
2878,0.008747600000788225
2879,0.007789400002366165
2880,0.007902900000772206
2881,0.008576500000344822
2882,0.0070223999973677564
2883,0.007759000000078231
2884,0.007931699998152908
2885,0.006311499997536885
2886,0.006221799998456845
2887,0.00680350000038743
2888,0.006212599997525103
2889,0.007366499998170184
2890,0.008959899998444598
2891,0.008827099998597987
2892,0.007522599997173529
2893,0.007470199998351745
2894,0.0077701999980490655
2895,0.008200000000215368
2896,0.00773250000202097
2897,0.008363199998711934
2898,0.007637300001078984
2899,0.00819460000275285
2900,0.00772309999956633
2901,0.008256400000391295
2902,0.00963659999979427
2903,0.008275300002424046
2904,0.007773699999233941
2905,0.008937900001910748
2906,0.008658900002046721
2907,0.008715899999515386
2908,0.008919899999455083
2909,0.006223500000487547
2910,0.0061680999970121775
2911,0.008660700001200894
2912,0.009020499997859588
2913,0.008609999997133855
2914,0.00881909999952768
2915,0.008600900000601541
2916,0.008766700000705896
2917,0.008440400000836235
2918,0.00827460000073188
2919,0.007690899998124223
2920,0.007529999998951098
2921,0.006223799999133917
2922,0.006556299998919712
2923,0.007815799999661976
2924,0.006205799996678252
2925,0.009032899997691857
2926,0.009352699998999014
2927,0.009498200000962242
2928,0.009321300000010524
2929,0.009006500000396045
2930,0.009358200000860961
2931,0.009243000000424217
2932,0.007775400001264643
2933,0.0077354999993985984
2934,0.00653720000264002
2935,0.0062026000014157034
2936,0.0077908999992359895
2937,0.007693300001847092
2938,0.00892559999920195
2939,0.008951100000558654
2940,0.009761999997863313
2941,0.009819499999139225
2942,0.009240899998985697
2943,0.009010500001750188
2944,0.009288199998991331
2945,0.007875900002545677
2946,0.0070304000000760425
2947,0.009067899998626672
2948,0.009464799997658702
2949,0.009904600003210362
2950,0.009994100000767503
2951,0.009775999998964835
2952,0.010625999999319902
2953,0.009892500002024462
2954,0.008979900001577334
2955,0.009818700000323588
2956,0.010223599998425925
2957,0.009963199998310301
2958,0.011190900000656256
2959,0.010048899999674177
2960,0.008901799999875948
2961,0.010022099999332568
2962,0.01004540000212728
2963,0.009468600001127925
2964,0.009040900000400143
2965,0.007048499999655178
2966,0.00706259999788017
2967,0.00959829999919748
2968,0.010387199999968288
2969,0.011963499997364124
2970,0.009662300002673874
2971,0.008443599999736762
2972,0.009948499999154592
2973,0.010185400002228562
2974,0.009171100002276944
2975,0.009605100000044331
2976,0.009988400001020636
2977,0.008479000000079395
2978,0.010261499999614898
2979,0.01110770000013872
2980,0.009761600002093473
2981,0.010643699999491218
2982,0.01132290000168723
2983,0.00899310000022524
2984,0.009767799998371629
2985,0.010017399999924237
2986,0.007730299999821
2987,0.008048399999097455
2988,0.007614900001499336
2989,0.008365599998796824
2990,0.008616499999334337
2991,0.009627099996578181
2992,0.008555699998396449
2993,0.010696299999835901
2994,0.011345900002197595
2995,0.010894099999859463
2996,0.011143799998535542
2997,0.011032000002160203
2998,0.008709400000952883
2999,0.009088300001167227
3000,0.008187000003090361
3001,0.008840599999530241
3002,0.008141099999193102
3003,0.008559400001104223
3004,0.009008299999550218
3005,0.008185599999706028
3006,0.009067499999218853
3007,0.009617299998353701
3008,0.008803600001556333
3009,0.007328399999096291
3010,0.009750099998200312
3011,0.010101600000780309
3012,0.008385500001168111
3013,0.008672299998579547
3014,0.009910600001603598
3015,0.009546199999022065
3016,0.008714499999769032
3017,0.01159419999748934
3018,0.00969980000081705
3019,0.008194000001822133
3020,0.010063400000944966
3021,0.009768100000655977
3022,0.009066299997357419
3023,0.007972499999596039
3024,0.0066520000000309665
3025,0.006876999999803957
3026,0.009759900000062771
3027,0.009374600002047373
3028,0.007239599999593338
3029,0.008527199999662116
3030,0.009897500000079162
3031,0.011797700000897748
3032,0.012157899996964261
3033,0.011730700000043726
3034,0.009173900001769653
3035,0.009925800000928575
3036,0.009990700000344077
3037,0.00819480000063777
3038,0.00773010000193608
3039,0.007625199999893084
3040,0.006961600000067847
3041,0.010132200000953162
3042,0.010522000000491971
3043,0.009950899999239482
3044,0.010196600000199396
3045,0.009986900000512833
3046,0.007265899999765679
3047,0.007030299999314593
3048,0.00689060000149766
3049,0.00680830000055721
3050,0.009085400000913069
3051,0.008955600002082065
3052,0.011171000001922948
3053,0.010238300001219613
3054,0.009105199998884927
3055,0.008887500000128057
3056,0.009427699998923345
3057,0.009028299999044975
3058,0.010964099998091115
3059,0.008527600002707914
3060,0.009162199999991572
3061,0.009887299998808885
3062,0.009514800000033574
3063,0.008254700001998572
3064,0.006631399999605492
3065,0.008817199999612058
3066,0.008976699999038829
3067,0.009362500000861473
3068,0.009407400000782218
3069,0.00949140000011539
3070,0.009059100000740727
3071,0.0071494000003440306
3072,0.008474099999148166
3073,0.008704100000613835
3074,0.00914329999795882
3075,0.00870079999731388
3076,0.009358999999676598
3077,0.007254199997987598
3078,0.009183199999824865
3079,0.009381500000017695
3080,0.008699499998328974
3081,0.010167399999772897
3082,0.009546699999191333
3083,0.009715299998788396
3084,0.00990530000126455
3085,0.009525600002234569
3086,0.009569699999701697
3087,0.007820799997716676
3088,0.008185799997590948
3089,0.007535400000051595
3090,0.011526700000104029
3091,0.0110233999985212
3092,0.00933959999747458
3093,0.010315200001059566
3094,0.01023699999859673
3095,0.008360799998627044
3096,0.00951800000257208
3097,0.009038799998961622
3098,0.009689200000138953
3099,0.009710000002087327
3100,0.009536199999274686
3101,0.009449600001971703
3102,0.008111899998766603
3103,0.010361900000134483
3104,0.010025899999163812
3105,0.009568800000124611
3106,0.010874999999941792
3107,0.011056700001063291
3108,0.010487799998372793
3109,0.012565900000481633
3110,0.010447900000144728
3111,0.009998599998652935
3112,0.010469500000908738
3113,0.010568699999566888
3114,0.011059299999033101
3115,0.008169699998688884
3116,0.007192400000349153
3117,0.00860340000144788
3118,0.008148400000209222
3119,0.00984969999990426
3120,0.009470899996813387
3121,0.007085500001267064
3122,0.008140699999785284
3123,0.008984899999632034
3124,0.009830599999986589
3125,0.009003499999380438
3126,0.009874499999568798
3127,0.009751500001584645
3128,0.00947699999960605
3129,0.010055700000521028
3130,0.009531499999866355
3131,0.0072738999988359865
3132,0.007150800000090385
3133,0.011182400001416681
3134,0.010100100000272505
3135,0.00861119999899529
3136,0.009701499999209773
3137,0.009360500000184402
3138,0.006707499996991828
3139,0.006579799999599345
3140,0.010001000002375804
3141,0.011782399997173343
3142,0.009704199997941032
3143,0.013395000001764856
3144,0.010396700003184378
3145,0.008909000000130618
3146,0.010234500001388369
3147,0.009653900000557769
3148,0.007440599998517428
3149,0.008737799998925766
3150,0.00850440000067465
3151,0.008793900000455324
3152,0.007087200003297767
3153,0.009212199998728465
3154,0.009202599998388905
3155,0.009195000002364395
3156,0.008732599999348167
3157,0.006806100001995219
3158,0.007991099999344442
3159,0.006889000000228407
3160,0.008333000001584878
3161,0.011217300001590047
3162,0.010001700000429992
3163,0.010171099998842692
3164,0.00859889999992447
3165,0.008659099999931641
3166,0.007405000000289874
3167,0.008491000000503846
3168,0.009828599999309517
3169,0.008381799998460338
3170,0.008132799997838447
3171,0.009805899997445522
3172,0.009096600002521882
3173,0.009520199997496093
3174,0.009682500000053551
3175,0.00950360000206274
3176,0.01015670000197133
3177,0.009390499999426538
3178,0.010210899999947287
3179,0.0099515000001702
3180,0.00904150000133086
3181,0.009756800001923693
3182,0.010008200002630474
3183,0.008094699998764554
3184,0.008484199999656994
3185,0.007056300000840565
3186,0.008034600003156811
3187,0.007122000002709683
3188,0.009100399998715147
3189,0.009660100000473903
3190,0.010036700001364807
3191,0.009631500000978122
3192,0.008130499998515006
3193,0.008087499998509884
3194,0.009555000000545988
3195,0.00877030000265222
3196,0.007029299998976057
3197,0.007721800000581425
3198,0.009078899998712586
3199,0.011746899999707239
3200,0.010278600002493476
3201,0.00705510000261711
3202,0.008217200000217417
3203,0.00866169999790145
3204,0.00984239999888814
3205,0.0089786999997159
3206,0.00951110000096378
3207,0.009101499999815132
3208,0.008210899999539834
3209,0.008987000001070555
3210,0.008146100000885781
3211,0.008924999998271232
3212,0.008086100002401508
3213,0.009647899998526555
3214,0.009245900000678375
3215,0.009768600000825245
3216,0.009848300000157906
3217,0.010632699999405304
3218,0.009694300002593081
3219,0.009539399998175213
3220,0.0070434000008390285
3221,0.007310599998163525
3222,0.008395000000746222
3223,0.008821299998089671
3224,0.010470499997609295
3225,0.009180299999570707
3226,0.008506100002705352
3227,0.009084899997105822
3228,0.008723099999770056
3229,0.009706100001494633
3230,0.00937030000204686
3231,0.009430599999177502
3232,0.009684099997684825
3233,0.009610699999029748
3234,0.009547800000291318
3235,0.00972899999760557
3236,0.009255699998902855
3237,0.008689099999173777
3238,0.008222000000387197
3239,0.010182199999690056
3240,0.00989800000024843
3241,0.00951590000113356
3242,0.008728600001632003
3243,0.0066157000001112465
3244,0.007635100002516992
3245,0.006569900000613416
3246,0.008374400000320747
3247,0.00947680000172113
3248,0.010274600001139333
3249,0.00991740000245045
3250,0.008412899998802459
3251,0.009796900001674658
3252,0.009867700002359925
3253,0.011402500000258442
3254,0.01058260000354494
3255,0.009328799998911563
3256,0.009904200000164565
3257,0.010026600000855979
3258,0.008183500001905486
3259,0.009051900000486057
3260,0.010537199999816949
3261,0.01032629999826895
3262,0.010131700000783894
3263,0.009442399998079054
3264,0.010431099999550497
3265,0.01015460000053281
3266,0.008155700001225341
3267,0.009203300000081072
3268,0.008539499998732936
3269,0.009818800001085037
3270,0.009582899998349603
3271,0.009636499999032822
3272,0.009725700001581572
3273,0.008621699998911936
3274,0.009755799997947179
3275,0.009076700000150595
3276,0.010514199999306584
3277,0.009696400000393623
3278,0.008696900000359165
3279,0.009110900002269773
3280,0.008143200000631623
3281,0.012245399997482309
3282,0.01018619999740622
3283,0.00998520000212011
3284,0.010097400001541246
3285,0.010649799998645904
3286,0.008580800000345334
3287,0.009693899999547284
3288,0.00936820000060834
3289,0.00788490000195452
3290,0.006833699997514486
3291,0.009219800002028933
3292,0.00811500000054366
3293,0.01033370000004652
3294,0.00988139999753912
3295,0.009485300000960706
3296,0.011270900002273265
3297,0.01017380000121193
3298,0.006853099999716505
3299,0.00796519999857992
3300,0.00943120000010822
3301,0.010418800000479678
3302,0.010075900001538685
3303,0.009947200000169687
3304,0.009814799999730894
3305,0.008517100002791267
3306,0.0106021999999939
3307,0.010255699999106582
3308,0.009474200000113342
3309,0.008855600000970298
3310,0.00956410000071628
3311,0.010404199998447439
3312,0.010605999999825144
3313,0.010170800000196323
3314,0.011258200000156648
3315,0.008919600000808714
3316,0.007012899997789646
3317,0.007785699999658391
3318,0.007055900001432747
3319,0.007437899999786168
3320,0.007460400000127265
3321,0.007238099999085534
3322,0.009226300000591436
3323,0.009147200002189493
3324,0.009912000001349952
3325,0.0105029000005743
3326,0.010131600000022445
3327,0.009140499998466112
3328,0.010197300001891563
3329,0.009446899999602465
3330,0.008752899997489294
3331,0.008120600003167056
3332,0.009691100000054576
3333,0.00971419999768841
3334,0.009429900001123315
3335,0.009710900001664413
3336,0.009172900001431117
3337,0.009835500000917818
3338,0.009912299999996321
3339,0.008966999997937819
3340,0.008203000001230976
3341,0.00701909999770578
3342,0.009602400001313072
3343,0.010550700000749202
3344,0.009591699999873526
3345,0.01016170000002603
3346,0.008207899998524226
3347,0.008737799998925766
3348,0.008094100001471816
3349,0.008157299998856615
3350,0.006957199999305885
3351,0.009754700000485172
3352,0.009634699999878649
3353,0.009043300000485033
3354,0.009139899997535395
3355,0.008110499999020249
3356,0.009078299997781869
3357,0.00812210000003688
3358,0.00910709999880055
3359,0.00850699999864446
3360,0.00930779999907827
3361,0.007732600002782419
3362,0.008450000001175795
3363,0.00885280000147759
3364,0.009978400001273258
3365,0.010614800001349067
3366,0.01029720000224188
3367,0.009545600001729326
3368,0.00984489999973448
3369,0.009623800000554183
3370,0.009200200001941994
3371,0.009484500002145069
3372,0.00946269999985816
3373,0.009213699999236269
3374,0.008076699999946868
3375,0.010605999999825144
3376,0.010108600003150059
3377,0.009546900000714231
3378,0.008488600000418955
3379,0.006568199998582713
3380,0.008336200000485405
3381,0.009429000001546228
3382,0.00823849999869708
3383,0.006586200001038378
3384,0.009131300001172349
3385,0.00837150000006659
3386,0.008246199999121018
3387,0.007316899998841109
3388,0.009596299998520408
3389,0.010389799997938098
3390,0.009877500000584405
3391,0.008956199999374803
3392,0.007028700001683319
3393,0.008107100002234802
3394,0.006925699999555945
3395,0.008938999999372754
3396,0.00929050000195275
3397,0.009342699999251636
3398,0.008985399999801302
3399,0.010027700001955964
3400,0.009924099998897873
3401,0.009050399999978254
3402,0.008405000000493601
3403,0.007312500001717126
3404,0.009534099997836165
3405,0.009842999999818858
3406,0.009912099998473423
3407,0.009681499999715015
3408,0.008487900002364768
3409,0.009180799999739975
3410,0.008392600000661332
3411,0.010207699997408781
3412,0.010029600001871586
3413,0.009022700000059558
3414,0.009322800000518328
3415,0.00873190000129398
3416,0.010674100001779152
3417,0.010633999998390209
3418,0.006572599999344675
3419,0.009690900002169656
3420,0.012383400000544498
3421,0.009213199999067001
3422,0.010146300002816133
3423,0.0096224999979313
3424,0.00858180000068387
3425,0.008884099999704631
3426,0.006605799997487338
3427,0.006546500000695232
3428,0.008645800000522286
3429,0.00808599999800208
3430,0.00907540000116569
3431,0.009184099999401951
3432,0.008978300000308082
3433,0.009394699998665601
3434,0.008973399999376852
3435,0.009304399998654844
3436,0.009243299999070587
3437,0.009093000000575557
3438,0.009303999999247026
3439,0.009425299998838454
3440,0.009623599999031285
3441,0.009534699998766882
3442,0.00904889999947045
3443,0.009589299999788636
3444,0.009619000000384403
3445,0.00937510000221664
3446,0.008705500000360189
3447,0.007431400001223665
3448,0.006582400001207134
3449,0.007820499999070307
3450,0.0073338000001967885
3451,0.008299799999804236
3452,0.0073345999990124255
3453,0.010278699999616947
3454,0.010211900000285823
3455,0.008542399998987094
3456,0.008203099998354446
3457,0.007319399999687448
3458,0.008284699997602729
3459,0.00733560000298894
3460,0.008156699997925898
3461,0.007360600000538398
3462,0.008309799999551615
3463,0.008517900001606904
3464,0.009182699999655597
3465,0.008525999997800682
3466,0.008668899998156121
3467,0.007326499999180669
3468,0.008773300000029849
3469,0.008493600002111634
3470,0.010449199999129632
3471,0.010324899998522596
3472,0.009365499998239102
3473,0.011210799999389565
3474,0.010898799999267794
3475,0.008106199999019736
3476,0.008747100000618957
3477,0.009705799999210285
3478,0.009438799999770708
3479,0.009038199998030905
3480,0.008703499999683117
3481,0.00897389999954612
3482,0.006985399999393849
3483,0.007723800001258496
3484,0.010222300003078999
3485,0.00964850000309525
3486,0.008994700001494493
3487,0.009214999998221174
3488,0.009222000000590924
3489,0.008243099997343961
3490,0.008719400000700261
3491,0.00892099999691709
3492,0.009225700003298698
3493,0.00946250000197324
3494,0.0097700000005716
3495,0.009794300000066869
3496,0.009495000002061715
3497,0.009559900001477217
3498,0.008280300000478746
3499,0.007618299998284783
3500,0.006951599996682489
3501,0.009304100000008475
3502,0.009279200003220467
3503,0.01068680000025779
3504,0.010229800001980038
3505,0.009013899998535635
3506,0.010344999998778803
3507,0.010595799998554867
3508,0.00896909999937634
3509,0.009558500001730863
3510,0.00927880000017467
3511,0.007746100000076694
3512,0.006629899999097688
3513,0.008576100000937004
3514,0.009437100001377985
3515,0.009659700001066085
3516,0.009971299998142058
3517,0.010162499998841668
3518,0.00986650000049849
3519,0.009323199999926146
3520,0.010351700002502184
3521,0.009101799998461502
3522,0.008964699998614378
3523,0.009840899998380337
3524,0.01010129999849596
3525,0.010525599998800317
3526,0.010160599998926045
3527,0.008590299999923445
3528,0.010295100000803359
3529,0.011660000000119908
3530,0.010360899999795947
3531,0.009690500002761837
3532,0.010295500000211177
3533,0.00998500000059721
3534,0.010022700000263285
3535,0.009955199999239994
3536,0.008174700000381563
3537,0.00879729999724077
3538,0.008092100000794744
3539,0.00849469999957364
3540,0.007010299999819836
3541,0.008044599999266211
3542,0.007204199999250704
3543,0.008300500001496403
3544,0.0073945000003732275
3545,0.008771799999522045
3546,0.009379700000863522
3547,0.008558600002288586
3548,0.0073215999982494395
3549,0.008972300001914846
3550,0.008491500000673113
3551,0.009662500000558794
3552,0.009761000001162756
3553,0.009858500001428183
3554,0.009798499999305932
3555,0.009571800001140218
3556,0.009564699998009019
3557,0.00985739999669022
3558,0.009505500001978362
3559,0.0098571999988053
3560,0.009855100001004757
3561,0.008173800000804476
3562,0.00902700000006007
3563,0.009084299999813084
3564,0.009083000000828179
3565,0.008139999998093117
3566,0.008133700001053512
3567,0.006959199999982957
3568,0.00911919999998645
3569,0.009183900001517031
3570,0.00979640000150539
3571,0.009770200002094498
3572,0.009454900002310751
3573,0.009761199999047676
3574,0.0095763999997871
3575,0.010901099998591235
3576,0.010435600001073908
3577,0.008467799998470582
3578,0.011303100000077393
3579,0.010649100000591716
3580,0.010069299998576753
3581,0.007571099999040598
3582,0.006951899998966837
3583,0.009702300001663389
3584,0.008524000000761589
3585,0.0071482999992440455
3586,0.00711819999924046
3587,0.009283999999752268
3588,0.0091913000032946
3589,0.0073312000022269785
3590,0.00846580000143149
3591,0.009524500001134584
3592,0.008759100001043407
3593,0.006913199998962227
3594,0.00909490000049118
3595,0.00949199999740813
3596,0.00785600000017439
3597,0.006869000000733649
3598,0.010298899996996624
3599,0.010214399997494183
3600,0.009032199999637669
3601,0.01073010000254726
3602,0.009830599999986589
3603,0.008575399999244837
3604,0.009112300002016127
3605,0.007203999997727806
3606,0.00791390000085812
3607,0.008130700000037905
3608,0.008640899999591056
3609,0.008103600001049927
3610,0.008963700001913821
3611,0.008708199999091448
3612,0.008490299998811679
3613,0.006904500001837732
3614,0.009029499997268431
3615,0.009075800000573508
3616,0.009077599999727681
3617,0.009141800001088995
3618,0.009060799999133451
3619,0.009563499999785563
3620,0.008466700001008576
3621,0.008224100001825718
3622,0.006976799999392824
3623,0.008942199998273281
3624,0.009536400000797585
3625,0.008871800000633812
3626,0.008281100002932362
3627,0.010785500002384651
3628,0.010362199998780852
3629,0.00879739999800222
3630,0.010932900000625523
3631,0.009558000001561595
3632,0.007018999996944331
3633,0.008570000001782319
3634,0.010273399999277899
3635,0.009473499998421175
3636,0.007011000001512002
3637,0.00761669999701553
3638,0.0067383999994490296
3639,0.009013399998366367
3640,0.008537199999409495
3641,0.009958800001186319
3642,0.008082599997578654
3643,0.009957999998732703
3644,0.009531499999866355
3645,0.007393500000034692
3646,0.009308600001531886
3647,0.009959900002286304
3648,0.01014260000010836
3649,0.010022200000094017
3650,0.009783099998458056
3651,0.009617600000638049
3652,0.00956919999953243
3653,0.00947920000180602
3654,0.009932900000421796
3655,0.009416700002475409
3656,0.009938699997292133
3657,0.009616300001653144
3658,0.009465999999520136
3659,0.00975760000073933
3660,0.009478399999352405
3661,0.01073279999764054
3662,0.01015719999850262
3663,0.009045200000400655
3664,0.009209499999997206
3665,0.008234799999627285
3666,0.008955199999036267
3667,0.008239399998274166
3668,0.008372799999051495
3669,0.008909700001822785
3670,0.008060899999691173
3671,0.008953299999120645
3672,0.00812690000020666
3673,0.009604700000636512
3674,0.010185200000705663
3675,0.010061500001029344
3676,0.00922329999957583
3677,0.008159799999702955
3678,0.008991299997433089
3679,0.00809819999994943
3680,0.009970300001441501
3681,0.010735600000771228
3682,0.00974819999828469
3683,0.009651199998188531
3684,0.0095231999985117
3685,0.009837399997195462
3686,0.009683200001745718
3687,0.009011400001327274
3688,0.009100100000068778
3689,0.008073500001046341
3690,0.010066499999084044
3691,0.0104016999976011
3692,0.00907309999820427
3693,0.009132899998803623
3694,0.008994600000733044
3695,0.01014740000027814
3696,0.007977899997058557
3697,0.00959570000122767
3698,0.009784999998373678
3699,0.010172899997996865
3700,0.008176400002412265
3701,0.006549399997311411
3702,0.007426700001815334
3703,0.006617800001549767
3704,0.007519599999795901
3705,0.00860340000144788
3706,0.00885760000164737
3707,0.007011499998043291
3708,0.007908499999757623
3709,0.008989999998448184
3710,0.00975549999930081
3711,0.00896420000208309
3712,0.009978300000511808
3713,0.009667800000897842
3714,0.009459900000365451
3715,0.009631100001570303
3716,0.009523400000034599
3717,0.009793500001251232
3718,0.00969220000115456
3719,0.009540499999275198
3720,0.009596899999451125
3721,0.009477999999944586
3722,0.00942179999765358
3723,0.009435399999347283
3724,0.00809799999842653
3725,0.007924699999421136
3726,0.008150099998601945
3727,0.00892530000055558
3728,0.00812719999885303
3729,0.009013499999127816
3730,0.008148500000970671
3731,0.00944309999977122
3732,0.00910930000100052
3733,0.009159499997622333
3734,0.00962710000021616
3735,0.00894250000055763
3736,0.008810400002403185
3737,0.00905860000057146
3738,0.011103900000307476
3739,0.010002999999414897
3740,0.009533500000543427
3741,0.00977710000006482
3742,0.009163400001853006
3743,0.010992699997586897
3744,0.009640799999033334
3745,0.008163800001057098
3746,0.008000399997399654
3747,0.007017300002189586
3748,0.009263500000088243
3749,0.00939239999934216
3750,0.008437799999228446
3751,0.00926160000017262
3752,0.010012999999162275
3753,0.009902199999487493
3754,0.009770900000148686
3755,0.007269300000189105
3756,0.007088899998052511
3757,0.007777300001180265
3758,0.006943200001842342
3759,0.007890900000347756
3760,0.007024899998214096
3761,0.008007699998415774
3762,0.0069887999998172745
3763,0.00812719999885303
3764,0.006986500000493834
3765,0.008562000002712011
3766,0.009034500002599088
3767,0.008722699996724259
3768,0.008092299998679664
3769,0.008607199997641146
3770,0.008278199999040226
3771,0.008529099999577738
3772,0.008623999998235377
3773,0.007061500000418164
3774,0.007835200001863996
3775,0.009667099999205675
3776,0.009570500002155313
3777,0.008895599999959813
3778,0.008894499998859828
3779,0.008486700000503333
3780,0.008421099999395665
3781,0.007258800000272458
3782,0.008157599997502984
3783,0.007291399997484405
3784,0.011007199998857686
3785,0.00997060000008787
3786,0.007306600000447361
3787,0.008467399999062764
3788,0.009508700000878889
3789,0.012201800000184448
3790,0.010144200001377612
3791,0.007398399997327942
3792,0.009680800001660828
3793,0.010657200000423472
3794,0.0072403000012855045
3795,0.00687590000234195
3796,0.008318600001075538
3797,0.007368900001893053
3798,0.008396699999138946
3799,0.007348700000875397
3800,0.008261300001322525
3801,0.007289899996976601
3802,0.008902300000045216
3803,0.008715800002391916
3804,0.008783400000538677
3805,0.009335000002465677
3806,0.008456399998976849
3807,0.009279800000513205
3808,0.008448000000498723
3809,0.011752200000046287
3810,0.01009870000052615
3811,0.009158600001683226
3812,0.009026899999298621
3813,0.008186200000636745
3814,0.00991760000033537
3815,0.009801600001082988
3816,0.009465399998589419
3817,0.010165600000618724
3818,0.009504599998763297
3819,0.009890199999063043
3820,0.00961730000199168
3821,0.008683100000780541
3822,0.00929790000009234
3823,0.008121200000459794
3824,0.011076999999204418
3825,0.011086900001828326
3826,0.009978900001442526
3827,0.009438099998078542
3828,0.009061400000064168
3829,0.009617099996830802
3830,0.009347499999421416
3831,0.008598299998993753
3832,0.010006799999246141
3833,0.009626700000808341
3834,0.009837100002187071
3835,0.010066300001199124
3836,0.009515000001556473
3837,0.007764699999825098
3838,0.006602199999178993
3839,0.007927500002551824
3840,0.006621199998335214
3841,0.00877060000129859
3842,0.00999710000178311
3843,0.009103699998377124
3844,0.008773100002144929
3845,0.008163199996488402
3846,0.008999999998195563
3847,0.009006600001157494
3848,0.00949140000011539
3849,0.009461800000281073
3850,0.00888180000038119
3851,0.008270300000731368
3852,0.009540700000798097
3853,0.008933600001910236
3854,0.006578600001375889
3855,0.007512100000894861
3856,0.00962719999733963
3857,0.00950379999994766
3858,0.008641799999168143
3859,0.009447399999771733
3860,0.008074899997154716
3861,0.010569400001259055
3862,0.010368899998866254
3863,0.00958610000088811
3864,0.011188000000402099
3865,0.00911890000134008
3866,0.008944500001234701
3867,0.008578199998737546
3868,0.006544299998495262
3869,0.008970999999291962
3870,0.009507500002655433
3871,0.009662699998443713
3872,0.0065980999970634
3873,0.008875999999872874
3874,0.008816499997919891
3875,0.008393300002353499
3876,0.00876330000028247
3877,0.008136499996908242
3878,0.009052800000063144
3879,0.00816340000164928
3880,0.008203400000638794
3881,0.006594200000108685
3882,0.008496500002365792
3883,0.009535599998343969
3884,0.009863699997367803
3885,0.009054999998625135
3886,0.009975000000849832
3887,0.009792100001504878
3888,0.009478100000706036
3889,0.009519700000964804
3890,0.008166800002072705
3891,0.010518099999899277
3892,0.009415500000613974
3893,0.00873190000129398
3894,0.010309199999028351
3895,0.010150300000532297
3896,0.009512599997833604
3897,0.01008910000018659
3898,0.008985100001154933
3899,0.009845299999142298
3900,0.009821299998293398
3901,0.008660200001031626
3902,0.008768700001382967
3903,0.007070900002872804
3904,0.00807360000180779
3905,0.009437199998501455
3906,0.009821200001169927
3907,0.009509999999863794
3908,0.009556299999530893
3909,0.008012199999939185
3910,0.007183800000348128
3911,0.007878699998400407
3912,0.009089399998629233
3913,0.009389200000441633
3914,0.009072799999557901
3915,0.00942159999976866
3916,0.008994799998617964
3917,0.010930700002063531
3918,0.010208700001385296
3919,0.009085699999559438
3920,0.01158460000078776
3921,0.008271300001069903
3922,0.007204400000773603
3923,0.007896300001448253
3924,0.007045300000754651
3925,0.007685900000069523
3926,0.009446399999433197
3927,0.009434800002054544
3928,0.008099999999103602
3929,0.00908049999998184
3930,0.008703899999090936
3931,0.010850200000277255
3932,0.010522500000661239
3933,0.009529499999189284
3934,0.009862599999905797
3935,0.009891999998217216
3936,0.008713899998838315
3937,0.009335599999758415
3938,0.008631299999251496
3939,0.010066900002129842
3940,0.009117499997955747
3941,0.009752699999808101
3942,0.00969740000073216
3943,0.009441599999263417
3944,0.009861900001851609
3945,0.009998599998652935
3946,0.010102800002641743
3947,0.010170800000196323
3948,0.00826489999963087
3949,0.009945500001776963
3950,0.009545199998683529
3951,0.009466799998335773
3952,0.009639400002924958
3953,0.009421700000530109
3954,0.009890199999063043
3955,0.009943199998815544
3956,0.009489400003076298
3957,0.009623900001315633
3958,0.008929999999963911
3959,0.009097800000745337
3960,0.009148400000412948
3961,0.008947899998020148
3962,0.008861999998771353
3963,0.008056799997575581
3964,0.008780799998930888
3965,0.008131499998853542
3966,0.008807700000033947
3967,0.008117600002151448
3968,0.009422199997061398
3969,0.009001700000226265
3970,0.010392699998192256
3971,0.009237800000846619
3972,0.0069708000009995885
3973,0.008557199998904252
3974,0.009505699999863282
3975,0.010625700000673532
3976,0.010156100001040613
3977,0.010201999997661915
3978,0.00935399999798392
3979,0.009034700000484008
3980,0.009593500002665678
3981,0.00975549999930081
3982,0.00943850000112434
3983,0.008990300000732532
3984,0.009487999999691965
3985,0.009796399997867411
3986,0.008996500000648666
3987,0.009503400000539841
3988,0.00957860000198707
3989,0.009615599999960978
3990,0.00961010000173701
3991,0.007335099999181693
3992,0.006802200001402525
3993,0.006872899997688364
3994,0.009456499999942025
3995,0.009350899999844842
3996,0.008673500000440981
3997,0.0104957999974431
3998,0.010097000002133427
3999,0.009749699998792494
4000,0.009698800000478514
4001,0.008159299999533687
4002,0.009655599998950493
4003,0.009591800000634976
4004,0.008618899999419227
4005,0.007335199999943143
4006,0.008358600000065053
4007,0.0077582999983860645
4008,0.00880680000045686
4009,0.008742699999856995
4010,0.008950600000389386
4011,0.009255900000425754
4012,0.008989900001324713
4013,0.0092473999975482
4014,0.008956699999544071
4015,0.009259900001779897
4016,0.00916000000142958
4017,0.0071054000000003725
4018,0.007247199999255827
4019,0.008852400002069771
4020,0.009360399999422953
4021,0.00903199999811477
4022,0.009454600000026403
4023,0.008983200001239311
4024,0.009538300000713207
4025,0.009793699999136152
4026,0.00916249999863794
4027,0.009406199998920783
4028,0.00903910000124597
4029,0.011448299999756273
4030,0.010998699999618111
4031,0.008638500003144145
4032,0.01205899999695248
4033,0.010772199999337317
4034,0.010386400001152651
4035,0.009524000000965316
4036,0.009736700001667487
4037,0.009420599999430124
4038,0.009991999999328982
4039,0.009522200001811143
4040,0.007107800000085263
4041,0.007029099997453159
4042,0.010159699999348959
4043,0.00983030000134022
4044,0.008940400002757087
4045,0.009140400001342641
4046,0.008072199998423457
4047,0.009946000001946231
4048,0.01003599999967264
4049,0.009678200000053039
4050,0.00966100000005099
4051,0.009472700003243517
4052,0.009718500001326902
4053,0.012571100000059232
4054,0.011798100000305567
4055,0.008278999997855863
4056,0.008916699996916577
4057,0.008955500001320615
4058,0.009480900000198744
4059,0.009669900002336362
4060,0.009368700000777608
4061,0.009177600000839448
4062,0.008125600001221756
4063,0.008886499999789521
4064,0.009071100001165178
4065,0.010226800000964431
4066,0.010090699997817865
4067,0.007032199999230215
4068,0.007225500001368346
4069,0.009072500000911532
4070,0.009457199997996213
4071,0.010205799997493159
4072,0.009086399997613626
4073,0.008103700001811376
4074,0.01009669999984908
4075,0.00986900000134483
4076,0.006916099999216385
4077,0.007993600000190781
4078,0.008644400000775931
4079,0.009478299998590956
4080,0.00898349999988568
4081,0.009107399997446919
4082,0.009055000002263114
4083,0.00829419999718084
4084,0.006918899998709094
4085,0.009137999997619772
4086,0.009513600001810119
4087,0.00917719999779365
4088,0.00930280000102357
4089,0.009480099997745128
4090,0.007840800000849413
4091,0.006955500000913162
4092,0.00946970000222791
4093,0.009197799998219125
4094,0.009483199999522185
4095,0.010000400001445087
4096,0.009021999998367392
4097,0.010075100002723048
4098,0.01018130000011297
4099,0.00945040000078734
4100,0.010038899999926798
4101,0.0111637999980303
4102,0.007044999998470303
4103,0.007520699997257907
4104,0.006923299999471055
4105,0.006676699998934055
4106,0.008982600000308594
4107,0.008982100000139326
4108,0.008229600000049686
4109,0.008923699999286328
4110,0.009446400003071176
4111,0.009628100000554696
4112,0.009437099997740006
4113,0.0073651000020618085
4114,0.0065480999983265065
4115,0.008889400000043679
4116,0.009465600000112318
4117,0.00952540000071167
4118,0.009676800000306685
4119,0.007244700002047466
4120,0.00782229999822448
4121,0.009425500000361353
4122,0.0096293999995396
4123,0.009448400000110269
4124,0.009412499999598367
4125,0.009488600000622682
4126,0.009113400003116112
4127,0.009498699997493532
4128,0.009030299999722047
4129,0.010972899999615038
4130,0.010571900002105394
4131,0.00948440000138362
4132,0.009637799998017726
4133,0.009690399998362409
4134,0.00902219999989029
4135,0.009376999998494284
4136,0.009024800001498079
4137,0.008823500000289641
4138,0.008087499998509884
4139,0.010225199999695178
4140,0.00926390000313404
4141,0.009002400001918431
4142,0.009393299998919247
4143,0.009511800002655946
4144,0.009573300001648022
4145,0.009653099998104153
4146,0.009583899998688139
4147,0.009386500001710374
4148,0.0089618000019982
4149,0.009656700000050478
4150,0.009596100000635488
4151,0.00950860000011744
4152,0.009593899998435518
4153,0.009471000001212815
4154,0.00966089999928954
4155,0.010043099999165861
4156,0.008988099998532562
4157,0.008771199998591328
4158,0.007054200003040023
4159,0.00820949999979348
4160,0.009008700002596015
4161,0.009032699999806937
4162,0.008617300001787953
4163,0.009659300001658266
4164,0.009502699998847675
4165,0.009593800001312047
4166,0.009541700001136633
4167,0.008675199998833705
4168,0.009100999999645865
4169,0.008110999999189517
4170,0.009812000000238186
4171,0.009715199998026947
4172,0.008350500000233296
4173,0.00831560000005993
4174,0.010172599999350496
4175,0.008995100000902312
4176,0.008088999999017688
4177,0.008490600001096027
4178,0.008084000000962988
4179,0.008887599997251527
4180,0.008730300000024727
4181,0.009021999998367392
4182,0.010086499998578802
4183,0.010740400000941008
4184,0.007256900000356836
4185,0.006559700002981117
4186,0.007405299998936243
4187,0.006563700000697281
4188,0.008538999998563668
4189,0.008675900000525871
4190,0.009607100000721402
4191,0.009096000001591165
4192,0.009086699999897974
4193,0.009280999998736661
4194,0.009016900003189221
4195,0.010042699999758042
4196,0.008452699999907054
4197,0.00953990000198246
4198,0.00970210000014049
4199,0.010260600000037812
4200,0.008906800001568627
4201,0.008179899999959162
4202,0.00868839999748161
4203,0.008145399999193614
4204,0.008605500002886401
4205,0.008657899998070206
4206,0.008120200000121258
4207,0.009282699997129384
4208,0.01100389999919571
4209,0.010577699998975731
4210,0.009814700002607424
4211,0.008186800001567462
4212,0.008937099999457132
4213,0.008159799999702955
4214,0.00907079999888083
4215,0.008080100000370294
4216,0.009924199999659322
4217,0.009698300000309246
4218,0.009024099999805912
4219,0.00965350000114995
4220,0.009465399998589419
4221,0.008982399998785695
4222,0.008830400001897942
4223,0.008389499998884276
4224,0.00865699999849312
4225,0.008640300002298318
4226,0.009410599999682745
4227,0.008697300003404962
4228,0.010027499996795086
4229,0.009771099998033606
4230,0.008291199999803212
4231,0.008919399999285815
4232,0.010575299998890841
4233,0.009695799999462906
4234,0.009074400000827154
4235,0.009265699998650234
4236,0.009552900002745446
4237,0.009010699999635108
4238,0.008978700003353879
4239,0.00853819999974803
4240,0.008899399999791058
4241,0.008878599997842684
4242,0.00832319999972242
4243,0.00881160000062664
4244,0.008068300001468742
4245,0.00924490000033984
4246,0.008166100000380538
4247,0.008645300000353018
4248,0.007023100002697902
4249,0.007946199999423698
4250,0.007009899996774038
4251,0.008560999998735497
4252,0.008488399998896057
4253,0.009649899999203626
4254,0.009527299996989314
4255,0.007429000001138775
4256,0.006566899999597808
4257,0.009875499999907333
4258,0.010703399999329122
4259,0.008869400000548922
4260,0.008070100000622915
4261,0.007127100001525832
4262,0.007898099996964447
4263,0.007074000001011882
4264,0.007788899998558918
4265,0.007028700001683319
4266,0.007806000001437496
4267,0.00947720000112895
4268,0.010017300002800766
4269,0.009449499997572275
4270,0.010001700000429992
4271,0.009693300002254546
4272,0.009578599998349091
4273,0.009859999998298008
4274,0.009545400000206428
4275,0.008691499999258667
4276,0.008853499999531778
4277,0.009545300003082957
4278,0.009788799998204922
4279,0.009487700001045596
4280,0.008009799999854295
4281,0.006995699997787597
4282,0.009471900000789901
4283,0.010018799999670591
4284,0.009049899999808986
4285,0.009442700000363402
4286,0.008084800003416603
4287,0.008786099999269936
4288,0.008120700000290526
4289,0.008982300001662225
4290,0.00812210000003688
4291,0.008964399999968009
4292,0.008470099997794023
4293,0.008253299998614239
4294,0.007944400000269525
4295,0.00900529999853461
4296,0.009546199999022065
4297,0.009603000002243789
4298,0.00974089999726857
4299,0.00880699999834178
4300,0.007191299999249168
4301,0.0069643999995605554
4302,0.009853600000496954
4303,0.009708100002171705
4304,0.009410499998921296
4305,0.010318399999960093
4306,0.009541800001898082
4307,0.007049499999993714
4308,0.0069614999993063975
4309,0.00922790000186069
4310,0.00747620000038296
4311,0.009195400001772214
4312,0.009111200000916142
4313,0.007073400000081165
4314,0.009024200000567362
4315,0.007806300000083866
4316,0.008738500000617933
4317,0.00870770000256016
4318,0.010107699999934994
4319,0.009360399999422953
4320,0.008205199999792967
4321,0.008677399997395696
4322,0.0069574999979522545
4323,0.007502000000386033
4324,0.009014100000058534
4325,0.009020800000143936
4326,0.009538600002997555
4327,0.010065999998914776
4328,0.010006100001191953
4329,0.006652800002484582
4330,0.0065031000012822915
4331,0.007734099999652244
4332,0.006582899997738423
4333,0.007640399999218062
4334,0.006609000000025844
4335,0.008458100001007551
4336,0.009529800001473632
4337,0.009757499999977881
4338,0.009812000000238186
4339,0.008112200001050951
4340,0.00838339999972959
4341,0.006568299999344163
4342,0.006530700000439538
4343,0.010524099998292513
4344,0.0093728000028932
4345,0.007031900000583846
4346,0.008131400001730071
4347,0.009008799999719486
4348,0.009053000001586042
4349,0.01021240000045509
4350,0.009880000001430744
4351,0.00995859999966342
4352,0.00811260000045877
4353,0.009510200001386693
4354,0.00942399999985355
4355,0.009809600000153296
4356,0.010204199999861885
4357,0.009451199999602977
4358,0.010729500001616543
4359,0.010526599999138853
4360,0.008176399998774286
4361,0.0089618000019982
4362,0.007933799999591429
4363,0.008471599998301826
4364,0.008993999999802327
4365,0.009785199999896577
4366,0.008402300001762342
4367,0.009325200000603218
4368,0.010043900001619477
4369,0.010744400002295151
4370,0.00977200000124867
4371,0.01003129999662633
4372,0.00950879999800236
4373,0.009660299998358823
4374,0.008703100000275299
4375,0.008754800001042895
4376,0.008219499999540858
4377,0.00859189999755472
4378,0.008920700001908699
4379,0.009050399999978254
4380,0.009435599997232202
4381,0.009090699997614138
4382,0.010361399999965215
4383,0.010255799999868032
4384,0.009575399999448564
4385,0.009130999998888
4386,0.008965099998022197
4387,0.009341199998743832
4388,0.009468499996728497
4389,0.008997599998110672
4390,0.00926909999907366
4391,0.008565500000258908
4392,0.009281300001021009
4393,0.009038700001838151
4394,0.0074764000019058585
4395,0.006785500001569744
4396,0.008733299997402355
4397,0.00811009999961243
4398,0.009901299999910407
4399,0.009546500001306413
4400,0.006589400003576884
4401,0.0070417999995697755
4402,0.00823840000157361
4403,0.008650499999930616
4404,0.00814879999961704
4405,0.009193600002618041
4406,0.009451899997657165
4407,0.009814400000323076
4408,0.009125100001256214
4409,0.008239999999204883
4410,0.008685099997819634
4411,0.009610200002498459
4412,0.00976000000082422
4413,0.008916799997678027
4414,0.009351300002890639
4415,0.008911100001569139
4416,0.006647700000030454
4417,0.006632100001297658
4418,0.008032099998672493
4419,0.007006100000580773
4420,0.00945270000011078
4421,0.008221600000979379
4422,0.010901499997999053
4423,0.009912000001349952
4424,0.008145899999362882
4425,0.009804199999052798
4426,0.009636200000386452
4427,0.007666200002859114
4428,0.007163099999161204
4429,0.0072881999985838775
4430,0.006953399999474641
4431,0.0076253000006545335
4432,0.006706000000122003
4433,0.009090700001252117
4434,0.00970979999692645
4435,0.00823110000055749
4436,0.008844100000715116
4437,0.009510399999271613
4438,0.008891800000128569
4439,0.007000800000241725
4440,0.008159299999533687
4441,0.006998799999564653
4442,0.00795780000044033
4443,0.007003599999734433
4444,0.00788019999890821
4445,0.00806169999850681
4446,0.009154300001682714
4447,0.00904889999947045
4448,0.007958000001963228
4449,0.006552899998496287
4450,0.008158999997249339
4451,0.009031100002175663
4452,0.008385199998883763
4453,0.006972299997869413
4454,0.008769500000198605
4455,0.009523900000203867
4456,0.010248200000205543
4457,0.009804400000575697
4458,0.009505399997578934
4459,0.008911500000976957
4460,0.008089299997664057
4461,0.010401700001239078
4462,0.010166800002480159
4463,0.01017419999698177
4464,0.010108099999342812
4465,0.010018999997555511
4466,0.00817280000046594
4467,0.008759500000451226
4468,0.006978900000831345
4469,0.007858199998736382
4470,0.006971899998461595
4471,0.0071136000005935784
4472,0.010452300000906689
4473,0.009758100000908598
4474,0.008070200001384364
4475,0.009666699999797856
4476,0.010155899999517715
4477,0.009119900001678616
4478,0.009620100001484388
4479,0.008716100001038285
4480,0.009611400000721915
4481,0.007093500000337372
4482,0.008001999998668907
4483,0.007076800000504591
4484,0.00892799999928684
4485,0.008729199998924742
4486,0.009288700002798578
4487,0.009395100001711398
4488,0.01088250000248081
4489,0.008568500001274515
4490,0.007430099998600781
4491,0.008529799997631926
4492,0.006903099998453399
4493,0.008719199999177363
4494,0.008510100000421517
4495,0.009192599998641526
4496,0.008678300000610761
4497,0.008969800001068506
4498,0.008980599999631522
4499,0.010025600000517443
4500,0.010625399998389184
4501,0.010343400001147529
4502,0.009208999999827938
4503,0.009577299999364186
4504,0.009455600000364939
4505,0.009019000000989763
4506,0.008355300000403076
4507,0.00793100000009872
4508,0.0071017000009305775
4509,0.009211399999912828
4510,0.009342800000013085
4511,0.00908290000006673
4512,0.010624599999573547
4513,0.010401600000477629
4514,0.009217399998306064
4515,0.009747399999469053
4516,0.009631500000978122
4517,0.00793330000306014
4518,0.006929999999556458
4519,0.007762599998386577
4520,0.006974099997023586
4521,0.009213000001182081
4522,0.010259800001222175
4523,0.009282399998483015
4524,0.009359199997561518
4525,0.009057200000825105
4526,0.009510299998510163
4527,0.009014200000819983
4528,0.009209399999235757
4529,0.009924199999659322
4530,0.009519699997326825
4531,0.009794300000066869
4532,0.009729599998536287
4533,0.009768899999471614
4534,0.009731599999213358
4535,0.009094500001083361
4536,0.01058769999872311
4537,0.009498200000962242
4538,0.009444799998163944
4539,0.009338300002127653
4540,0.0074467000013100915
4541,0.008936900001572212
4542,0.008612800000264542
4543,0.009724700001243036
4544,0.009146000000328058
4545,0.009503499997663312
4546,0.008540099999663653
4547,0.009098700000322424
4548,0.009475200000451878
4549,0.009072199998627184
4550,0.0100626999992528
4551,0.009975700002541998
4552,0.008663700002216501
4553,0.0095593000005465
4554,0.009454499999264954
4555,0.00822619999962626
4556,0.0070865000016056
4557,0.009449599998333724
4558,0.009409800000867108
4559,0.010703399999329122
4560,0.009511799999017967
4561,0.008114799999020761
4562,0.009919500000250991
4563,0.009756600000400795
4564,0.008079100000031758
4565,0.008803500000794884
4566,0.008065300000453135
4567,0.00918449999880977
4568,0.009526699999696575
4569,0.008113499996397877
4570,0.006937299996934598
4571,0.008501799999066861
4572,0.008070399999269284
4573,0.009167600001092069
4574,0.00875140000061947
4575,0.009563600000547012
4576,0.010268599999108119
4577,0.010131500002898974
4578,0.009905299997626571
4579,0.009825100001762621
4580,0.009471900000789901
4581,0.010036600000603357
4582,0.010257900001306552
4583,0.00953759999902104
4584,0.008810600000288105
4585,0.009571199996571522
4586,0.009872700000414625
4587,0.009524600001896033
4588,0.009495199999946635
4589,0.009760500000993488
4590,0.009549300000799121
4591,0.010198500000115018
4592,0.009938499999407213
4593,0.010243400000035763
4594,0.009238599999662256
4595,0.00781759999881615
4596,0.00897400000030757
4597,0.008520499999576714
4598,0.010233199998765485
4599,0.00924490000033984
4600,0.007710199999564793
4601,0.008638899998913985
4602,0.009033700000145473
4603,0.009241499999916414
4604,0.008993999999802327
4605,0.009292499998991843
4606,0.007850699999835342
4607,0.009038100000907434
4608,0.009211399999912828
4609,0.009142800001427531
4610,0.00901769999836688
4611,0.008194900001399219
4612,0.008582700000260957
4613,0.008187000003090361
4614,0.008583599999838043
4615,0.008301900001242757
4616,0.009161800000583753
4617,0.00920359999872744
4618,0.00769860000218614
4619,0.00839059999998426
4620,0.007907399998657638
4621,0.009265799999411684
4622,0.009500399999524234
4623,0.009381500000017695
4624,0.009195500002533663
4625,0.009502000000793487
4626,0.00964390000081039
4627,0.009376199999678647
4628,0.008175800001481548
4629,0.00663659999918309
4630,0.008391399998799898
4631,0.008670400002301903
4632,0.010159000001294771
4633,0.0103914999999688
4634,0.010017900000093505
4635,0.010057200001028832
4636,0.009590399997250643
4637,0.009568599998601712
4638,0.009686299999884795
4639,0.009414899999683257
4640,0.009082399999897461
4641,0.009052900000824593
4642,0.009201900000334717
4643,0.009401600000273902
4644,0.009000699999887729
4645,0.010140999998839106
4646,0.009478799998760223
4647,0.009171599998808233
4648,0.009880699999484932
4649,0.008720699999685166
4650,0.009870600002614083
4651,0.009684000000561355
4652,0.010022800001024734
4653,0.009692999999970198
4654,0.008372599997528596
4655,0.00926689999687369
4656,0.008989199999632547
4657,0.009091600000829203
4658,0.010226099999272265
4659,0.008135000000038417
4660,0.008964500000729458
4661,0.008070599997154204
4662,0.0090440000021772
4663,0.008066100002906751
4664,0.008950700001150835
4665,0.008110700000543147
4666,0.009450100002140971
4667,0.009155699997791089
4668,0.00906119999854127
4669,0.009231200001522666
4670,0.00896420000208309
4671,0.009153300001344178
4672,0.008946099998865975
4673,0.007711600002949126
4674,0.006605599999602418
4675,0.008649599996715551
4676,0.008652600001369137
4677,0.009473599999182625
4678,0.009683699998277007
4679,0.008066900001722388
4680,0.009131500002695248
4681,0.009463499998673797
4682,0.009889400000247406
4683,0.009429199999431148
4684,0.008215400001063244
4685,0.009426900000107707
4686,0.010185600000113482
4687,0.009947099999408238
4688,0.010426199998619268
4689,0.008233600001403829
4690,0.009231199997884687
4691,0.008058200000959914
4692,0.008829999998852145
4693,0.008128500001475913
4694,0.009305199997470481
4695,0.009463000002142508
4696,0.007422499998938292
4697,0.006615999998757616
4698,0.00926890000118874
4699,0.009727900000143563
4700,0.0090197999998054
4701,0.009800100000575185
4702,0.009419699999853037
4703,0.009292300001106923
4704,0.009766099999978906
4705,0.00817040000038105
4706,0.00882379999893601
4707,0.007012100002611987
4708,0.007753599998977734
4709,0.0070173999993130565
4710,0.007071100000757724
4711,0.01007019999815384
4712,0.009833100000832928
4713,0.008056400001805741
4714,0.008427899996604538
4715,0.006979900001169881
4716,0.008358200000657234
4717,0.00895900000250549
4718,0.009902400001010392
4719,0.00989819999813335
4720,0.009490199998253956
4721,0.010252500000206055
4722,0.009473599999182625
4723,0.00879269999859389
4724,0.007761499997286592
4725,0.008239399998274166
4726,0.008044900001550559
4727,0.00913330000184942
4728,0.009228400002029957
4729,0.008542799998394912
4730,0.00970210000014049
4731,0.009676599998783786
4732,0.008836800003336975
4733,0.009305600000516279
4734,0.008581100002629682
4735,0.010151500002393732
4736,0.008138500001223292
4737,0.008904300000722287
4738,0.008108399997581728
4739,0.011086599999543978
4740,0.009723299997858703
4741,0.009670200000982732
4742,0.009287900000344962
4743,0.008895399998436915
4744,0.00990789999923436
4745,0.009670999999798369
4746,0.010477100000571227
4747,0.00874879999901168
4748,0.008253200001490768
4749,0.009288000001106411
4750,0.009240600000339327
4751,0.008650200001284247
4752,0.009613400001398986
4753,0.009485799997491995
4754,0.009618000000045868
4755,0.0094119999994291
4756,0.009005899999465328
4757,0.009449000001040986
4758,0.0077912000015203375
4759,0.007973799998580944
4760,0.006815099997766083
4761,0.008384200002183206
4762,0.009015600000566337
4763,0.009476299997913884
4764,0.008927299997594673
4765,0.009631199998693774
4766,0.009342399996967288
4767,0.00907079999888083
4768,0.009047700001246994
4769,0.008190700002160156
4770,0.007999699999345466
4771,0.0066157000001112465
4772,0.008361100000911392
4773,0.008678199999849312
4774,0.009328599997388665
4775,0.008992999999463791
4776,0.009215199999744073
4777,0.00914550000015879
4778,0.009031899997353321
4779,0.008832999999867752
4780,0.008174200000212295
4781,0.009322899997641798
4782,0.008796399997663684
4783,0.009760799999639858
4784,0.009252600000763778
4785,0.009456399999180576
4786,0.009477799998421688
4787,0.008988000001409091
4788,0.009209299998474307
4789,0.009204800000588875
4790,0.00898120000056224
4791,0.00929579999865382
4792,0.01003859999764245
4793,0.009859500001766719
4794,0.009522100001049694
4795,0.010231000000203494
4796,0.00970180000149412
4797,0.008980400001746602
4798,0.00906100000065635
4799,0.009166299998469185
4800,0.00903910000124597
4801,0.009247800000593998
4802,0.009486200000537792
4803,0.009730800000397721
4804,0.009721099999296712
4805,0.008259599999291822
4806,0.007924300000013318
4807,0.010646999999153195
4808,0.009651099997427082
4809,0.008955600002082065
4810,0.007160100001783576
4811,0.006215400000655791
4812,0.0072583000001031905
4813,0.006666999997833045
4814,0.00873679999858723
4815,0.009856200002104742
4816,0.008471600001939805
4817,0.006730199998855824
4818,0.008244800003012642
4819,0.007034800000838004
4820,0.008373300002858741
4821,0.00814890000037849
4822,0.009927500002959277
4823,0.009651500000472879
4824,0.009446199997910298
4825,0.009773000001587206
4826,0.008998499997687759
4827,0.009155099996860372
4828,0.008198600000469014
4829,0.009290599999076221
4830,0.00923749999856227
4831,0.008641199998237425
4832,0.009335300001112046
4833,0.008667900001455564
4834,0.010728299999755109
4835,0.0109310000007099
4836,0.009210100000927923
4837,0.010548599999310682
4838,0.009902499998133862
4839,0.009443500002817018
4840,0.009682399999292102
4841,0.009488700001384132
4842,0.009184599999571219
4843,0.008771799999522045
4844,0.01064570000016829
4845,0.008972700001322664
4846,0.0070507999989786185
4847,0.008805400000710506
4848,0.009538700000121025
4849,0.008711900001799222
4850,0.008099099999526516
4851,0.009946999998646788
4852,0.00996590000067954
4853,0.009521700001641875
4854,0.009894999999232823
4855,0.007330099997489015
4856,0.008802200001809979
4857,0.008831499999359949
4858,0.009309100001701154
4859,0.010607600001094397
4860,0.011759100001654588
4861,0.008616700000857236
4862,0.00868110000010347
4863,0.009623099998862017
4864,0.009485900001891423
4865,0.008950999999797205
4866,0.009871000002021901
4867,0.009741599998960737
4868,0.008945600002334686
4869,0.01060940000024857
4870,0.009039699998538708
4871,0.007853999999497319
4872,0.006617500002903398
4873,0.009795099998882506
4874,0.00885510000080103
4875,0.00831070000276668
4876,0.008776599999691825
4877,0.007435900002747076
4878,0.0076579000015044585
4879,0.008170299999619601
4880,0.00879490000079386
4881,0.009477399999013869
4882,0.010231500000372762
4883,0.01069140000254265
4884,0.008731599999009632
4885,0.009427200002392055
4886,0.00863980000212905
4887,0.009922500001266599
4888,0.009572700000717305
4889,0.009823399999731919
4890,0.010082100001454819
4891,0.009461900001042522
4892,0.010009099998569582
4893,0.009701899998617591
4894,0.009550500002660556
4895,0.01081759999942733
4896,0.009645399997680215
4897,0.009737600001244573
4898,0.009722999999212334
4899,0.009485400001722155
4900,0.00974339999811491
4901,0.009635299997171387
4902,0.006317100000160281
4903,0.006197899998369394
4904,0.008950699997512856
4905,0.008958200000051875
4906,0.00694149999981164
4907,0.0065480999983265065
4908,0.009133399998972891
4909,0.009570500002155313
4910,0.009476899998844601
4911,0.009732799997436814
4912,0.0094409999983327
4913,0.009727499997097766
4914,0.009512000000540866
4915,0.009540700000798097
4916,0.00951080000231741
4917,0.009422800001630094
4918,0.00809320000189473
4919,0.007010500001342734
4920,0.008777300001383992
4921,0.009469699998589931
4922,0.0088553999994474
4923,0.00656669999807491
4924,0.011226799997530179
4925,0.009904999998980202
4926,0.008159200002410216
4927,0.009601099998690188
4928,0.009061699998710537
4929,0.011102699998446042
4930,0.009891199999401579
4931,0.008112700001220219
4932,0.009567000000970438
4933,0.009512600001471583
4934,0.0066674000008788425
4935,0.006537999997817678
4936,0.009776199996849755
4937,0.009584100000211038
4938,0.006531299997732276
4939,0.006547600001795217
4940,0.007353799999691546
4941,0.006541200000356184
4942,0.0074165000005450565
4943,0.006587599997146754
4944,0.008411300001171185
4945,0.009540499999275198
4946,0.009200799999234732
4947,0.007266100001288578
4948,0.009652799999457784
4949,0.010318599997845013
4950,0.00908269999854383
4951,0.008893700000044191
4952,0.009003300001495518
4953,0.00814179999724729
4954,0.0069851000007474795
4955,0.009194300000672229
4956,0.00904140000056941
4957,0.009155600000667619
4958,0.00953020000088145
4959,0.010724699997808784
4960,0.009795699999813223
4961,0.009730099998705555
4962,0.006651200001215329
4963,0.006527000001369743
4964,0.0077978000008442905
4965,0.006937699999980396
4966,0.009572799997840775
4967,0.009503299999778392
4968,0.009567899996909546
4969,0.010038899999926798
4970,0.009030799999891315
4971,0.009415700002136873
4972,0.009122400002524955
4973,0.007014300001173979
4974,0.007026899998891167
4975,0.008600400000432273
4976,0.009109700000408338
4977,0.009321000001364155
4978,0.008240099999966333
4979,0.009022400001413189
4980,0.009268599998904392
4981,0.008967100002337247
4982,0.010554199998296099
4983,0.010262100000545615
4984,0.010855000000447035
4985,0.009704000000056112
4986,0.00961279999683029
4987,0.008622500001365552
4988,0.008803400000033434
4989,0.0069582000032824
4990,0.008595600000262493
4991,0.009540800001559546
4992,0.009010599998873658
4993,0.008534700002201134
4994,0.00836179999896558
4995,0.006952300002012635
4996,0.008816099998512072
4997,0.009091600000829203
4998,0.010172999998758314
4999,0.009366600002977066
5000,0.008049199997913092
5001,0.010375900001236005
5002,0.010913300000538584
5003,0.009137600001849933
5004,0.008495500002027256
5005,0.008696700002474245
5006,0.007953500000439817
5007,0.006615000002057059
5008,0.007516199999372475
5009,0.006562900001881644
5010,0.010404999997263076
5011,0.006950699997105403
5012,0.008925900001486298
5013,0.009540999999444466
5014,0.009848300000157906
5015,0.009264600001188228
5016,0.009053000001586042
5017,0.00928360000034445
5018,0.009067800001503201
5019,0.009702899998956127
5020,0.009721200000058161
5021,0.00860130000000936
5022,0.009199799998896196
5023,0.008181400000466965
5024,0.008604099999502068
5025,0.007028299998637522
5026,0.009337700001196936
5027,0.01007450000179233
5028,0.009984600001189392
5029,0.00999509999746806
5030,0.008941799998865463
5031,0.009821499999816297
5032,0.009556299999530893
5033,0.010413600000902079
5034,0.010306000000127824
5035,0.008957800000644056
5036,0.009637499999371357
5037,0.010215499998594169
5038,0.010451699999975972
5039,0.008904899998015026
5040,0.008217099999455968
5041,0.009504900001047645
5042,0.009147599997959333
5043,0.008989599999040365
5044,0.00938289999976405
5045,0.00788739999916288
5046,0.007706699998379918
5047,0.006959500002267305
5048,0.008350899999641115
5049,0.009496700000454439
5050,0.009614300000976073
5051,0.009575100000802195
5052,0.009510500000033062
5053,0.0096806999972614
5054,0.008094199998595286
5055,0.01007000000026892
5056,0.010253199998260243
5057,0.010703100000682753
5058,0.00966310000148951
5059,0.009088300001167227
5060,0.007626100003108149
5061,0.006956400000490248
5062,0.008500699997966876
5063,0.008155499999702442
5064,0.01002150000203983
5065,0.010349500000302214
5066,0.009617100000468781
5067,0.010736399999586865
5068,0.009637600000132807
5069,0.008113699997920776
5070,0.008718799999769544
5071,0.008116799999697832
5072,0.009047499999724096
5073,0.008094400000118185
5074,0.009321600002294872
5075,0.008570199999667238
5076,0.009283299998060102
5077,0.008795199999440229
5078,0.008949800001573749
5079,0.009619399999792222
5080,0.009476699997321703
5081,0.008461999997962266
5082,0.006872000001749257
5083,0.008261499999207444
5084,0.008673100001033163
5085,0.00951359999817214
5086,0.00891340000089258
5087,0.010380199997598538
5088,0.010248200000205543
5089,0.01025870000012219
5090,0.009931299999152543
5091,0.00965600000199629
5092,0.009476399998675333
5093,0.010254500000883127
5094,0.009787599999981467
5095,0.010524400000576861
5096,0.00969500000064727
5097,0.009735299998283153
5098,0.00998020000042743
5099,0.010441500002343673
5100,0.00944320000053267
5101,0.008070299998507835
5102,0.007013999998889631
5103,0.00870529999883729
5104,0.008974500000476837
5105,0.009242799998901319
5106,0.009848400000919355
5107,0.009840700000495417
5108,0.00979640000150539
5109,0.007915800000773743
5110,0.0078031000011833385
5111,0.006589500000700355
5112,0.008079600000201026
5113,0.006562800001120195
5114,0.007740500001091277
5115,0.0069655000006605405
5116,0.008270500002254266
5117,0.00961000000097556
5118,0.00882360000105109
5119,0.0073957999993581325
5120,0.00818970000182162
5121,0.007314400001632748
5122,0.009855099997366779
5123,0.010402399999293266
5124,0.009568500001478242
5125,0.010458400000061374
5126,0.010144699997908901
5127,0.009791299999051262
5128,0.009850599999481346
5129,0.009472800000366988
5130,0.00971650000064983
5131,0.009834000000410015
5132,0.009378599999763537
5133,0.009577100001479266
5134,0.009455999999772757
5135,0.009587000000465196
5136,0.009914400001434842
5137,0.00955460000113817
5138,0.009011199999804376
5139,0.008091799998510396
5140,0.00871750000078464
5141,0.00809569999910309
5142,0.007896099999925354
5143,0.007004099999903701
5144,0.007997900000191294
5145,0.006959499998629326
5146,0.008611799999926006
5147,0.008960399998613866
5148,0.007922599997982616
5149,0.0070034000018495135
5150,0.010319499997422099
5151,0.009438699999009259
5152,0.008992799997940892
5153,0.008813500000542263
5154,0.007052900000417139
5155,0.008113300002150936
5156,0.008147399999870686
5157,0.00906119999854127
5158,0.008116900000459282
5159,0.010143299998162547
5160,0.010493699999642558
5161,0.009978799997043097
5162,0.008785800000623567
5163,0.009523600001557497
5164,0.010000300000683637
5165,0.009957099999155616
5166,0.008658499999000924
5167,0.009299100001953775
5168,0.008650899999338435
5169,0.01002370000060182
5170,0.009699099999124883
5171,0.009623099998862017
5172,0.00871250000272994
5173,0.0065924000009545125
5174,0.007838300000003073
5175,0.008089800001471303
5176,0.009033500002260553
5177,0.008164299997588387
5178,0.009582200000295416
5179,0.009450900000956608
5180,0.008659899998747278
5181,0.00822889999835752
5182,0.008474599999317434
5183,0.008713400002307026
5184,0.009449999997741543
5185,0.010234699999273289
5186,0.010186399998929119
5187,0.009344400001282338
5188,0.007891099998232676
5189,0.010136799999600044
5190,0.01116360000014538
5191,0.009391100000357255
5192,0.009469599997828482
5193,0.009216499998728978
5194,0.00897149999946123
5195,0.009146500000497326
5196,0.008940700001403457
5197,0.009608000000298489
5198,0.008000200003152713
5199,0.008183500001905486
5200,0.008523699998477241
5201,0.008609900000010384
5202,0.009295299998484552
5203,0.008634800000436371
5204,0.010452799997437978
5205,0.008933299999625888
5206,0.009568199999193894
5207,0.009652599997934885
5208,0.006636300000536721
5209,0.007891600002039922
5210,0.008963500000390923
5211,0.008698799996636808
5212,0.006916300000739284
5213,0.008538699999917299
5214,0.01089979999960633
5215,0.009640599997510435
5216,0.010341400000470458
5217,0.009589699999196455
5218,0.009905099999741651
5219,0.00994150000042282
5220,0.009049399999639718
5221,0.009519700000964804
5222,0.009503599998424761
5223,0.009448700002394617
5224,0.009574499999871477
5225,0.009526000001642387
5226,0.009590399997250643
5227,0.009428499997738982
5228,0.00972130000081961
5229,0.0096464999987802
5230,0.009548799996991875
5231,0.008467699997709133
5232,0.007003900002018781
5233,0.008087099999102065
5234,0.009406500001205131
5235,0.009819200000492856
5236,0.009484800000791438
5237,0.0075593000001390465
5238,0.006950999999389751
5239,0.010264300002745586
5240,0.010157700002309866
5241,0.010174300001381198
5242,0.010133700001460966
5243,0.009778799998457544
5244,0.007019699998636497
5245,0.007093799998983741
5246,0.0072859000028984156
5247,0.006931600000825711
5248,0.008118900001136353
5249,0.0070340999991458375
5250,0.009635900001740083
5251,0.009654999998019775
5252,0.015397999999549938
5253,0.0070161000003281515
5254,0.006933500000741333
5255,0.008805000001302687
5256,0.008665299999847775
5257,0.009491900000284659
5258,0.010276299999532057
5259,0.008798799997748574
5260,0.011460599998827092
5261,0.010048500000266358
5262,0.008106400000542635
5263,0.009185300001263386
5264,0.00812930000029155
5265,0.010734899999079062
5266,0.010881900001550093
5267,0.009444299997994676
5268,0.00901499999963562
5269,0.00821630000064033
5270,0.008609499996964587
5271,0.00814170000012382
5272,0.01010350000069593
5273,0.009516199999779928
5274,0.008095999997749459
5275,0.009598500000720378
5276,0.009917999999743188
5277,0.009799200000998098
5278,0.00978650000251946
5279,0.008101900002657203
5280,0.008959999999206048
5281,0.008108399997581728
5282,0.011360799999238225
5283,0.010092399999848567
5284,0.009491100001469022
5285,0.0097697999990487
5286,0.009417299999768147
5287,0.009556199998769443
5288,0.00965379999979632
5289,0.008591700003307778
5290,0.00917219999973895
5291,0.009500299998762785
5292,0.009499499999947147
5293,0.009545799999614246
5294,0.009517999998934101
5295,0.009473400001297705
5296,0.00813170000037644
5297,0.008829200000036508
5298,0.008100700000795769
5299,0.009225899997545639
5300,0.009449799999856623
5301,0.009588000000803731
5302,0.008980400001746602
5303,0.006519399998069275
5304,0.006752500001312001
5305,0.006938599999557482
5306,0.006482799999503186
5307,0.009034199996676762
5308,0.009009500001411652
5309,0.00962950000030105
5310,0.009827000001678243
5311,0.009476100000028964
5312,0.009932600001775427
5313,0.009844099997280864
5314,0.009562499999447027
5315,0.01006740000229911
5316,0.008138999997754581
5317,0.009817799997108523
5318,0.009536699999443954
5319,0.009462499998335261
5320,0.009846000000834465
5321,0.009558899997500703
5322,0.009524500001134584
5323,0.009165300001768628
5324,0.0070511000012629665
5325,0.006981799997447524
5326,0.010146399999939604
5327,0.009602400001313072
5328,0.009008000000903849
5329,0.00937329999942449
5330,0.0070333000003302
5331,0.009238900001946604
5332,0.009035000002768356
5333,0.0096125000018219
5334,0.009589199999027187
5335,0.010160599998926045
5336,0.010452700000314508
5337,0.010545400000410154
5338,0.008631299999251496
5339,0.009658399998443201
5340,0.00893730000098003
5341,0.009482599998591468
5342,0.00958369999716524
5343,0.009022800000821007
5344,0.009776599999895552
5345,0.010187799998675473
5346,0.008095799999864539
5347,0.006971200000407407
5348,0.010056600000098115
5349,0.01024409999808995
5350,0.00807110000096145
5351,0.009458100001211278
5352,0.009511899999779416
5353,0.009461199999350356
5354,0.009004499999718973
5355,0.009019099998113234
5356,0.009362500000861473
5357,0.009488399999099784
5358,0.010637800001859432
5359,0.01055149999956484
5360,0.00810799999817391
5361,0.00928590000330587
5362,0.009470600001804996
5363,0.009885799998301081
5364,0.009772500001417939
5365,0.006981499998801155
5366,0.006881799999973737
5367,0.010615799998049624
5368,0.009834700002102181
5369,0.009159500001260312
5370,0.01012790000095265
5371,0.008641200001875404
5372,0.008518100003129803
5373,0.009164399998553563
5374,0.008683800002472708
5375,0.00863010000102804
5376,0.009042199999385048
5377,0.010193999998591607
5378,0.01046199999836972
5379,0.0069827000006625894
5380,0.007162800000514835
5381,0.010801200001878897
5382,0.0104618000004848
5383,0.010919800002739066
5384,0.010376300000643823
5385,0.010856500000954838
5386,0.010687199999665609
5387,0.006573299997398863
5388,0.006506100002297899
5389,0.008622599998489022
5390,0.008173300000635209
5391,0.008394899999984773
5392,0.008841499999107327
5393,0.008123299998260336
5394,0.008858400000463007
5395,0.008036799998080824
5396,0.009289500001614215
5397,0.008292899998195935
5398,0.008853299998008879
5399,0.008100299997749971
5400,0.009536500001559034
5401,0.009125499997026054
5402,0.009002000002510613
5403,0.009042300000146497
5404,0.008943100001488347
5405,0.009397800000442658
5406,0.00904860000082408
5407,0.00888190000114264
5408,0.008385499997530133
5409,0.00839080000150716
5410,0.009551299997838214
5411,0.009028299999044975
5412,0.009390700000949437
5413,0.009523400000034599
5414,0.008955400000559166
5415,0.008183899997675326
5416,0.009691400002338924
5417,0.010319999997591367
5418,0.01010409999798867
5419,0.00975760000073933
5420,0.01013020000027609
5421,0.010036800002126256
5422,0.007985600001120474
5423,0.0065843999982462265
5424,0.008330799999384908
5425,0.008558000001357868
5426,0.009705799999210285
5427,0.008463900001515867
5428,0.010443700000905665
5429,0.009498200000962242
5430,0.007768499999656342
5431,0.009003799998026807
5432,0.00905879999845638
5433,0.0097167999992962
5434,0.009805500001675682
5435,0.008642799999506678
5436,0.009505999998509651
5437,0.00900799999726587
5438,0.009594999999535503
5439,0.009754200000315905
5440,0.009069600000657374
5441,0.009548199999699136
5442,0.009007199998450233
5443,0.008137300002999837
5444,0.007197899998573121
5445,0.009677599999122322
5446,0.010305400002835086
5447,0.008619000000180677
5448,0.009055499998794403
5449,0.008614499998657266
5450,0.008670300001540454
5451,0.006540499998664018
5452,0.00822360000165645
5453,0.009448500000871718
5454,0.008583099999668775
5455,0.006904500001837732
5456,0.0073962999995274
5457,0.006855300001916476
5458,0.008295699997688644
5459,0.009090499999729218
5460,0.010437200002343161
5461,0.010210899999947287
5462,0.009463400001550326
5463,0.00996579999991809
5464,0.009488100000453414
5465,0.00869059999968158
5466,0.008232200001657475
5467,0.008494000001519453
5468,0.008577900000091176
5469,0.01020980000248528
5470,0.010014199997385731
5471,0.009277899996959604
5472,0.0075849999993806705
5473,0.006951799998205388
5474,0.010097300000779796
5475,0.009492299999692477
5476,0.00955699999758508
5477,0.008603300000686431
5478,0.00660760000027949
5479,0.008007500000530854
5480,0.006533899999340065
5481,0.0075759999999718275
5482,0.00658570000086911
5483,0.00681060000351863
5484,0.009705700002086814
5485,0.008371600000828039
5486,0.009633300000132294
5487,0.00903660000039963
5488,0.007380999999440974
5489,0.008549199999833945
5490,0.00728739999976824
5491,0.009291399997891858
5492,0.010014799998316448
5493,0.010151599999517202
5494,0.010095099998579826
5495,0.007613500001752982
5496,0.008022399997571483
5497,0.006900100001075771
5498,0.00855990000127349
5499,0.010760100001789397
5500,0.010050299999420531
5501,0.009924300000420772
5502,0.009439199999178527
5503,0.00929790000009234
5504,0.0082817000002251
5505,0.009401700001035351
5506,0.009381299998494796
5507,0.009431800001038937
5508,0.009814199998800177
5509,0.009526000001642387
5510,0.009786300000996562
5511,0.009742199999891454
5512,0.007250300001032883
5513,0.007499800001824042
5514,0.006975500000407919
5515,0.0069268000006559305
5516,0.0077149000026111025
5517,0.006969000001845416
5518,0.009108300000661984
5519,0.008895499999198364
5520,0.010097800000949064
5521,0.010741499998403015
5522,0.008557100001780782
5523,0.010352100001910003
5524,0.010492800000065472
5525,0.008114900003420189
5526,0.00927619999856688
5527,0.009522299998934614
5528,0.010677999998733867
5529,0.01022450000164099
5530,0.00960309999936726
5531,0.009802500000660075
5532,0.009611299999960465
5533,0.009471600002143532
5534,0.009045899998454843
5535,0.0070047000008344185
5536,0.007929100000183098
5537,0.0070536999992327765
5538,0.00924220000160858
5539,0.009658200000558281
5540,0.009570999998686602
5541,0.009321400000771973
5542,0.007115899999917019
5543,0.0069382000001496635
5544,0.010367900002165698
5545,0.00938759999917238
5546,0.0069554000001517124
5547,0.00842450000345707
5548,0.009053199999470962
5549,0.010164999999688007
5550,0.01020060000155354
5551,0.010343099998863181
5552,0.010117399997398024
5553,0.009511600001133047
5554,0.00917459999982384
5555,0.00930280000102357
5556,0.008977500001492444
5557,0.009279699999751756
5558,0.00897139999869978
5559,0.009396300003572833
5560,0.009009599998535123
5561,0.009760900000401307
5562,0.009990500002459157
5563,0.010172499998589046
5564,0.01028010000300128
5565,0.009795800000574673
5566,0.00901990000056685
5567,0.009542800002236618
5568,0.00905869999769493
5569,0.010329299999284558
5570,0.009970300001441501
5571,0.009050000000570435
5572,0.009251700001186691
5573,0.008926900001824833
5574,0.009206599999743048
5575,0.009197100000164937
5576,0.008849699999700533
5577,0.007922799999505514
5578,0.008164099999703467
5579,0.00912880000032601
5580,0.009901600002194755
5581,0.009932799999660347
5582,0.009781599997950252
5583,0.009559999998600688
5584,0.009705199998279568
5585,0.008993700001155958
5586,0.01059969999914756
5587,0.009817699999985052
5588,0.008979499998531537
5589,0.009660499999881722
5590,0.009030400000483496
5591,0.011012499999196734
5592,0.010419700000056764
5593,0.00812460000088322
5594,0.00951310000164085
5595,0.009656900001573376
5596,0.009075000001757871
5597,0.008859199999278644
5598,0.00696089999837568
5599,0.007981399998243432
5600,0.009456700001464924
5601,0.009732799997436814
5602,0.009407900000951486
5603,0.009564699998009019
5604,0.007649400002264883
5605,0.009530600000289269
5606,0.009084400000574533
5607,0.007003200000326615
5608,0.008034200000111014
5609,0.00905110000167042
5610,0.009512199998425785
5611,0.008855899999616668
5612,0.00852649999796995
5613,0.008115100001305109
5614,0.009540800001559546
5615,0.009380700001202058
5616,0.008698400000866968
5617,0.009403299998666625
5618,0.00956699999733246
5619,0.009854299998551141
5620,0.009729600002174266
5621,0.009425099997315556
5622,0.009986900000512833
5623,0.008612300000095274
5624,0.00960050000139745
5625,0.009763700003531994
5626,0.00915549999990617
5627,0.008114500000374392
5628,0.009463700000196695
5629,0.00995370000237017
5630,0.00909230000252137
5631,0.010918400002992712
5632,0.011309899997286266
5633,0.012065200000506593
5634,0.007474699999875156
5635,0.009567400000378257
5636,0.011455200001364574
5637,0.010787100000015926
5638,0.010376199999882374
5639,0.00851429999966058
5640,0.011114200002339203
5641,0.010332099998777267
5642,0.00984249999964959
5643,0.009666500001912937
5644,0.009665599998697871
5645,0.009621900000638561
5646,0.010599299999739742
5647,0.010197199997492135
5648,0.009269700000004377
5649,0.009826800000155345
5650,0.010242199998174328
5651,0.009983899999497226
5652,0.01000220000059926
5653,0.009482400000706548
5654,0.009988699999667006
5655,0.009418600002391031
5656,0.00770360000024084
5657,0.006503900000097929
5658,0.0076225999982852954
5659,0.0065578999965509865
5660,0.0077395000007527415
5661,0.006976900000154274
5662,0.007921000000351341
5663,0.006987000000663102
5664,0.007893700003478443
5665,0.00896909999937634
5666,0.008974899999884656
5667,0.006555700001626974
5668,0.007852300001104595
5669,0.009473100002651336
5670,0.009344799997052178
5671,0.00794800000221585
5672,0.00818759999674512
5673,0.008071700001892168
5674,0.007987400000274647
5675,0.0071833000001788605
5676,0.00914819999889005
5677,0.00855319999755011
5678,0.009212299999489915
5679,0.00901279999743565
5680,0.008236499998020008
5681,0.008938800001487834
5682,0.008586199997807853
5683,0.009033400001499103
5684,0.008635700000013458
5685,0.008971299997938331
5686,0.007011199999396922
5687,0.009942299999238458
5688,0.010150900001463015
5689,0.009950300001946744
5690,0.008650400002807146
5691,0.006974899999477202
5692,0.009195599999657134
5693,0.00947480000104406
5694,0.008801799998764182
5695,0.008251300001575146
5696,0.009133399998972891
5697,0.009547900001052767
5698,0.008935499998187879
5699,0.008984600000985665
5700,0.008092000000033295
5701,0.008044400001381291
5702,0.00693170000158716
5703,0.008868000000802567
5704,0.008575700001529185
5705,0.010573999999905936
5706,0.00912160000007134
5707,0.008670299997902475
5708,0.009504199999355478
5709,0.008602099998824997
5710,0.01029279999784194
5711,0.009918100000504637
5712,0.0086617999986629
5713,0.00951340000028722
5714,0.008709999998245621
5715,0.009537999998428859
5716,0.008977600002253894
5717,0.009172800000669667
5718,0.0093659000012849
5719,0.008137799999531126
5720,0.009090999999898486
5721,0.008969599999545608
5722,0.008978199999546632
5723,0.0080883000009635
5724,0.010378399998444365
5725,0.010755100000096718
5726,0.009708400000818074
5727,0.00964659999954165
5728,0.009679200000391575
5729,0.009002499999041902
5730,0.009420799997315044
5731,0.008903199999622302
5732,0.009470500001043547
5733,0.009045999999216292
5734,0.010967899997922359
5735,0.010777800001960713
5736,0.009894300001178635
5737,0.00970670000242535
5738,0.00929579999865382
5739,0.009453200000280049
5740,0.0096395999971719
5741,0.009397899997566128
5742,0.009677400001237402
5743,0.009882800000923453
5744,0.008664400000270689
5745,0.010085599999001715
5746,0.010229700001218589
5747,0.009176399998978013
5748,0.009621099998184945
5749,0.010145100000954699
5750,0.009946399997716071
5751,0.009547599998768419
5752,0.009500000000116415
5753,0.009808399998291861
5754,0.009031000001414213
5755,0.009238799997547176
5756,0.008850999998685438
5757,0.006839099998614984
5758,0.006517599998915102
5759,0.009844200001680292
5760,0.009430300000531133
5761,0.010153600000194274
5762,0.009911500001180684
5763,0.00897379999878467
5764,0.009833200001594378
5765,0.009794599998713238
5766,0.009602399997675093
5767,0.00921809999999823
5768,0.008601400000770809
5769,0.008532400002877694
5770,0.008039099997404264
5771,0.009207499999320135
5772,0.009468799999012845
5773,0.008994199997687247
5774,0.009933500001352513
5775,0.010201100001722807
5776,0.00957389999894076
5777,0.008679400001710746
5778,0.008996799999295035
5779,0.009996799999498762
5780,0.009474499998759711
5781,0.007699699999648146
5782,0.006999199998972472
5783,0.008656000001792563
5784,0.008119099999021273
5785,0.00987650000024587
5786,0.010002999999414897
5787,0.010772400000860216
5788,0.009737100001075305
5789,0.01007009999739239
5790,0.009508199997071642
5791,0.008442600003036205
5792,0.006942300002265256
5793,0.009153400002105627
5794,0.009989300000597723
5795,0.008638700001029065
5796,0.008218499999202322
5797,0.008247300000221003
5798,0.008783100001892308
5799,0.010157900000194786
5800,0.010323300000891322
5801,0.009564600000885548
5802,0.009487200000876328
5803,0.009582200000295416
5804,0.008573600000090664
5805,0.008685100001457613
5806,0.009452199999941513
5807,0.008783099998254329
5808,0.008168899999873247
5809,0.01037720000022091
5810,0.009860800000751624
5811,0.00893530000030296
5812,0.00993190000008326
5813,0.00946019999901182
5814,0.008156500000040978
5815,0.008889900000212947
5816,0.008007299999007955
5817,0.007679500002268469
5818,0.006978299999900628
5819,0.008551200000511017
5820,0.006974600000830833
5821,0.0077186000016808975
5822,0.0087801000008767
5823,0.009707999997772276
5824,0.010208600000623846
5825,0.00893299999734154
5826,0.008103100000880659
5827,0.008817100002488587
5828,0.008618700001534307
5829,0.0074748000006366055
5830,0.007836099997803103
5831,0.009582099999533966
5832,0.00944330000129412
5833,0.008112999999866588
5834,0.008880299999873387
5835,0.008051500000874512
5836,0.009404199998243712
5837,0.009132499999395804
5838,0.007214000001113163
5839,0.006904400001076283
5840,0.0105660999979591
5841,0.009721999998873798
5842,0.009720000001834705
5843,0.008381499999813968
5844,0.006993899998633424
5845,0.00879480000003241
5846,0.008591800000431249
5847,0.011283600000751903
5848,0.010322800000722054
5849,0.008091700001386926
5850,0.00992979999864474
5851,0.010593700000754325
5852,0.008626899998489534
5853,0.009471299999859184
5854,0.008649800001876429
5855,0.009440300000278512
5856,0.008635800000774907
5857,0.009164399998553563
5858,0.008966000001237262
5859,0.010764900001959177
5860,0.01069170000118902
5861,0.009111100000154693
5862,0.009177799998724367
5863,0.009403100000781706
5864,0.009496199996647192
5865,0.009229499999491964
5866,0.00897629999963101
5867,0.007380700000794604
5868,0.006561800000781659
5869,0.009724299998197239
5870,0.00981359999786946
5871,0.009433200000785291
5872,0.009691399998700945
5873,0.009035600000061095
5874,0.0091381000020192
5875,0.008971899998869048
5876,0.010885300001973519
5877,0.010429499998281244
5878,0.00944780000281753
5879,0.009790200001589255
5880,0.00976509999964037
5881,0.008985300002677832
5882,0.008189299998775823
5883,0.006545799999003066
5884,0.007443400001648115
5885,0.006567699998413445
5886,0.007340000000112923
5887,0.00905100000090897
5888,0.00952540000071167
5889,0.008602000001701526
5890,0.009816100002353778
5891,0.009449299999687355
5892,0.009833899999648565
5893,0.009204599999065977
5894,0.008232700001826743
5895,0.009640000000217697
5896,0.009739699999045115
5897,0.008832200001052115
5898,0.00877079999918351
5899,0.00804259999858914
5900,0.009431300000869669
5901,0.009404000000358792
5902,0.00966869999683695
5903,0.009500500000285683
5904,0.009586899999703746
5905,0.010029799999756506
5906,0.009449400000448804
5907,0.009195199996611336
5908,0.008743500002310611
5909,0.008877999996911967
5910,0.007954199998494005
5911,0.009518700000626268
5912,0.00969220000115456
5913,0.008094999997410923
5914,0.009683500000392087
5915,0.008988000001409091
5916,0.007722400001512142
5917,0.006968999998207437
5918,0.009879500001261476
5919,0.009707299999718089
5920,0.00809089999893331
5921,0.00923510000211536
5922,0.008948300001065945
5923,0.009291400001529837
5924,0.009452100002818042
5925,0.010597600001347018
5926,0.009035700000822544
5927,0.009449000001040986
5928,0.008139800000208197
5929,0.006932000000233529
5930,0.007869799999753013
5931,0.006944299999304349
5932,0.007884099999500904
5933,0.007073599997966085
5934,0.008211600001232
5935,0.006904900001245551
5936,0.00785580000228947
5937,0.0068567999987863
5938,0.007963399999425747
5939,0.01004589999865857
5940,0.010134700001799501
5941,0.010001799997553462
5942,0.010058399999252288
5943,0.00923490000059246
5944,0.006947300000319956
5945,0.008656099998916034
5946,0.009815500001423061
5947,0.01004330000068876
5948,0.01010619999942719
5949,0.009062399996764725
5950,0.009322900001279777
5951,0.00816819999818108
5952,0.0091431000000739
5953,0.00879960000020219
5954,0.010998699999618111
5955,0.01043270000081975
5956,0.00945779999892693
5957,0.009689700000308221
5958,0.009774499998457031
5959,0.009441799997148337
5960,0.009222000000590924
5961,0.008080299998255214
5962,0.009594799998012604
5963,0.009519400002318434
5964,0.009413300002051983
5965,0.009676199999375967
5966,0.00947939999969094
5967,0.00982049999947776
5968,0.009837300000071991
5969,0.009435099997062935
5970,0.010202299999946263
5971,0.008101100000203587
5972,0.009731899997859728
5973,0.00990059999821824
5974,0.009521300002234057
5975,0.0097700000005716
5976,0.009434600000531645
5977,0.009614599999622442
5978,0.008377000001928536
5979,0.0071865000027173664
5980,0.006948300000658492
5981,0.010523899996769615
5982,0.009495800000877352
5983,0.007128799999918556
5984,0.007934399996884167
5985,0.006590900000446709
5986,0.007253200001287041
5987,0.00947009999799775
5988,0.009611900000891183
5989,0.008618899999419227
5990,0.008998799999972107
5991,0.008096999998087995
5992,0.00890830000207643
5993,0.008137299999361858
5994,0.009471399996982655
5995,0.009613599999283906
5996,0.009436899999855086
5997,0.009974299999157665
5998,0.009430599999177502
5999,0.007728100001259008
6000,0.007048600000416627
6001,0.009735100000398234
6002,0.009314200000517303
6003,0.007030600001598941
6004,0.007881400000769645
6005,0.009007299999211682
6006,0.009160900001006667
6007,0.008091299998341128
6008,0.008831400002236478
6009,0.008106500001304084
6010,0.008818599999358412
6011,0.008149199999024859
6012,0.008800200001132907
6013,0.008170999997673789
6014,0.008786800000962103
6015,0.008808699996734504
6016,0.006563399998412933
6017,0.006495100002211984
6018,0.007366599998931633
6019,0.006499199997051619
6020,0.007341100001212908
6021,0.00653240000247024
6022,0.007586399999127025
6023,0.0072130000007746276
6024,0.008253599997260608
6025,0.008546199998818338
6026,0.008835299999191193
6027,0.007255600001371931
6028,0.008300999998027692
6029,0.006932500000402797
6030,0.0089616000004753
6031,0.011432300001615658
6032,0.010705700002290541
6033,0.009822500000154832
6034,0.008980700000392972
6035,0.008796300000540214
6036,0.008108699999866076
6037,0.008710400001291418
6038,0.008056200000282843
6039,0.008750299999519484
6040,0.008940700001403457
6041,0.008666499998071231
6042,0.009029100001498591
6043,0.00948430000062217
6044,0.008911599998100428
6045,0.007645300000149291
6046,0.008469700002024183
6047,0.008103100000880659
6048,0.008687100002134684
6049,0.00821679999717162
6050,0.00855270000101882
6051,0.008976700002676807
6052,0.009430199999769684
6053,0.010136500000953674
6054,0.009351799999421928
6055,0.009897700001602061
6056,0.009964000000763917
6057,0.00949409999884665
6058,0.00982329999897047
6059,0.009286500000598608
6060,0.008640799998829607
6061,0.009207400002196664
6062,0.006982699997024611
6063,0.008084799999778625
6064,0.009454200000618584
6065,0.009658899998612469
6066,0.009147599997959333
6067,0.007833500003471272
6068,0.0069121999986236915
6069,0.009297000000515254
6070,0.009805800000322051
6071,0.010043500002211658
6072,0.010064699999929871
6073,0.00993699999889941
6074,0.010189299999183277
6075,0.010179199998674449
6076,0.008527599999069935
6077,0.008759000000281958
6078,0.008048100000451086
6079,0.00967790000140667
6080,0.010001399998145644
6081,0.00941180000154418
6082,0.009673399999883259
6083,0.009442499998840503
6084,0.00827460000073188
6085,0.006954700002097525
6086,0.008708599998499267
6087,0.008078300001216121
6088,0.008037100000365172
6089,0.007323900001210859
6090,0.009160800000245217
6091,0.008646000002045184
6092,0.007657400001335191
6093,0.007755499998893356
6094,0.00871009999900707
6095,0.009684000000561355
6096,0.009487299997999799
6097,0.010575000000244472
6098,0.010353300000133459
6099,0.009877199998300057
6100,0.009825700002693338
6101,0.008544699998310534
6102,0.010081300002639182
6103,0.009865100000752136
6104,0.009089600000152132
6105,0.010179000000789529
6106,0.010175499999604654
6107,0.009505899997748202
6108,0.009835799999564188
6109,0.00781269999788492
6110,0.008718100001715356
6111,0.008575800002290634
6112,0.0097940000014205
6113,0.009954199998901458
6114,0.009463999998843065
6115,0.00996099999974831
6116,0.008984500000224216
6117,0.009659600000304636
6118,0.009734100000059698
6119,0.009408499998244224
6120,0.009859199999482371
6121,0.009657700000389013
6122,0.009762999998201849
6123,0.009194599999318598
6124,0.008104100001219194
6125,0.00918699999965611
6126,0.008617199997388525
6127,0.009136699998634867
6128,0.008137900000292575
6129,0.007917199996882118
6130,0.006942699998035096
6131,0.009236400001100264
6132,0.008338100000401028
6133,0.0083569999987958
6134,0.008165399998688372
6135,0.010188299998844741
6136,0.009915300001011929
6137,0.009436899999855086
6138,0.008850900001561968
6139,0.008059700001467718
6140,0.008856800002831733
6141,0.008164900002157083
6142,0.01035279999996419
6143,0.008896800001821248
6144,0.008082600001216633
6145,0.008902000001398847
6146,0.008093700002063997
6147,0.010213399997155648
6148,0.010414399999717716
6149,0.007788400002027629
6150,0.007908499999757623
6151,0.009120199996687006
6152,0.008573300001444295
6153,0.006633900000451831
6154,0.008058099996560486
6155,0.009467799998674309
6156,0.00984940000125789
6157,0.00941180000154418
6158,0.010883700000704266
6159,0.009261299997888273
6160,0.00655679999908898
6161,0.007642100001248764
6162,0.007391500002995599
6163,0.00844899999719928
6164,0.0085986000012781
6165,0.008701499999006046
6166,0.007317499999771826
6167,0.008855899999616668
6168,0.009919100000843173
6169,0.010598699998809025
6170,0.009826400000747526
6171,0.008621700002549915
6172,0.010108999998919899
6173,0.008628600000520237
6174,0.007673500000237254
6175,0.006560400001035305
6176,0.008803799999441253
6177,0.009484700000029989
6178,0.01081509999858099
6179,0.010704999996960396
6180,0.010163300001295283
6181,0.010008799999923212
6182,0.009705600001325365
6183,0.009502699998847675
6184,0.009756700001162244
6185,0.009451199999602977
6186,0.00967809999929159
6187,0.009581700000126148
6188,0.009441300000617048
6189,0.009688100002676947
6190,0.009475599999859696
6191,0.009253600001102313
6192,0.009398000001965556
6193,0.006571400001121219
6194,0.0075283000005583744
6195,0.009529400002065813
6196,0.009577299999364186
6197,0.008054199999605771
6198,0.008186799997929484
6199,0.006562999999005115
6200,0.008218700000725221
6201,0.008623200003057718
6202,0.010681299998395843
6203,0.010427099998196354
6204,0.008931899999879533
6205,0.008466799998132046
6206,0.006948999998712679
6207,0.008657200000016019
6208,0.009212199998728465
6209,0.010553500000241911
6210,0.011198199998034397
6211,0.007673299998714356
6212,0.007532600000558887
6213,0.007299399996554712
6214,0.00946990000011283
6215,0.010898799999267794
6216,0.010823599997820565
6217,0.009079600000404753
6218,0.010162099999433849
6219,0.010030099998402875
6220,0.009991599999921164
6221,0.006996799998887582
6222,0.007032900000922382
6223,0.010005799998907605
6224,0.009117400000832276
6225,0.006976900000154274
6226,0.007758899999316782
6227,0.006980699999985518
6228,0.007612100002006628
6229,0.00905159999820171
6230,0.009538199999951757
6231,0.009397900001204107
6232,0.00992459999906714
6233,0.009790899999643443
6234,0.010192400000960333
6235,0.010343899997678818
6236,0.010277000001224224
6237,0.010197299998253584
6238,0.009970300001441501
6239,0.00901279999743565
6240,0.01010129999849596
6241,0.01013520000196877
6242,0.00860839999950258
6243,0.009207299997797236
6244,0.008070899999438552
6245,0.009017000000312692
6246,0.008048800002143253
6247,0.010024900002463255
6248,0.009620900000300026
6249,0.008979700000054436
6250,0.009074899997358443
6251,0.007004299997788621
6252,0.008600299999670824
6253,0.009441499998501968
6254,0.009452300000702962
6255,0.008783900000707945
6256,0.0069268000006559305
6257,0.0065271999992546625
6258,0.008980799997516442
6259,0.008730500001547625
6260,0.01041099999929429
6261,0.01076190000094357
6262,0.010076700000354322
6263,0.010117300000274554
6264,0.009216599999490427
6265,0.008464899998216424
6266,0.009565699998347554
6267,0.009641199998441152
6268,0.007019600001513027
6269,0.006910300002346048
6270,0.009529999999358552
6271,0.009832300002017291
6272,0.008939299998019123
6273,0.008833900003082817
6274,0.006978200002777157
6275,0.008653799999592593
6276,0.009403199997905176
6277,0.010553000000072643
6278,0.009836299999733455
6279,0.008096300000033807
6280,0.008923699999286328
6281,0.009462900001381058
6282,0.009546900000714231
6283,0.006543600000441074
6284,0.0074906000008923
6285,0.0065431000002718065
6286,0.008014800001546973
6287,0.009486499999184161
6288,0.009785199999896577
6289,0.009519200000795536
6290,0.00947699999960605
6291,0.009496800001215888
6292,0.00809559999834164
6293,0.00873420000061742
6294,0.008105799999611918
6295,0.008438199998636264
6296,0.007318500000110362
6297,0.009478500000113854
6298,0.010199599997577025
6299,0.009981399998650886
6300,0.011547500002052402
6301,0.01260309999997844
6302,0.01022240000020247
6303,0.011663599998428253
6304,0.010024700000940356
6305,0.008331900000484893
6306,0.00972159999946598
6307,0.009034700000484008
6308,0.009060200001840713
6309,0.0091312000004109
6310,0.008611500001279637
6311,0.009352299999591196
6312,0.008084400000370806
6313,0.009814200002438156
6314,0.009428599998500431
6315,0.010920299999270355
6316,0.009620400000130758
6317,0.009071000000403728
6318,0.009310800000093877
6319,0.007016600000497419
6320,0.007960899998579407
6321,0.007319399999687448
6322,0.010095300000102725
6323,0.010535900000832044
6324,0.010095900001033442
6325,0.01020760000028531
6326,0.009110000002692686
6327,0.006772400000045309
6328,0.006551200000103563
6329,0.008977100002084626
6330,0.009105799999815645
6331,0.009435600000870181
6332,0.009573400002409471
6333,0.00898379999853205
6334,0.009917700001096819
6335,0.009771900000487221
6336,0.0070067999986349605
6337,0.006945500001165783
6338,0.009597700001904741
6339,0.009821400002692826
6340,0.009490899999946123
6341,0.009667599999374943
6342,0.007902800000010757
6343,0.009213500001351349
6344,0.00970679999954882
6345,0.010306299998774193
6346,0.009913699999742676
6347,0.009474999998928979
6348,0.00968760000250768
6349,0.009501900000032037
6350,0.009042099998623598
6351,0.008588900000177091
6352,0.009422800001630094
6353,0.009764499998709653
6354,0.00950860000011744
6355,0.00939509999807342
6356,0.009250399998563807
6357,0.008114299998851493
6358,0.008832499999698484
6359,0.008086800000455696
6360,0.01043059999938123
6361,0.01043299999946612
6362,0.009508299997833092
6363,0.010028400000010151
6364,0.009465000002819579
6365,0.009554899999784539
6366,0.00958810000156518
6367,0.009832499999902211
6368,0.00901739999972051
6369,0.006579900000360794
6370,0.008957199999713339
6371,0.009514199999102857
6372,0.010077300001285039
6373,0.009584899999026675
6374,0.008125000000291038
6375,0.00932220000322559
6376,0.008954299999459181
6377,0.00913859999855049
6378,0.008875300001818687
6379,0.009695400000055088
6380,0.009644600002502557
6381,0.008916999999200925
6382,0.008919399999285815
6383,0.008082500000455184
6384,0.00857969999924535
6385,0.008070899999438552
6386,0.009377499998663552
6387,0.009143600000243168
6388,0.008975900000223191
6389,0.009200300002703443
6390,0.009027899999637157
6391,0.007682200000999728
6392,0.006557900000188965
6393,0.007927900001959642
6394,0.009465400002227398
6395,0.010438799999974435
6396,0.010511299999052426
6397,0.009447699998418102
6398,0.009761900000739843
6399,0.009000999998534098
6400,0.009739599998283666
6401,0.009709899997687899
6402,0.009441000001970679
6403,0.00971420000132639
6404,0.009463100002903957
6405,0.009725100000650855
6406,0.009654999998019775
6407,0.00941180000154418
6408,0.00956150000274647
6409,0.009455999999772757
6410,0.009589600002072984
6411,0.00961029999962193
6412,0.009819000002607936
6413,0.009634099998947931
6414,0.009413799998583272
6415,0.009799600000405917
6416,0.009696299999632174
6417,0.009426600001461338
6418,0.010234600002149818
6419,0.009872600003291154
6420,0.009506700000201818
6421,0.009887299998808885
6422,0.0081534000019019
6423,0.009403300002304604
6424,0.008699499998328974
6425,0.009914100002788473
6426,0.010291700000379933
6427,0.009833199997956399
6428,0.009382200001709862
6429,0.0081873999988602
6430,0.009007399999973131
6431,0.00849499999822001
6432,0.008150800000294112
6433,0.00874620000104187
6434,0.009772800000064308
6435,0.010860100002901163
6436,0.009892599999147933
6437,0.008655199999338947
6438,0.010204899997916073
6439,0.009629299998778151
6440,0.00934919999781414
6441,0.008820299997751135
6442,0.008781199998338707
6443,0.009386599998833844
6444,0.008635800000774907
6445,0.008142300001054537
6446,0.008679800001118565
6447,0.009747000000061234
6448,0.007658999998966465
6449,0.01039909999963129
6450,0.010239199997158721
6451,0.009467100000620121
6452,0.009421700000530109
6453,0.00896449999709148
6454,0.009446600000956096
6455,0.009195200000249315
6456,0.008965400000306545
6457,0.009394599997904152
6458,0.009052200002770405
6459,0.008053800000197953
6460,0.007014300001173979
6461,0.00947720000112895
6462,0.009647199996834388
6463,0.008171900000888854
6464,0.008746899999096058
6465,0.010182600002735853
6466,0.009098300000914605
6467,0.008116199998767115
6468,0.008743599999434082
6469,0.00804470000002766
6470,0.010545400000410154
6471,0.00932440000178758
6472,0.009135699998296332
6473,0.009511899999779416
6474,0.00953999999910593
6475,0.007471000000805361
6476,0.006945499997527804
6477,0.009181100002024323
6478,0.009303999999247026
6479,0.008986799999547657
6480,0.009069199997611577
6481,0.008949000002758112
6482,0.009340100001281826
6483,0.008103100000880659
6484,0.009987299999920651
6485,0.00998990000152844
6486,0.008185500002582557
6487,0.009199399999488378
6488,0.008171800000127405
6489,0.009020599998621037
6490,0.00809790000130306
6491,0.008813699998427182
6492,0.008125200001813937
6493,0.009826299999986077
6494,0.009747099997184705
6495,0.008623800000350457
6496,0.009386000001541106
6497,0.00810039999851142
6498,0.009672000000136904
6499,0.009451800000533694
6500,0.008907600000384264
6501,0.006524500000523403
6502,0.009667800000897842
6503,0.009659800001827534
6504,0.008689100002811756
6505,0.009129800000664545
6506,0.008111700000881683
6507,0.00816580000173417
6508,0.006950499999220483
6509,0.008366900001419708
6510,0.008123899999191053
6511,0.00912640000024112
6512,0.008679900001880014
6513,0.011132399999041809
6514,0.009303899998485576
6515,0.008912999997846782
6516,0.008758199997828342
6517,0.00804480000078911
6518,0.00909959999989951
6519,0.008605200000602053
6520,0.009792199998628348
6521,0.00970670000242535
6522,0.0090779999991355
6523,0.010709700000006706
6524,0.010872500002733432
6525,0.007393100000626873
6526,0.00872229999731644
6527,0.007502399999793852
6528,0.008555699998396449
6529,0.00734060000104364
6530,0.008418800000072224
6531,0.007374299999355571
6532,0.008627300001535332
6533,0.009900100001686951
6534,0.008600900000601541
6535,0.007396099998004502
6536,0.009768899999471614
6537,0.01023910000003525
6538,0.00996810000287951
6539,0.011870999998791376
6540,0.011728900000889553
6541,0.012039099998219172
6542,0.010436900000058813
6543,0.01075940000009723
6544,0.00952060000054189
6545,0.010847300000023097
6546,0.010330099998100195
6547,0.01014999999824795
6548,0.010763599999336293
6549,0.010142000002815621
6550,0.009980099999665981
6551,0.009303400001954287
6552,0.007673399999475805
6553,0.008618600000772858
6554,0.007666400000744034
6555,0.008124399999360321
6556,0.00859409999975469
6557,0.009988400001020636
6558,0.010553399999480462
6559,0.010408100002678111
6560,0.007366100002400344
6561,0.008163799997419119
6562,0.010712800001783762
6563,0.011251199997786898
6564,0.010689999999158317
6565,0.006853200000477955
6566,0.00784399999974994
6567,0.00994890000220039
6568,0.00934659999984433
6569,0.006908699997438816
6570,0.00864240000009886
6571,0.00946269999985816
6572,0.009571600003255298
6573,0.010470099998201476
6574,0.011919900000066264
6575,0.010390499999630265
6576,0.010222999997495208
6577,0.011282300001766998
6578,0.010959399998682784
6579,0.01047639999887906
6580,0.009068900002603186
6581,0.008314700000482844
6582,0.007058800001686905
6583,0.009564800002408447
6584,0.010424399999465095
6585,0.009006299998873146
6586,0.008917099999962375
6587,0.006966000000829808
6588,0.008485700000164798
6589,0.009582500002579764
6590,0.010041300000011688
6591,0.009448500000871718
6592,0.010041800000180956
6593,0.009892600002785912
6594,0.009564600000885548
6595,0.00861810000060359
6596,0.008204000001569511
6597,0.009603500002413057
6598,0.009723200000735233
6599,0.009562700000969926
6600,0.009772500001417939
6601,0.009474499998759711
6602,0.00967309999759891
6603,0.008866100000886945
6604,0.008961399998952402
6605,0.009149000001343666
6606,0.008030799999687588
6607,0.00774230000024545
6608,0.00653519999832497
6609,0.0073202999992645346
6610,0.006855100000393577
6611,0.007654600001842482
6612,0.00843199999872013
6613,0.009150199999567121
6614,0.009554000000207452
6615,0.01025859999936074
6616,0.010090299998410046
6617,0.00896419999844511
6618,0.008663299999170704
6619,0.009950100000423845
6620,0.010159800000110408
6621,0.010137200002645841
6622,0.00997569999890402
6623,0.010079899999254849
6624,0.009592400001565693
6625,0.01180229999954463
6626,0.010322199999791337
6627,0.009843600000749575
6628,0.008399500002269633
6629,0.008793500001047505
6630,0.009475000002566958
6631,0.009560299997247057
6632,0.008062900000368245
6633,0.009188600000925362
6634,0.008667499998409767
6635,0.00996099999974831
6636,0.010141800001292722
6637,0.010165100000449456
6638,0.007956299999932526
6639,0.006939899998542387
6640,0.00909940000201459
6641,0.008670200000779005
6642,0.009173800001008203
6643,0.008941999996750383
6644,0.010153900002478622
6645,0.010158000000956235
6646,0.008680899998580571
6647,0.011293299998214934
6648,0.010911299999861512
6649,0.009053199999470962
6650,0.009074400000827154
6651,0.009751900000992464
6652,0.009502000000793487
6653,0.01083689999722992
6654,0.01092400000197813
6655,0.010872599999856902
6656,0.010859199999686098
6657,0.00938289999976405
6658,0.008848200002830708
6659,0.009650399999372894
6660,0.009467800002312288
6661,0.00969200000326964
6662,0.009497300001385156
6663,0.00840280000193161
6664,0.008830099999613594
6665,0.0080643000001146
6666,0.008870499998010928
6667,0.008975400000053924
6668,0.009234700002707541
6669,0.008969699996669078
6670,0.007630799998878501
6671,0.006508599999506259
6672,0.008574199997383403
6673,0.009418199999345234
6674,0.00961970000207657
6675,0.009291999998822575
6676,0.010663199998816708
6677,0.009203400000842521
6678,0.008392799998546252
6679,0.010283399999025278
6680,0.010165699997742195
6681,0.008064699999522418
6682,0.008773800000199117
6683,0.007039100000838516
6684,0.008907300001737894
6685,0.010784300000523217
6686,0.008592800000769785
6687,0.008530600000085542
6688,0.010211400000116555
6689,0.010646800001268275
6690,0.010667299997294322
6691,0.009540800001559546
6692,0.009541399998852285
6693,0.008127500001137378
6694,0.009540999999444466
6695,0.008980299997347174
6696,0.009332800000265706
6697,0.008747699997911695
6698,0.009496200000285171
6699,0.010760000001027947
6700,0.008945900000981055
6701,0.007815299999492709
6702,0.007190700001956429
6703,0.009799899999052286
6704,0.009473199999774806
6705,0.0070043000014266
6706,0.007542299998021917
6707,0.009534699998766882
6708,0.009991299997636816
6709,0.009119899998040637
6710,0.008963500000390923
6711,0.009016500000143424
6712,0.009136100001342129
6713,0.009221799999068025
6714,0.008948000002419576
6715,0.008347999999386957
6716,0.006947099998797057
6717,0.007927200000267476
6718,0.007003599999734433
6719,0.00810780000028899
6720,0.008104500000627013
6721,0.008390000002691522
6722,0.007021999997959938
6723,0.007923400000436231
6724,0.009420899998076493
6725,0.009568599998601712
6726,0.009482100002060179
6727,0.009689100003015483
6728,0.010002600000007078
6729,0.009575599997333484
6730,0.009529400002065813
6731,0.008532600000762613
6732,0.009137799999734852
6733,0.00939970000035828
6734,0.008127400000375928
6735,0.009231399999407586
6736,0.009551099999953294
6737,0.009513000000879401
6738,0.009561900002154289
6739,0.0081393999971624
6740,0.00897160000022268
6741,0.010023300001194002
6742,0.009102799998800037
6743,0.008621500001027016
6744,0.0077765999994880985
6745,0.0065174000010301825
6746,0.00896380000267527
6747,0.009446600000956096
6748,0.009161999998468673
6749,0.009347200000775047
6750,0.008962699997937307
6751,0.009341299999505281
6752,0.008961299998190952
6753,0.009583200000633951
6754,0.009844500000326661
6755,0.008140699999785284
6756,0.009471099998336285
6757,0.00960280000072089
6758,0.010855100001208484
6759,0.010284199997840915
6760,0.009447400003409712
6761,0.009893599999486469
6762,0.009484999998676358
6763,0.009549999998853309
6764,0.009546599998429883
6765,0.008991200000309618
6766,0.008738500000617933
6767,0.0069455999982892536
6768,0.008508500002790242
6769,0.008640500000183238
6770,0.009350299998914124
6771,0.008657300000777468
6772,0.011234599998715566
6773,0.010433600000396837
6774,0.00945049999791081
6775,0.009817899997869972
6776,0.009814599998207996
6777,0.008168399999703979
6778,0.00887460000012652
6779,0.008067900002060924
6780,0.0100386999984039
6781,0.007472200002666796
6782,0.009488699997746153
6783,0.009432300001208205
6784,0.008702600000106031
6785,0.009344300000520889
6786,0.008965799999714363
6787,0.009937999999237945
6788,0.009553399999276735
6789,0.009020199999213219
6790,0.008833899999444839
6791,0.008935400001064409
6792,0.009633000001485925
6793,0.009584600000380306
6794,0.007667000001674751
6795,0.006983600000239676
6796,0.007743499998468906
6797,0.007345899997744709
6798,0.010770299999421695
6799,0.010479699998541037
6800,0.011089899999205954
6801,0.009805699999560602
6802,0.010092000000440748
6803,0.008961100000306033
6804,0.009478700001636753
6805,0.009395500001119217
6806,0.00870750000103726
6807,0.008196800001314841
6808,0.010314899998775218
6809,0.009527499998512212
6810,0.008070600000792183
6811,0.010346700000809506
6812,0.009683500000392087
6813,0.00712299999941024
6814,0.007353299999522278
6815,0.00953750000189757
6816,0.00919889999931911
6817,0.006993499999225605
6818,0.008326399998622946
6819,0.010196800001722295
6820,0.010509399999136804
6821,0.010451000001921784
6822,0.009079199997358955
6823,0.009984899999835761
6824,0.01025610000215238
6825,0.009778999999980442
6826,0.009581300000718329
6827,0.008657899998070206
6828,0.00936340000043856
6829,0.009004899999126792
6830,0.009574799998517847
6831,0.01049070000226493
6832,0.008558800000173505
6833,0.00864949999959208
6834,0.009070099997188663
6835,0.008257000001322012
6836,0.006982300001254771
6837,0.007977900000696536
6838,0.006546399999933783
6839,0.008152200000040466
6840,0.008652500000607688
6841,0.008285100000648526
6842,0.006616599999688333
6843,0.0074977999975089915
6844,0.006552300001203548
6845,0.00769399999990128
6846,0.006557000000611879
6847,0.006681499999103835
6848,0.007704200001171557
6849,0.006919800001924159
6850,0.008006700001715217
6851,0.0069081999972695485
6852,0.007962200001202291
6853,0.006910700001753867
6854,0.009952000000339467
6855,0.011488500000268687
6856,0.009522699998342432
6857,0.008856599997670855
6858,0.00735299999723793
6859,0.009290599999076221
6860,0.010142800001631258
6861,0.010170499997911975
6862,0.00995350000084727
6863,0.008075500001723412
6864,0.01084890000129235
6865,0.011113500000647036
6866,0.010196100000030128
6867,0.009977300000173273
6868,0.00983000000269385
6869,0.009847799999988638
6870,0.009284699997806456
6871,0.007953899999847636
6872,0.009205599999404512
6873,0.009566299999278272
6874,0.009613400001398986
6875,0.009781199998542434
6876,0.009451000001718057
6877,0.009811899999476736
6878,0.009582999999111053
6879,0.00956650000080117
6880,0.007813500000338536
6881,0.006547799999680137
6882,0.0065304000017931685
6883,0.010569000001851236
6884,0.010164999999688007
6885,0.00803740000264952
6886,0.011435100001108367
6887,0.010579900001175702
6888,0.008126600001560291
6889,0.008609599997726036
6890,0.00657389999832958
6891,0.007727500000328291
6892,0.009463900001719594
6893,0.008771299999352777
6894,0.0065447000015410595
6895,0.008425500000157626
6896,0.01017149999825051
6897,0.008955700002843514
6898,0.008115100001305109
6899,0.007745999999315245
6900,0.006978100002015708
6901,0.008191799999622162
6902,0.007356999998592073
6903,0.010175999999773921
6904,0.010433600000396837
6905,0.009412499999598367
6906,0.009002499999041902
6907,0.006916499998624204
6908,0.008330999997269828
6909,0.007320000000618165
6910,0.00816300000224146
6911,0.006944100001419429
6912,0.007701899998210138
6913,0.006888600000820588
6914,0.008534299999155337
6915,0.00996820000000298
6916,0.010464999999385327
6917,0.0101570000006177
6918,0.009794499997951789
6919,0.009846900000411551
6920,0.009453200000280049
6921,0.007384399999864399
6922,0.006530700000439538
6923,0.007816699999239063
6924,0.007296399999177083
6925,0.00960779999877559
6926,0.008776800001214724
6927,0.010683299999072915
6928,0.01016660000095726
6929,0.009137100001680665
6930,0.007959100003063213
6931,0.006918700000824174
6932,0.007563299997855211
6933,0.006695000000036089
6934,0.007953500000439817
6935,0.007333900000958238
6936,0.00904679999803193
6937,0.009461399997235276
6938,0.010212099998170743
6939,0.010184599999774946
6940,0.010618600001180312
6941,0.01145370000085677
6942,0.009180100001685787
6943,0.008205199999792967
6944,0.008658200000354555
6945,0.006992799997533439
6946,0.007947200003400212
6947,0.006807499998103594
6948,0.007988000001205364
6949,0.0091792000021087
6950,0.009904800001095282
6951,0.009040599998115795
6952,0.009751999998115934
6953,0.010231200001726393
6954,0.009142099999735365
6955,0.010196100000030128
6956,0.009542799998598639
6957,0.009556500001053791
6958,0.009666300000390038
6959,0.009434799998416565
6960,0.009706299999379553
6961,0.009410300001036376
6962,0.009552900002745446
6963,0.0095471999993606
6964,0.009427600001799874
6965,0.009768099997017998
6966,0.009449799999856623
6967,0.009720000001834705
6968,0.009569999998348067
6969,0.009421700000530109
6970,0.010041100002126768
6971,0.00798909999866737
6972,0.010199299998930655
6973,0.010207299998000963
6974,0.009930399999575457
6975,0.010024299997894559
6976,0.010179500000958797
6977,0.010027399999671616
6978,0.010209299998678034
6979,0.008537099998648046
6980,0.010297199998603901
6981,0.00975530000141589
6982,0.009518999999272637
6983,0.009404299999005161
6984,0.008157399999618065
6985,0.009460999997827457
6986,0.009171100002276944
6987,0.009034299997438211
6988,0.009062099998118356
6989,0.007606600000144681
6990,0.008520200000930345
6991,0.009554100000968901
6992,0.01105479999750969
6993,0.010078100000100676
6994,0.00864480000018375
6995,0.009479199998168042
6996,0.008078300001216121
6997,0.008882000001904089
6998,0.0078053999968688
6999,0.009161500001937384
7000,0.00956439999936265
7001,0.009497300001385156
7002,0.009108800000831252
7003,0.006569299999682698
7004,0.007545399999798974
7005,0.006544200001371792
7006,0.00656170000002021
7007,0.009425299998838454
7008,0.009316699997725664
7009,0.008999400000902824
7010,0.00962950000030105
7011,0.009228799997799797
7012,0.009613300000637537
7013,0.009812799999053823
7014,0.00950620000003255
7015,0.008637799997814
7016,0.0069745000000693835
7017,0.008423000002949266
7018,0.00943840000036289
7019,0.008074500001384877
7020,0.007002300000749528
7021,0.008463999998639338
7022,0.008968300000560703
7023,0.008890999997674953
7024,0.008284600000479259
7025,0.010334200000215787
7026,0.009621599998354213
7027,0.008126999997330131
7028,0.009738199998537311
7029,0.009788899998966372
7030,0.00822879999759607
7031,0.008643999997730134
7032,0.008077800001046853
7033,0.00897149999946123
7034,0.009364500001538545
7035,0.009823399999731919
7036,0.009515499998087762
7037,0.008861599999363534
7038,0.007126500000595115
7039,0.009171000001515495
7040,0.009499300002062228
7041,0.009477999999944586
7042,0.010683600001357263
7043,0.010312800000974676
7044,0.009026899999298621
7045,0.00981119999778457
7046,0.01097690000096918
7047,0.0071094000013545156
7048,0.007771099997626152
7049,0.00950379999994766
7050,0.009819700000662124
7051,0.008647599999676459
7052,0.009944700002961326
7053,0.009446600000956096
7054,0.010394200002338039
7055,0.010431800001242664
7056,0.010195099999691593
7057,0.010479799999302486
7058,0.009502100001554936
7059,0.008109099999273894
7060,0.009178299998893635
7061,0.00810260000071139
7062,0.009593800001312047
7063,0.009446700001717545
7064,0.008226400001149159
7065,0.008683199997904012
7066,0.00897149999946123
7067,0.008779100000538165
7068,0.008116400000290014
7069,0.008721000001969514
7070,0.007224100001621991
7071,0.00804930000231252
7072,0.00699729999905685
7073,0.008478800002194475
7074,0.00777620000008028
7075,0.008714600000530481
7076,0.008193599998776335
7077,0.009456399999180576
7078,0.008971700000984129
7079,0.007695399999647634
7080,0.0069770999980391935
7081,0.009536200002912665
7082,0.00961499999903026
7083,0.009456400002818555
7084,0.009935500002029585
7085,0.009783800000150222
7086,0.009978000001865439
7087,0.009556099998007994
7088,0.009019000000989763
7089,0.009181400000670692
7090,0.008941899999626912
7091,0.009173099999316037
7092,0.009647700000641635
7093,0.009782899996935157
7094,0.008907999999792082
7095,0.007432200000039302
7096,0.009456400002818555
7097,0.010593999999400694
7098,0.009519700000964804
7099,0.008671299998241011
7100,0.009502299999439856
7101,0.008825199998682365
7102,0.007427000000461703
7103,0.00997559999814257
7104,0.01035569999658037
7105,0.008505800000421004
7106,0.009842899999057408
7107,0.009629299998778151
7108,0.00806170000214479
7109,0.0069614999993063975
7110,0.00853590000042459
7111,0.008042000001296401
7112,0.009803400000237161
7113,0.009788599996682024
7114,0.009458699998504017
7115,0.009620200002245838
7116,0.009447300002648262
7117,0.009557900000800146
7118,0.0071723999972164165
7119,0.009236999998393003
7120,0.00915549999990617
7121,0.008958300000813324
7122,0.009434799998416565
7123,0.009006600001157494
7124,0.009538400001474656
7125,0.009784699999727309
7126,0.008610700002464
7127,0.009394599997904152
7128,0.00906810000014957
7129,0.00961989999996149
7130,0.009164400002191542
7131,0.010252799998852424
7132,0.009285299998737173
7133,0.009017000000312692
7134,0.010273600000800798
7135,0.010484799997357186
7136,0.01022240000020247
7137,0.009939700001268648
7138,0.009124500000325497
7139,0.01070629999958328
7140,0.008607799998571863
7141,0.006544899999425979
7142,0.007767300001432886
7143,0.006971400001930306
7144,0.007566299998870818
7145,0.009522100001049694
7146,0.009719100002257619
7147,0.009460500001296168
7148,0.011401300002034986
7149,0.010806099999172147
7150,0.010419400001410395
7151,0.01032860000123037
7152,0.009756200000992976
7153,0.00816310000300291
7154,0.009031300000060583
7155,0.009489799998846138
7156,0.009001899998111185
7157,0.008703499999683117
7158,0.009088899998459965
7159,0.00929080000059912
7160,0.009004899999126792
7161,0.009028000000398606
7162,0.00810780000028899
7163,0.008830599999782862
7164,0.008097500001895241
7165,0.008694500000274274
7166,0.00812190000215196
7167,0.00873439999850234
7168,0.00857940000059898
7169,0.00872009999875445
7170,0.009393200001795776
7171,0.008546599998226156
7172,0.009625499998946907
7173,0.009526699999696575
7174,0.009640699998271884
7175,0.009509999999863794
7176,0.006983100000070408
7177,0.00774009999804548
7178,0.00808580000011716
7179,0.00905840000268654
7180,0.009398300000611925
7181,0.010237099999358179
7182,0.01030700000046636
7183,0.0066164999989268836
7184,0.006550799997057766
7185,0.011674999997921987
7186,0.009913699999742676
7187,0.00812239999868325
7188,0.008304700000735465
7189,0.006980400001339149
7190,0.00876359999892884
7191,0.00946289999774308
7192,0.008085299999947893
7193,0.006921899999724701
7194,0.009381200001371326
7195,0.009575399999448564
7196,0.009484900001552887
7197,0.00823350000064238
7198,0.007354800000030082
7199,0.008540300001186552
7200,0.009613399997761007
7201,0.009701499999209773
7202,0.009328799998911563
7203,0.009665499997936422
7204,0.010050900000351248
7205,0.009398999998666113
7206,0.00866429999950924
7207,0.0078246000011859
7208,0.015926699998090044
7209,0.009685200002422789
7210,0.009108999998716172
7211,0.006962100000237115
7212,0.007714400002441835
7213,0.010002500002883608
7214,0.01028759999826434
7215,0.010088099999848055
7216,0.010274300002492964
7217,0.010661799999070354
7218,0.010100399998918874
7219,0.010391100000560982
7220,0.010323199996491894
7221,0.008108400001219707
7222,0.008897000003344147
7223,0.008142800001223804
7224,0.009874899998976616
7225,0.009617899999284418
7226,0.008088400001724949
7227,0.009467899999435758
7228,0.00952060000054189
7229,0.010030800000095041
7230,0.009621899997000583
7231,0.008146600001055049
7232,0.008837800000037532
7233,0.008093600001302548
7234,0.008823299998766743
7235,0.008186399998521665
7236,0.00904140000056941
7237,0.00961960000131512
7238,0.00928619999831426
7239,0.009262899999157526
7240,0.008895799997844733
7241,0.00854089999847929
7242,0.009451899997657165
7243,0.009670599996752571
7244,0.00690059999760706
7245,0.009312299996963702
7246,0.00955690000046161
7247,0.009512799999356503
7248,0.009266200002457481
7249,0.008895199996914016
7250,0.009379200000694254
7251,0.009006800002680393
7252,0.00919419999991078
7253,0.007139499997720122
7254,0.010097800000949064
7255,0.009453900001972215
7256,0.008527599999069935
7257,0.00993209999796818
7258,0.008771499997237697
7259,0.009600099998351652
7260,0.009759600001416402
7261,0.010198600000876468
7262,0.010469699998793658
7263,0.010684999997465638
7264,0.009494100002484629
7265,0.010025899999163812
7266,0.00946740000290447
7267,0.00989079999999376
7268,0.009840800001256866
7269,0.008603000002040062
7270,0.009069199997611577
7271,0.008071799999015639
7272,0.009685799999715528
7273,0.007487699997000163
7274,0.00788749999992433
7275,0.007001699999818811
7276,0.00900059999912628
7277,0.009071800002857344
7278,0.009469100001297193
7279,0.009825299999647541
7280,0.009470999997574836
7281,0.008938700000726385
7282,0.008089599999948405
7283,0.00955940000130795
7284,0.009655899997596862
7285,0.009473499998421175
7286,0.009708699999464443
7287,0.009469299999182113
7288,0.009836200002609985
7289,0.009646200000133831
7290,0.009437599997909274
7291,0.009794100002181949
7292,0.00957110000308603
7293,0.00970239999878686
7294,0.009834600001340732
7295,0.009465600000112318
7296,0.00828910000200267
7297,0.006997899999987567
7298,0.008695100001204992
7299,0.008588500000769272
7300,0.0092255000017758
7301,0.008955000001151348
7302,0.008298299999296432
7303,0.008693400002812268
7304,0.00861359999908018
7305,0.01004589999865857
7306,0.011611100002482999
7307,0.008795000001555309
7308,0.009038699998200173
7309,0.006619300002057571
7310,0.00810049999927287
7311,0.009000699999887729
7312,0.010025499999755993
7313,0.008117899997159839
7314,0.009297199998400174
7315,0.009030299999722047
7316,0.007115300002624281
7317,0.006576900002983166
7318,0.009461700003157603
7319,0.009859899997536559
7320,0.00944309999977122
7321,0.009577099997841287
7322,0.008954799999628449
7323,0.00930309999966994
7324,0.009161900001345202
7325,0.009717999997519655
7326,0.009800199997698655
7327,0.009020600002259016
7328,0.009241399999154964
7329,0.00900520000141114
7330,0.009119800000917166
7331,0.009137099998042686
7332,0.008662399999593617
7333,0.009987700002966449
7334,0.010064499998406973
7335,0.009400800001458265
7336,0.008166899999196175
7337,0.00968549999743118
7338,0.009947700000338955
7339,0.010167200001887977
7340,0.009182900001178496
7341,0.008982399998785695
7342,0.006525000000692671
7343,0.006512200001452584
7344,0.008689800000865944
7345,0.008561699996789685
7346,0.007054699999571312
7347,0.007002999998803716
7348,0.010248799997498281
7349,0.009541199997329386
7350,0.008640500000183238
7351,0.009176700001262361
7352,0.008599500000855187
7353,0.009785499998542946
7354,0.009887799998978153
7355,0.009437000000616536
7356,0.010136699998838594
7357,0.009495800000877352
7358,0.011041600002499763
7359,0.009792099997866899
7360,0.008342000000993721
7361,0.008217599999625236
7362,0.0069973000026948284
7363,0.009400400002050446
7364,0.008934800000133691
7365,0.009001400001579896
7366,0.009111000003031222
7367,0.009441799997148337
7368,0.010016899999754969
7369,0.009023099999467377
7370,0.00892789999852539
7371,0.008602999998402083
7372,0.009964000000763917
7373,0.009180699998978525
7374,0.008077999998931773
7375,0.008950200000981567
7376,0.008081799998763017
7377,0.009034999999130378
7378,0.008120900001813425
7379,0.008742500001972076
7380,0.008111700000881683
7381,0.008909399999538437
7382,0.007459899999957997
7383,0.0072636000004422385
7384,0.006937699999980396
7385,0.008977199999208096
7386,0.009211399999912828
7387,0.0070092999994813
7388,0.007075099998473888
7389,0.008520399998815265
7390,0.008242500000051223
7391,0.010124200001882855
7392,0.010226700000202982
7393,0.010873700000956887
7394,0.010185300001467112
7395,0.008990499998617452
7396,0.009057600000232924
7397,0.00971650000064983
7398,0.009193600002618041
7399,0.010750400000688387
7400,0.010241399999358691
7401,0.009057399998710025
7402,0.009728599998197751
7403,0.00956199999927776
7404,0.009488399999099784
7405,0.009667199999967124
7406,0.009486000002652872
7407,0.009805699999560602
7408,0.008645800000522286
7409,0.009475099999690428
7410,0.010107400001288624
7411,0.010012000002461718
7412,0.006900600001245039
7413,0.006582199999684235
7414,0.009522000000288244
7415,0.009807599999476224
7416,0.009481699999014381
7417,0.009645400001318194
7418,0.009422800001630094
7419,0.00957879999987199
7420,0.009993100000428967
7421,0.010247599999274826
7422,0.008939400002418552
7423,0.008087100002740044
7424,0.010828400001628324
7425,0.01025600000139093
7426,0.010279799997078953
7427,0.0076950000002398156
7428,0.006257400000322377
7429,0.0074977999975089915
7430,0.006761100001313025
7431,0.007823700001608813
7432,0.009461800000281073
7433,0.009839099999226164
7434,0.009476400002313312
7435,0.008811100000457373
7436,0.007092799998645205
7437,0.008687699999427423
7438,0.008386900000914466
7439,0.00823099999979604
7440,0.00887950000105775
7441,0.008191599998099264
7442,0.00940930000069784
7443,0.010198099997069221
7444,0.009990399998059729
7445,0.009707500001240987
7446,0.008075099998677615
7447,0.00903449999896111
7448,0.008086800000455696
7449,0.00889390000156709
7450,0.008050499996897997
7451,0.009037200001330348
7452,0.008035999999265186
7453,0.009818999998969957
7454,0.010182800000620773
7455,0.009240499999577878
7456,0.009604599999875063
7457,0.009034099999553291
7458,0.007560900001408299
7459,0.0065154999974765815
7460,0.008667500002047746
7461,0.008963399999629473
7462,0.01057790000049863
7463,0.010033200000179932
7464,0.009483300000283634
7465,0.009742799997184193
7466,0.009345800001028692
7467,0.009596299998520408
7468,0.009983299998566508
7469,0.009437199998501455
7470,0.009531299998343457
7471,0.009760699998878408
7472,0.00946960000146646
7473,0.009621099998184945
7474,0.009467899999435758
7475,0.009705399999802466
7476,0.010014700001192978
7477,0.00905600000260165
7478,0.009243000000424217
7479,0.009005899999465328
7480,0.010388300001068274
7481,0.009407800000190036
7482,0.009499100000539329
7483,0.00940219999756664
7484,0.008127500001137378
7485,0.008696000000782078
7486,0.008106900000711903
7487,0.00879730000087875
7488,0.008268199999292847
7489,0.00886000000173226
7490,0.008614700000180164
7491,0.00808580000011716
7492,0.008982800001831492
7493,0.009508900002401788
7494,0.009801899999729358
7495,0.008203800000046613
7496,0.008835600001475541
7497,0.0081873999988602
7498,0.009478899999521673
7499,0.009780799999134615
7500,0.01067690000127186
7501,0.010632999998051673
7502,0.010458799999469193
7503,0.008604099999502068
7504,0.009986599998228485
7505,0.009526199999527307
7506,0.009616699997422984
7507,0.009568199999193894
7508,0.00921560000278987
7509,0.00816580000173417
7510,0.008715299998584669
7511,0.0093949000001885
7512,0.00890849999996135
7513,0.008665299999847775
7514,0.00958580000224174
7515,0.009997500001190929
7516,0.010836699999345
7517,0.010151099999347934
7518,0.008137200002238387
7519,0.008899799999198876
7520,0.008648700000776444
7521,0.008538899997802218
7522,0.007011199999396922
7523,0.008527900001354283
7524,0.008969399998022709
7525,0.009356300000945339
7526,0.009022500002174638
7527,0.009126099997956771
7528,0.009238200000254437
7529,0.008928700000979006
7530,0.009207200000673765
7531,0.008959999999206048
7532,0.00965849999920465
7533,0.010484999998880085
7534,0.008788899998762645
7535,0.010719800000515534
7536,0.010570300000836141
7537,0.00835689999803435
7538,0.009064099998795427
7539,0.010165799998503644
7540,0.008945400000811787
7541,0.007683399999223184
7542,0.008600100001785904
7543,0.008490899999742396
7544,0.009187899999233196
7545,0.0092594999987341
7546,0.006996099997195415
7547,0.007013899998128181
7548,0.00873880000290228
7549,0.008721199999854434
7550,0.008161199999449309
7551,0.00871769999866956
7552,0.009008199998788768
7553,0.009144700001343153
7554,0.008927599999879021
7555,0.00960309999936726
7556,0.009507999999186723
7557,0.009477700001298217
7558,0.009786300000996562
7559,0.009488800002145581
7560,0.009609699998691212
7561,0.00963190000038594
7562,0.009037399999215268
7563,0.009640899999794783
7564,0.00958849999733502
7565,0.009703100000479026
7566,0.009828700000070967
7567,0.00940229999832809
7568,0.009134399999311427
7569,0.007857299999159295
7570,0.00898840000081691
7571,0.009053300000232412
7572,0.009847799999988638
7573,0.0095132000024023
7574,0.008099200000287965
7575,0.008992200000648154
7576,0.00865189999967697
7577,0.009467799998674309
7578,0.008610500000941101
7579,0.009224599998560734
7580,0.008927399998356123
7581,0.008678099999087863
7582,0.009598200002074009
7583,0.008641399999760324
7584,0.008458299998892471
7585,0.008595899998908862
7586,0.00850669999999809
7587,0.007012999998551095
7588,0.009133200001087971
7589,0.009594999999535503
7590,0.010428599998704158
7591,0.00882620000265888
7592,0.006621200001973193
7593,0.007944199998746626
7594,0.009454700000787852
7595,0.009549099999276223
7596,0.00940460000128951
7597,0.007617700000992045
7598,0.006626699996559182
7599,0.009538099999190308
7600,0.009601199999451637
7601,0.009490000000369037
7602,0.009644300000218209
7603,0.009422300001460826
7604,0.009729999997944105
7605,0.009536200002912665
7606,0.009374600002047373
7607,0.009520999999949709
7608,0.009416100001544692
7609,0.009612300000299001
7610,0.009746399999130517
7611,0.010179400000197347
7612,0.009810599996853853
7613,0.009055499998794403
7614,0.00961480000114534
7615,0.009894700000586454
7616,0.010178399999858811
7617,0.009910500000842148
7618,0.009371000000101048
7619,0.009505399997578934
7620,0.008344000001670793
7621,0.009014600000227802
7622,0.010491900000488386
7623,0.010356099999626167
7624,0.008707900000445079
7625,0.009101200001168763
7626,0.010017200002039317
7627,0.0095593000005465
7628,0.009168299999146257
7629,0.009129099998972379
7630,0.009332999998150626
7631,0.009648499999457272
7632,0.008580699999583885
7633,0.007688099998631515
7634,0.008400999999139458
7635,0.00769159999981639
7636,0.008386999998037936
7637,0.006968800000322517
7638,0.0089135999987775
7639,0.0094528999979957
7640,0.00933699999950477
7641,0.009100700000999495
7642,0.00814879999961704
7643,0.00887700000021141
7644,0.008089300001302036
7645,0.009682399999292102
7646,0.00808839999808697
7647,0.008254500000475673
7648,0.007052699998894241
7649,0.009623800000554183
7650,0.009562899998854846
7651,0.009644599998864578
7652,0.009040500000992324
7653,0.006552999999257736
7654,0.007374000000709202
7655,0.006522200001199963
7656,0.006553799998073373
7657,0.008438799999566982
7658,0.0077538000005006324
7659,0.009736400003021117
7660,0.0091381000020192
7661,0.00813180000113789
7662,0.009141200000158278
7663,0.010174499999266118
7664,0.00950120000197785
7665,0.009184500002447749
7666,0.008986400000139838
7667,0.009359899999253685
7668,0.008987299999716925
7669,0.00973330000124406
7670,0.009599600001820363
7671,0.010077599999931408
7672,0.009799200000998098
7673,0.010014999999839347
7674,0.009795999998459592
7675,0.009590199999365723
7676,0.009046099999977741
7677,0.009538499998598127
7678,0.008970399998361245
7679,0.009417600002052495
7680,0.009662899999966612
7681,0.009500099997239886
7682,0.00959330000114278
7683,0.00717140000051586
7684,0.008620900000096299
7685,0.009587299999111565
7686,0.009136799999396317
7687,0.00914050000210409
7688,0.010363700002926635
7689,0.008854100000462495
7690,0.007020999997621402
7691,0.00834229999964009
7692,0.008186399998521665
7693,0.00938010000027134
7694,0.008963600001152372
7695,0.007898299998487346
7696,0.006967699999222532
7697,0.009353299999929732
7698,0.009596799998689676
7699,0.009497800001554424
7700,0.009909700002026511
7701,0.00952780000079656
7702,0.010867900000448572
7703,0.010656300000846386
7704,0.009597100000974024
7705,0.008879799999704119
7706,0.008153800001309719
7707,0.007334199999604607
7708,0.006925000001501758
7709,0.009522399999696063
7710,0.009705700002086814
7711,0.01001199999882374
7712,0.010005300002376316
7713,0.008583099999668775
7714,0.011339599997882033
7715,0.010675400000764057
7716,0.01019799999994575
7717,0.008128400000714464
7718,0.007083699998474913
7719,0.009699299997009803
7720,0.00964130000284058
7721,0.00908519999939017
7722,0.009445100000448292
7723,0.00942149999900721
7724,0.009983299998566508
7725,0.009657599999627564
7726,0.00898840000081691
7727,0.011480799999844749
7728,0.010496599999896716
7729,0.007380700000794604
7730,0.007890700002462836
7731,0.009944200002792059
7732,0.009738799999468029
7733,0.008953799999289913
7734,0.009763000001839828
7735,0.009918399999151006
7736,0.00940690000061295
7737,0.009979300000850344
7738,0.009051500001078239
7739,0.0096224999979313
7740,0.009608299998944858
7741,0.009051500001078239
7742,0.01017870000214316
7743,0.009684900000138441
7744,0.009226199999829987
7745,0.009364000001369277
7746,0.008971100000053411
7747,0.009265799999411684
7748,0.007914499998150859
7749,0.008938300001318567
7750,0.00909239999964484
7751,0.00813689999995404
7752,0.006969800000661053
7753,0.009333400001196424
7754,0.00928100000237464
7755,0.009485599999607075
7756,0.010269499998685205
7757,0.009482699999352917
7758,0.009904999998980202
7759,0.00991509999948903
7760,0.009618100000807317
7761,0.00949889999901643
7762,0.009389799997734372
7763,0.008738799999264302
7764,0.008752800000365824
7765,0.009508900002401788
7766,0.00987870000244584
7767,0.00895200000013574
7768,0.008661500000016531
7769,0.008074800000031246
7770,0.008731699999771081
7771,0.008221199997933581
7772,0.008462999998300802
7773,0.008727700002054917
7774,0.010041800000180956
7775,0.009826299999986077
7776,0.011126199999125674
7777,0.009517400001641363
7778,0.009979900001781061
7779,0.009694699998362921
7780,0.008816100002150051
7781,0.008549500002118293
7782,0.008788399998593377
7783,0.00893250000081025
7784,0.006555700001626974
7785,0.006881699999212287
7786,0.006759100000635954
7787,0.006521799998154165
7788,0.00974560000031488
7789,0.009886499999993248
7790,0.010137000001122942
7791,0.010360799999034498
7792,0.008697799999936251
7793,0.009418199999345234
7794,0.00934409999899799
7795,0.009019400000397582
7796,0.010143499999685446
7797,0.010915700000623474
7798,0.00898599999709404
7799,0.00929099999848404
7800,0.00808599999800208
7801,0.008900799999537412
7802,0.008144499999616528
7803,0.007961600000271574
7804,0.006986699998378754
7805,0.009051699998963159
7806,0.00954230000206735
7807,0.010172700000111945
7808,0.008680099999764934
7809,0.009589300003426615
7810,0.010316100000636652
7811,0.009223699998983648
7812,0.009062799999810522
7813,0.0098450999976194
7814,0.008152899998094654
7815,0.009177300002193078
7816,0.009537900001305388
7817,0.011051000001316424
7818,0.010621100002026651
7819,0.00942639999993844
7820,0.009715500000311295
7821,0.009564099997078301
7822,0.00952829999732785
7823,0.009689700000308221
7824,0.009652299999288516
7825,0.009678599999460857
7826,0.010235300000204006
7827,0.010744100000010803
7828,0.009729599998536287
7829,0.009356700000353158
7830,0.010303499999281485
7831,0.010685600002034334
7832,0.008904400001483737
7833,0.007525299999542767
7834,0.0066181000001961365
7835,0.009891400000924477
7836,0.01032649999979185
7837,0.008101100000203587
7838,0.00890129999970668
7839,0.008676099998410791
7840,0.009913699999742676
7841,0.00966809999954421
7842,0.009969600003387313
7843,0.00969980000081705
7844,0.009461699999519624
7845,0.009207200000673765
7846,0.008984000000054948
7847,0.00984740000058082
7848,0.0098059000010835
7849,0.008223100001487182
7850,0.008805800000118325
7851,0.007738299998891307
7852,0.009584600000380306
7853,0.009219299998221686
7854,0.009488200001214864
7855,0.009689899998193141
7856,0.008099999999103602
7857,0.009141599999566097
7858,0.009502600001724204
7859,0.009631400000216672
7860,0.009576000000379281
7861,0.009468799999012845
7862,0.009677599999122322
7863,0.008945699999458157
7864,0.010227899998426437
7865,0.007108699999662349
7866,0.009152200000244193
7867,0.009479299998929491
7868,0.008647800001199357
7869,0.008870500001648907
7870,0.006966500000999076
7871,0.008546700002625585
7872,0.009601200003089616
7873,0.007828699999663513
7874,0.006636199999775272
7875,0.008058800001890631
7876,0.008085299999947893
7877,0.009953200002200902
7878,0.008971700000984129
7879,0.011005199998180615
7880,0.0084441999970295
7881,0.007044099998893216
7882,0.008819599999696948
7883,0.010658600000169827
7884,0.010557499997958075
7885,0.010530399998970097
7886,0.009461199999350356
7887,0.00969479999912437
7888,0.009019199998874683
7889,0.01111529999980121
7890,0.00978440000108094
7891,0.008126599997922312
7892,0.009262900002795504
7893,0.009047100000316277
7894,0.009434200001123827
7895,0.009482900000875816
7896,0.00954490000003716
7897,0.009795699999813223
7898,0.00944050000180141
7899,0.009729000001243548
7900,0.009586899999703746
7901,0.009410099999513477
7902,0.009608699998352677
7903,0.009423600000445731
7904,0.007813500000338536
7905,0.006981699996686075
7906,0.009704700001748279
7907,0.009659100000135368
7908,0.009409700000105659
7909,0.010210300002654549
7910,0.0086446999994223
7911,0.009272200000850717
7912,0.009138500001427019
7913,0.008863800001563504
7914,0.008264599997346522
7915,0.008625800001027528
7916,0.008917999999539461
7917,0.006565200001205085
7918,0.00817280000046594
7919,0.008142300001054537
7920,0.010690800001611933
7921,0.00806170000214479
7922,0.009941099997377023
7923,0.009700399998109788
7924,0.008132700000714976
7925,0.009988400001020636
7926,0.009519600000203354
7927,0.00869819999934407
7928,0.008541100000002189
7929,0.00951110000096378
7930,0.010525900001084665
7931,0.0097068000031868
7932,0.009422300001460826
7933,0.009470900000451365
7934,0.009530100000120001
7935,0.009615700000722427
7936,0.00944560000061756
7937,0.008994100000563776
7938,0.008905200000299374
7939,0.008624100002634805
7940,0.009344999998575076
7941,0.008627600000181701
7942,0.009864400002697948
7943,0.009515499998087762
7944,0.008563899998989655
7945,0.008761999997659586
7946,0.008604800001194235
7947,0.009856199998466764
7948,0.010266600002069026
7949,0.007481200002075639
7950,0.0065365000009478536
7951,0.00834949999989476
7952,0.008621599998150486
7953,0.009076399997866247
7954,0.008197499999369029
7955,0.010051799999928335
7956,0.00943360000019311
7957,0.008093699998426018
7958,0.009061900000233436
7959,0.00807139999960782
7960,0.00991520000025048
7961,0.00968030000149156
7962,0.00825999999869964
7963,0.008547500001441222
7964,0.008101999999780674
7965,0.008684299999003997
7966,0.00807390000045416
7967,0.008808700000372482
7968,0.00804249999782769
7969,0.009290599999076221
7970,0.00807630000053905
7971,0.008047700001043268
7972,0.006894599999213824
7973,0.00858929999958491
7974,0.008027100000617793
7975,0.00855040000169538
7976,0.006959700000152225
7977,0.011211400000320282
7978,0.008817699999781325
7979,0.0066234000005351845
7980,0.006702999999106396
7981,0.009253199998056516
7982,0.00929800000085379
7983,0.010080200001539197
7984,0.011755800001992611
7985,0.009449299999687355
7986,0.009174999999231659
7987,0.008754900001804344
7988,0.006978699999308446
7989,0.0079187000010279
7990,0.006954500000574626
7991,0.0076779999981226865
7992,0.009468400003243005
7993,0.009752099998877384
7994,0.009430400001292583
7995,0.009529099999781465
7996,0.006896399998367997
7997,0.011398699996789219
7998,0.010682899999665096
7999,0.009482600002229447
8000,0.014750199999980396
8001,0.01123619999998482
8002,0.010499899999558693
8003,0.009436399999685818
8004,0.010138300000107847
8005,0.010094799999933457
8006,0.010020400000939844
8007,0.010119800001120893
8008,0.00998260000051232
8009,0.010017399999924237
8010,0.010095999998156913
8011,0.009981100000004517
8012,0.010149000001547392
8013,0.01060700000016368
8014,0.01029470000139554
8015,0.00938049999967916
8016,0.008734900002309587
8017,0.009073600002011517
8018,0.009098500002437504
8019,0.008083299999270821
8020,0.008713199997146148
8021,0.008062900000368245
8022,0.010496099999727448
8023,0.010236499998427462
8024,0.008130599999276455
8025,0.009198100000503473
8026,0.006562999999005115
8027,0.006827699999121251
8028,0.008706800002983073
8029,0.009340799999336014
8030,0.008672299998579547
8031,0.01049060000150348
8032,0.008990199999971082
8033,0.010420200000226032
8034,0.009674600001744693
8035,0.009659100000135368
8036,0.01065050000033807
8037,0.010463699996762443
8038,0.0070703999990655575
8039,0.008608000000094762
8040,0.00951089999944088
8041,0.010504300000320654
8042,0.010474999999132706
8043,0.008099500002572313
8044,0.00894709999920451
8045,0.008114100000966573
8046,0.009075099998881342
8047,0.008110799997666618
8048,0.009434999999939464
8049,0.009624900001654169
8050,0.009134699997957796
8051,0.00929579999865382
8052,0.009206999999150867
8053,0.009910799999488518
8054,0.009402399999089539
8055,0.010405500001070322
8056,0.010430000002088491
8057,0.008596700001362478
8058,0.010428500001580687
8059,0.01035300000148709
8060,0.00908029999845894
8061,0.009405299999343697
8062,0.008974299998953938
8063,0.007661699997697724
8064,0.006513899999845307
8065,0.008558999998058425
8066,0.00806889999876148
8067,0.007845100000849925
8068,0.006534399999509333
8069,0.007782299999234965
8070,0.009536900000966853
8071,0.008303199996589683
8072,0.006953899999643909
8073,0.009881500001938548
8074,0.010661699998308904
8075,0.007408000001305481
8076,0.008128699999360833
8077,0.007407699999021133
8078,0.007634899997356115
8079,0.008742800000618445
8080,0.009077099999558413
8081,0.007370999999693595
8082,0.008709599998837803
8083,0.009573600000294391
8084,0.010336399998777779
8085,0.010551600000326289
8086,0.00921089999974356
8087,0.009427099997992627
8088,0.009907999999995809
8089,0.009743700000399258
8090,0.01017850000062026
8091,0.009562499999447027
8092,0.008929399999033194
8093,0.008117099998344202
8094,0.009430599999177502
8095,0.009439199999178527
8096,0.00813650000054622
8097,0.00878029999876162
8098,0.009740099998452934
8099,0.00900730000284966
8100,0.008041299999604234
8101,0.009950800002116011
8102,0.009844100000918843
8103,0.009449199998925906
8104,0.009413499999936903
8105,0.008613699999841629
8106,0.01112229999853298
8107,0.01085859999875538
8108,0.008617300001787953
8109,0.009226499998476356
8110,0.008595700001023943
8111,0.009173300000838935
8112,0.008702199997060234
8113,0.00998780000008992
8114,0.009333300000434974
8115,0.008106600002065534
8116,0.00987879999956931
8117,0.010110100000019884
8118,0.0086038000008557
8119,0.007300999997823965
8120,0.009164200000668643
8121,0.00980369999888353
8122,0.008314800001244294
8123,0.008073500001046341
8124,0.007367400001385249
8125,0.009428200002730591
8126,0.009878299999400042
8127,0.00984479999897303
8128,0.009809499999391846
8129,0.00936560000263853
8130,0.008744800001295516
8131,0.009021999998367392
8132,0.007806699999491684
8133,0.006946999998035608
8134,0.009224299999914365
8135,0.0092664000003424
8136,0.009120200000324985
8137,0.009245000001101289
8138,0.009035499999299645
8139,0.011360899999999674
8140,0.00944069999968633
8141,0.01061169999957201
8142,0.009094000000914093
8143,0.007361199997831136
8144,0.009855899999820394
8145,0.009499200001300778
8146,0.009240799998224247
8147,0.009347100000013597
8148,0.007379599999694619
8149,0.008563600000343286
8150,0.008481600001687184
8151,0.010310599998774705
8152,0.009771900000487221
8153,0.00949179999952321
8154,0.009766400002263254
8155,0.009514499997749226
8156,0.010752599999250378
8157,0.00954009999986738
8158,0.008087700000032783
8159,0.009077599999727681
8160,0.008980700000392972
8161,0.008980499998870073
8162,0.008018099997570971
8163,0.00953269999808981
8164,0.00953510000181268
8165,0.009445100000448292
8166,0.008273600000393344
8167,0.008099400001810864
8168,0.00920879999830504
8169,0.00955459999750019
8170,0.009928600000421284
8171,0.00969260000056238
8172,0.008948299997427966
8173,0.009094099998037564
8174,0.008954999997513369
8175,0.009833699998125667
8176,0.009866399999737041
8177,0.008659199997055111
8178,0.009143800001766067
8179,0.00808359999791719
8180,0.008721800000785151
8181,0.008044199999858392
8182,0.008798500002740184
8183,0.00815869999860297
8184,0.009013999999297084
8185,0.008050500000535976
8186,0.00943349999943166
8187,0.009342299999843817
8188,0.008982999999716412
8189,0.009119400001509348
8190,0.008949499999289401
8191,0.010235100002319086
8192,0.009736899999552406
8193,0.009044600003107917
8194,0.010201099998084828
8195,0.010821300002135104
8196,0.011391500000172528
8197,0.009840599999733968
8198,0.0086498999989999
8199,0.008326599996507866
8200,0.006974999996600673
8201,0.00810049999927287
8202,0.006948299997020513
8203,0.007582800000818679
8204,0.0065519999989192
8205,0.00756320000073174
8206,0.006921399999555433
8207,0.0077158999993116595
8208,0.00912419999804115
8209,0.008977199999208096
8210,0.006857100001070648
8211,0.008117800000036368
8212,0.009611000001314096
8213,0.010990599999786355
8214,0.009626200000639074
8215,0.006983600000239676
8216,0.006920499999978347
8217,0.008116100001643645
8218,0.007309799999347888
8219,0.010363400000642287
8220,0.010475300001417054
8221,0.00983030000134022
8222,0.009759499997016974
8223,0.009679700000560842
8224,0.010310100002243416
8225,0.009116099998209393
8226,0.008065399997576606
8227,0.009124500000325497
8228,0.008841299997584429
8229,0.009588199998688651
8230,0.009786000002350193
8231,0.00940210000044317
8232,0.010294200001226272
8233,0.010448799999721814
8234,0.008955100001912797
8235,0.00947470000028261
8236,0.008969400001660688
8237,0.00922310000169091
8238,0.008808700000372482
8239,0.00731649999943329
8240,0.006921700001839781
8241,0.009292599999753293
8242,0.009171300000161864
8243,0.008983700001408579
8244,0.009550400001899106
8245,0.01065760000346927
8246,0.010211599998001475
8247,0.009475799997744616
8248,0.008983899999293499
8249,0.009236800000508083
8250,0.008963100000983104
8251,0.009480799999437295
8252,0.011146999997436069
8253,0.008380100000067614
8254,0.009680899998784298
8255,0.009844399999565212
8256,0.0073827999985951465
8257,0.007041400000161957
8258,0.008162699999957113
8259,0.007328700001380639
8260,0.009125999997195322
8261,0.00872220000019297
8262,0.010036399999080459
8263,0.010097200000018347
8264,0.009974700002203463
8265,0.009959300001355587
8266,0.00962000000072294
8267,0.0094771000003675
8268,0.009078399998543318
8269,0.008116900000459282
8270,0.009824299999309005
8271,0.009898399999656249
8272,0.00860599999941769
8273,0.009621499997592764
8274,0.008625299997220282
8275,0.008647700000437908
8276,0.008109400001558242
8277,0.007898300002125325
8278,0.0065704000007826835
8279,0.008968500002083601
8280,0.009395199998834869
8281,0.008745300001464784
8282,0.008523200001945952
8283,0.00703599999906146
8284,0.00704799999948591
8285,0.007652100000996143
8286,0.0069511000001512
8287,0.00819960000080755
8288,0.007322199999180157
8289,0.010063099998660618
8290,0.009885299998131813
8291,0.0069610000027751084
8292,0.008187299998098752
8293,0.00999740000042948
8294,0.008911600001738407
8295,0.007292600002983818
8296,0.00919889999931911
8297,0.009066400001756847
8298,0.009035299997776747
8299,0.010033900001872098
8300,0.008108900001388974
8301,0.00925439999991795
8302,0.00965619999988121
8303,0.008704600000783103
8304,0.008079500003077555
8305,0.009600600002158899
8306,0.009733999999298248
8307,0.00939959999959683
8308,0.009716000000480562
8309,0.008852200000546873
8310,0.010486700000910787
8311,0.010061900000437163
8312,0.010284699998010183
8313,0.009847000001173
8314,0.009475099999690428
8315,0.009503400000539841
8316,0.0098522000007506
8317,0.008941399999457644
8318,0.009187999999994645
8319,0.008965900000475813
8320,0.009227100003045052
8321,0.007240599999931874
8322,0.009728199998789933
8323,0.00946029999977327
8324,0.009026399999129353
8325,0.01014000000213855
8326,0.00829410000005737
8327,0.010455600000568666
8328,0.009950499999831663
8329,0.008774800000537653
8330,0.009963199998310301
8331,0.010206200000538956
8332,0.007345499998336891
8333,0.007987799999682466
8334,0.009485700000368524
8335,0.010559599999396596
8336,0.010789799998747185
8337,0.008583399998315144
8338,0.009669999999459833
8339,0.01001180000093882
8340,0.009873400002106791
8341,0.007308399999601534
8342,0.010409099999378668
8343,0.009977499998058192
8344,0.008818099999189144
8345,0.007673799998883624
8346,0.006521700001030695
8347,0.008204099998692982
8348,0.009918799998558825
8349,0.011295699998299824
8350,0.009658900002250448
8351,0.007331900000281166
8352,0.008466799998132046
8353,0.010029799999756506
8354,0.00968980000106967
8355,0.009709900001325877
8356,0.009118699999817181
8357,0.009884300001431257
8358,0.009538900001643924
8359,0.009483899997576373
8360,0.008764400001382455
8361,0.01107399999818881
8362,0.010420499998872401
8363,0.009532000000035623
8364,0.009789899999304907
8365,0.009961200001271209
8366,0.008959099999628961
8367,0.009437500000785803
8368,0.009482900000875816
8369,0.009650600000895793
8370,0.008549599999241764
8371,0.009515599998849211
8372,0.00936820000060834
8373,0.008096800000203075
8374,0.007673699998122174
8375,0.006920799998624716
8376,0.008899500000552507
8377,0.009438900000532158
8378,0.009627500003261957
8379,0.008688699999765959
8380,0.009466799998335773
8381,0.00957399999970221
8382,0.009427699998923345
8383,0.009718599998450372
8384,0.009681599996838486
8385,0.0085094999994908
8386,0.007419300000037765
8387,0.008942700002080528
8388,0.00938030000179424
8389,0.008980099999462254
8390,0.010997699999279575
8391,0.009614200000214623
8392,0.011078199997427873
8393,0.011781299999711337
8394,0.012537099999462953
8395,0.010437900000397349
8396,0.01043079999726615
8397,0.012374000001727836
8398,0.011784599999373313
8399,0.00935639999806881
8400,0.011332499998388812
8401,0.012384499998006504
8402,0.01023669999995036
8403,0.009668700000474928
8404,0.011195800001587486
8405,0.007945000001200242
8406,0.008281400001578731
8407,0.007420000001729932
8408,0.01011570000264328
8409,0.01038440000047558
8410,0.00995390000025509
8411,0.011116200003016274
8412,0.010888600001635496
8413,0.009114300002693199
8414,0.012137500001699664
8415,0.010726200001954567
8416,0.009954400000424357
8417,0.011312099999486236
8418,0.010552899999311194
8419,0.009473000001889886
8420,0.010657499999069842
8421,0.010647600000083912
8422,0.010236499998427462
8423,0.010269599999446655
8424,0.010602900001686066
8425,0.010175799998251023
8426,0.010636900002282346
8427,0.010579999998299172
8428,0.009427500001038425
8429,0.009335700000519864
8430,0.006535699998494238
8431,0.008357500002603047
8432,0.007398000001558103
8433,0.009853200001089135
8434,0.009468000000197208
8435,0.010639200001605786
8436,0.011133300002256874
8437,0.009985500000766478
8438,0.01070379999873694
8439,0.010382499996921979
8440,0.00993650000236812
8441,0.008500500000081956
8442,0.006937799997103866
8443,0.011408400001528207
8444,0.01195000000006985
8445,0.010520399999222718
8446,0.009491900000284659
8447,0.009915499998896848
8448,0.009013499999127816
8449,0.010993199997756165
8450,0.010763399997813394
8451,0.009465300001465948
8452,0.009879000001092209
8453,0.009498100000200793
8454,0.010233299999526935
8455,0.009212799999659183
8456,0.006951899998966837
8457,0.00911900000210153
8458,0.008899299999029608
8459,0.010045800001535099
8460,0.010329499997169478
8461,0.008661199997732183
8462,0.009689200000138953
8463,0.00899320000098669
8464,0.0110231999969983
8465,0.011118999998871004
8466,0.009509300001809606
8467,0.009930500000336906
8468,0.01085140000213869
8469,0.00909969999702298
8470,0.011992799998552073
8471,0.010468199998285854
8472,0.009444200000871206
8473,0.010500100001081591
8474,0.008366900001419708
8475,0.0075503000007302035
8476,0.0073190999974031
8477,0.007819200000085402
8478,0.008143500002915971
8479,0.009373400000185939
8480,0.010386499998276122
8481,0.009067599999980303
8482,0.009941299998899922
8483,0.010523900000407593
8484,0.009039399999892339
8485,0.010115500001120381
8486,0.008560599999327678
8487,0.0119087999992189
8488,0.01122140000006766
8489,0.00992739999855985
8490,0.009507999999186723
8491,0.011166399999638088
8492,0.009609499997168314
8493,0.011032099999283673
8494,0.010586999997030944
8495,0.009773400000995025
8496,0.011077600000135135
8497,0.00999500000034459
8498,0.008641299998998875
8499,0.009693599997262936
8500,0.008737000000110129
8501,0.009217099999659695
8502,0.010133600000699516
8503,0.009422399998584297
8504,0.010855299999093404
8505,0.010387399997853208
8506,0.009033199999976205
8507,0.00886710000122548
8508,0.006575600000360282
8509,0.00864709999950719
8510,0.008656199999677483
8511,0.009555099997669458
8512,0.007415000000037253
8513,0.009941899999830639
8514,0.011471599998913007
8515,0.013266900001326576
8516,0.007402499999443535
8517,0.009373599998070858
8518,0.010243799999443581
8519,0.011261600000580074
8520,0.010354499998356914
8521,0.008108299996820278
8522,0.00908500000150525
8523,0.008062200002314057
8524,0.010730099998909282
8525,0.010513700002775295
8526,0.007390200000372715
8527,0.00841969999964931
8528,0.009985300002881559
8529,0.008800300001894357
8530,0.0073378000015509315
8531,0.00825519999852986
8532,0.007309099997655721
8533,0.007995600000867853
8534,0.007269400000950554
8535,0.009715000000142027
8536,0.010147000000870321
8537,0.009794599998713238
8538,0.009714499999972759
8539,0.009414600001036888
8540,0.011745399999199435
8541,0.010231500000372762
8542,0.006894800000736723
8543,0.008500700001604855
8544,0.009405000000697328
8545,0.011499100000946783
8546,0.010978600002999883
8547,0.009467299998505041
8548,0.008934400000725873
8549,0.008115599997836398
8550,0.00951110000096378
8551,0.009403300002304604
8552,0.009545700002490776
8553,0.010488799998711329
8554,0.010464400002092589
8555,0.00977200000124867
8556,0.009251600000425242
8557,0.008650600000692066
8558,0.009308400000008987
8559,0.008625099999335362
8560,0.008868099997926038
8561,0.008383199998206692
8562,0.009484800000791438
8563,0.00967799999853014
8564,0.008715899999515386
8565,0.008297700002003694
8566,0.008048299998336006
8567,0.009415799999260344
8568,0.009139400001004105
8569,0.006772400000045309
8570,0.006711800000630319
8571,0.010112899999512592
8572,0.01083949999883771
8573,0.009838599999056896
8574,0.00986199999897508
8575,0.010154999999940628
8576,0.009856300002866192
8577,0.009442700000363402
8578,0.008192900000722148
8579,0.009727199998451397
8580,0.009522699998342432
8581,0.009480400000029476
8582,0.009723099999973783
8583,0.009431899998162407
8584,0.009751200002938276
8585,0.010119700000359444
8586,0.009415199998329626
8587,0.00973130000056699
8588,0.009432000002561836
8589,0.00973370000065188
8590,0.009870599998976104
8591,0.008971799998107599
8592,0.009568499997840263
8593,0.00938029999815626
8594,0.009296399999584537
8595,0.009804500001337146
8596,0.011173800001415657
8597,0.009780100001080427
8598,0.010050100001535611
8599,0.008266000000730855
8600,0.009312399997725151
8601,0.009900099998048972
8602,0.010262799998599803
8603,0.010606100000586594
8604,0.011368200001015794
8605,0.009279199999582488
8606,0.008349100000486942
8607,0.007818200003384845
8608,0.00721019999764394
8609,0.008940499999880558
8610,0.008806500001810491
8611,0.009544300002744421
8612,0.009534099997836165
8613,0.008128900000883732
8614,0.009262899999157526
8615,0.009551499999361113
8616,0.009986400000343565
8617,0.010465399998793146
8618,0.010031500001787208
8619,0.010296500000549713
8620,0.01036499999827356
8621,0.009713200000987854
8622,0.010899200002313592
8623,0.011019099998520687
8624,0.010383199998614145
8625,0.011165600000822451
8626,0.010494899997866014
8627,0.011257300000579562
8628,0.008865499999956228
8629,0.008933299999625888
8630,0.00908020000133547
8631,0.009497800001554424
8632,0.009572499999194406
8633,0.009362700002384372
8634,0.009169500001007691
8635,0.009574899999279296
8636,0.009525999998004409
8637,0.007761900000332389
8638,0.009583900002326118
8639,0.009652000000642147
8640,0.008519300001353258
8641,0.008555000000342261
8642,0.010093299999425653
8643,0.009739600001921644
8644,0.00870510000095237
8645,0.01126730000032694
8646,0.009545600001729326
8647,0.008751599998504389
8648,0.010526400001253933
8649,0.010324300001229858
8650,0.010035499999503372
8651,0.009671299998444738
8652,0.007820900002116105
8653,0.01055149999956484
8654,0.010672699998394819
8655,0.008764599999267375
8656,0.01011849999849801
8657,0.01017140000112704
8658,0.00832060000175261
8659,0.008669800001371186
8660,0.00790670000060345
8661,0.008927300001232652
8662,0.007881699999416014
8663,0.008577900000091176
8664,0.00783679999949527
8665,0.009095000001252629
8666,0.008695100001204992
8667,0.010105000001203734
8668,0.009905599999910919
8669,0.00963440000123228
8670,0.01040399999692454
8671,0.009021300000313204
8672,0.010439699999551522
8673,0.010290400001395028
8674,0.010098300001118332
8675,0.009127200002694735
8676,0.007875899998907698
8677,0.010930899999948451
8678,0.010049799999251263
8679,0.010269599999446655
8680,0.01018110000222805
8681,0.009925700000167126
8682,0.009746499999891967
8683,0.010721099999500439
8684,0.010709900001529604
8685,0.010195099999691593
8686,0.010361299999203766
8687,0.009265800003049662
8688,0.008695700002135709
8689,0.009013399998366367
8690,0.007483299999876181
8691,0.01119960000141873
8692,0.009299299999838695
8693,0.01107390000106534
8694,0.011354199999914272
8695,0.010121399998752167
8696,0.007488299997930881
8697,0.008066200000030221
8698,0.007413399998768
8699,0.008212499997171108
8700,0.009898400003294228
8701,0.010017699998570606
8702,0.008835699998599011
8703,0.008271599999716273
8704,0.007397500001388835
8705,0.009937399998307228
8706,0.010041199999250239
8707,0.00995139999940875
8708,0.01024380000308156
8709,0.010444199997436954
8710,0.010845199998584576
8711,0.011190400000486989
8712,0.009434100000362378
8713,0.009619299999030773
8714,0.010531399999308633
8715,0.010709800000768155
8716,0.007332900000619702
8717,0.006859600001916988
8718,0.010286100001394516
8719,0.01003139999738778
8720,0.0085042999999132
8721,0.009737299998960225
8722,0.00988629999847035
8723,0.00969959999929415
8724,0.009765300001163268
8725,0.009018799999466864
8726,0.008353900000656722
8727,0.007008199998381315
8728,0.008055599999352125
8729,0.007327100000111386
8730,0.009935399997630157
8731,0.009432999999262393
8732,0.010182699999859324
8733,0.010545400000410154
8734,0.010082699998747557
8735,0.01013760000205366
8736,0.008508599999913713
8737,0.007009600001765648
8738,0.007084599998051999
8739,0.008703899999090936
8740,0.008630000000266591
8741,0.006991400001425063
8742,0.007246799999848008
8743,0.010166399999434361
8744,0.009964199998648837
8745,0.00933440000153496
8746,0.011570899998332607
8747,0.010158100001717685
8748,0.008551299997634487
8749,0.010049599997728365
8750,0.009768200001417426
8751,0.00857709999763756
8752,0.00953519999893615
8753,0.00870529999883729
8754,0.009691700000985293
8755,0.008510100000421517
8756,0.009131499999057269
8757,0.009160500001598848
8758,0.008509500003128778
8759,0.009391799998411443
8760,0.009240300001692958
8761,0.009235400000761729
8762,0.008726600000954932
8763,0.008673500000440981
8764,0.00828150000234018
8765,0.009305700001277728
8766,0.009603999998944346
8767,0.008943100001488347
8768,0.00958820000232663
8769,0.00843189999795868
8770,0.00868819999959669
8771,0.008211600001232
8772,0.010563900003035087
8773,0.010274699998262804
8774,0.009451199999602977
8775,0.008742400001210626
8776,0.008225300000049174
8777,0.008352699998795288
8778,0.0089014999975916
8779,0.009440499998163432
8780,0.00931480000144802
8781,0.007959100003063213
8782,0.009291800000937656
8783,0.009512999997241423
8784,0.007276000000274507
8785,0.0069911999999021646
8786,0.01020290000087698
8787,0.009281699996790849
8788,0.009053199999470962
8789,0.009426900000107707
8790,0.00899310000022524
8791,0.009217599999828963
8792,0.009603499998775078
8793,0.007360200001130579
8794,0.00810759999876609
8795,0.00865440000052331
8796,0.00927640000008978
8797,0.010017000000516418
8798,0.01114420000158134
8799,0.010143799998331815
8800,0.010013499999331543
8801,0.010532299998885719
8802,0.010303999999450753
8803,0.010733200000686338
8804,0.009587399999873014
8805,0.00918180000007851
8806,0.009055200000148034
8807,0.009156799998891074
8808,0.00898379999853205
8809,0.009184999998979038
8810,0.008960300001490396
8811,0.009109199996601092
8812,0.008977599998615915
8813,0.009099800001422409
8814,0.009203200002957601
8815,0.008929999999963911
8816,0.009495500002230983
8817,0.00874889999977313
8818,0.009715099997265497
8819,0.01010370000221883
8820,0.007445299997925758
8821,0.008305499999551103
8822,0.009493499997915933
8823,0.009847900000750087
8824,0.009991499999159714
8825,0.009838300000410527
8826,0.009615400002076058
8827,0.009309400000347523
8828,0.009398499998496845
8829,0.009001000002172077
8830,0.009228700000676326
8831,0.009194400001433678
8832,0.008979199999885168
8833,0.009145899999566609
8834,0.00689559999955236
8835,0.008424200001172721
8836,0.010057100000267383
8837,0.01068429999941145
8838,0.010399499999039108
8839,0.009267400000680937
8840,0.010021000001870561
8841,0.009193199999572244
8842,0.009654199999204138
8843,0.010215700000117067
8844,0.010449100002006162
8845,0.009676100002252497
8846,0.009947099999408238
8847,0.010188199998083292
8848,0.009684399999969173
8849,0.01037979999819072
8850,0.009512399999948684
8851,0.009891199999401579
8852,0.009558300000207964
8853,0.009565099997416837
8854,0.009573100000125123
8855,0.009402600000612438
8856,0.009499300002062228
8857,0.008578900000429712
8858,0.009364500001538545
8859,0.00874889999977313
8860,0.009174099999654572
8861,0.009425999996892642
8862,0.008610299999418203
8863,0.008841999999276595
8864,0.007047200000670273
8865,0.008188899999368005
8866,0.007889100001193583
8867,0.008294899998873007
8868,0.010080899999593385
8869,0.009943000000930624
8870,0.009169599998131162
8871,0.009613599999283906
8872,0.010101799998665228
8873,0.009103299998969305
8874,0.009654599998611957
8875,0.009810399998968933
8876,0.009095500001421897
8877,0.008546799999749055
8878,0.00710109999999986
8879,0.008142200000293087
8880,0.007369400002062321
8881,0.00839059999998426
8882,0.007423499999276828
8883,0.00879010000062408
8884,0.009401100000104634
8885,0.01159919999918202
8886,0.011015299998689443
8887,0.009354100002383348
8888,0.010158999997656792
8889,0.009936399997968692
8890,0.009587599997757934
8891,0.00944579999850248
8892,0.00897360000089975
8893,0.007912299999588868
8894,0.007003999999142252
8895,0.009885100000246894
8896,0.008923599998524878
8897,0.009329499996965751
8898,0.009624300000723451
8899,0.009485799997491995
8900,0.010703100000682753
8901,0.010204700000031153
8902,0.010911199999100063
8903,0.010336200000892859
8904,0.009674199998698896
8905,0.009421700000530109
8906,0.010229399998934241
8907,0.009448899996641558
8908,0.008634299996629125
8909,0.00816570000097272
8910,0.009603300000890158
8911,0.009591199999704259
8912,0.009417699999175966
8913,0.009118199999647914
8914,0.008602499998232815
8915,0.010532400003285147
8916,0.00991749999957392
8917,0.009446500000194646
8918,0.009449699999095174
8919,0.008957199999713339
8920,0.009227099999407073
8921,0.009382199998071883
8922,0.007985600001120474
8923,0.008053000001382316
8924,0.009476600000198232
8925,0.009278000001359032
8926,0.008063199999014614
8927,0.009622500001569279
8928,0.00988340000185417
8929,0.00811260000045877
8930,0.008973500000138301
8931,0.009434800002054544
8932,0.010792299999593524
8933,0.011107400001492351
8934,0.010545500001171604
8935,0.010116699999343837
8936,0.00994659999923897
8937,0.00945030000002589
8938,0.009642000000894768
8939,0.009568500001478242
8940,0.009879999997792765
8941,0.009812199998123106
8942,0.009474999998928979
8943,0.009508399998594541
8944,0.009415900000021793
8945,0.01007949999984703
8946,0.00850469999932102
8947,0.007903900001110742
8948,0.007974399999511661
8949,0.008099300001049414
8950,0.00949889999901643
8951,0.009980899998481618
8952,0.009743799997522729
8953,0.009731499998451909
8954,0.009510500000033062
8955,0.00965630000064266
8956,0.008550800001103198
8957,0.008706900000106543
8958,0.008639699997729622
8959,0.009183500002109213
8960,0.009183099999063415
8961,0.008743700000195531
8962,0.007941500000015367
8963,0.009936200000083772
8964,0.009710799997264985
8965,0.009094000000914093
8966,0.010487100000318605
8967,0.00820920000114711
8968,0.009387900001456728
8969,0.00906070000200998
8970,0.008085199999186443
8971,0.008191100001567975
8972,0.007034600002953084
8973,0.008793000000878237
8974,0.008534399999916786
8975,0.009188700001686811
8976,0.008537699999578763
8977,0.010366800001065712
8978,0.009926000002451474
8979,0.0084924000002502
8980,0.009160500001598848
8981,0.008219999999710126
8982,0.009051900000486057
8983,0.008747100000618957
8984,0.007442599999194499
8985,0.006976399999985006
8986,0.009925999998813495
8987,0.009766999999555992
8988,0.00944060000256286
8989,0.010141599999769824
8990,0.010513400000490947
8991,0.008194000001822133
8992,0.008594499999162508
8993,0.007016600000497419
8994,0.00785629999882076
8995,0.008175500002835179
8996,0.009217399998306064
8997,0.016487199998664437
8998,0.009713599996757694
8999,0.010003999999753432
9000,0.00930530000186991
9001,0.006909100000484614
9002,0.008184700000128942
9003,0.010326099996746052
9004,0.010561300001427298
9005,0.010018299999501323
9006,0.009425599997484824
9007,0.009887500000331784
9008,0.00941640000019106
9009,0.009770599997864338
9010,0.009828399997786619
9011,0.0073501999977452215
9012,0.008430300000327406
9013,0.008526599998731399
9014,0.008745600000111153
9015,0.006955299999390263
9016,0.008435399999143556
9017,0.00946730000214302
9018,0.011201400000572903
9019,0.012204999999084976
9020,0.011441399998147972
9021,0.010173499998927582
9022,0.009287900000344962
9023,0.0073158000013791025
9024,0.044538999998621875
9025,0.0740581000027305
9026,0.02140329999747337
9027,0.026133700001082616
9028,0.017409899999620393
9029,0.011620000001130393
9030,0.030612099999416387
9031,0.021304799996869406
9032,0.013441700000839774
9033,0.012000300001091091
9034,0.02153810000163503
9035,0.02357040000060806
9036,0.011577099998248741
9037,0.014903200000844663
9038,0.009879400000500027
9039,0.009500600001047133
9040,0.009950899999239482
9041,0.0100456000000122
9042,0.010417900000902591
9043,0.00952069999766536
9044,0.009161199999653036
9045,0.008997499997349223
9046,0.009685400000307709
9047,0.00894479999988107
9048,0.009693699998024385
9049,0.009524499997496605
9050,0.007441800000378862
9051,0.008315499999298481
9052,0.007442400001309579
9053,0.008853799998178147
9054,0.010421300001326017
9055,0.009906200000841636
9056,0.00980120000167517
9057,0.010416400000394788
9058,0.011971899999480229
9059,0.01101589999962016
9060,0.009885200001008343
9061,0.009343699999590172
9062,0.00845869999830029
9063,0.010602700000163168
9064,0.009652099997765617
9065,0.007386900000710739
9066,0.008701299997483147
9067,0.009426900000107707
9068,0.009753100002853898
9069,0.009804500001337146
9070,0.00948939999943832
9071,0.010177100000873907
9072,0.00951839999834192
9073,0.010233900000457652
9074,0.009965500001271721
9075,0.009177300002193078
9076,0.010531599997193553
9077,0.010044099999504397
9078,0.00988110000253073
9079,0.009887700001854682
9080,0.00908029999845894
9081,0.01078380000035395
9082,0.009725600000820123
9083,0.006991599999309983
9084,0.008558599998650607
9085,0.00991500000236556
9086,0.008572599999752128
9087,0.007240900002216222
9088,0.010555100001511164
9089,0.009967399997549364
9090,0.009191499997541541
9091,0.009930200001690537
9092,0.009084100001928164
9093,0.00952049999978044
9094,0.00988090000100783
9095,0.008757499999774154
9096,0.009439299999939976
9097,0.008634199999505654
9098,0.010465000003023306
9099,0.009908699998049997
9100,0.007680200000322657
9101,0.008174399998097215
9102,0.007993100000021514
9103,0.008695000000443542
9104,0.009482699999352917
9105,0.009400699997058837
9106,0.009001900001749163
9107,0.009695799999462906
9108,0.00971909999861964
9109,0.009460400000534719
9110,0.009586500000295928
9111,0.008703200001036748
9112,0.010307900000043446
9113,0.010010900001361733
9114,0.009637700000894256
9115,0.009752699999808101
9116,0.008696699998836266
9117,0.009030899997014785
9118,0.009079699997528223
9119,0.009579300000041258
9120,0.009715299998788396
9121,0.009492099998169579
9122,0.008773599998676218
9123,0.008255799999460578
9124,0.008801200001471443
9125,0.008867600001394749
9126,0.009058800002094358
9127,0.00934159999815165
9128,0.008966100001998711
9129,0.009408300000359304
9130,0.009096500001760432
9131,0.008302400001412025
9132,0.008977500001492444
9133,0.010068000003229827
9134,0.010038700002041878
9135,0.010025399998994544
9136,0.008257199999206932
9137,0.009303699996962678
9138,0.00814390000232379
9139,0.009495300000708085
9140,0.007869400000345195
9141,0.010325800001737662
9142,0.008137000000715489
9143,0.00863039999967441
9144,0.008886299998266622
9145,0.00716630000169971
9146,0.00989090000075521
9147,0.00962240000080783
9148,0.009591199999704259
9149,0.008792199998424621
9150,0.009659300001658266
9151,0.009426500000699889
9152,0.009724899999127956
9153,0.010063699999591336
9154,0.009812700001930352
9155,0.007200600000942359
9156,0.0071779999998398125
9157,0.009335599999758415
9158,0.009481000000960194
9159,0.009539799997583032
9160,0.01010630000018864
9161,0.009476799998083152
9162,0.009809300001506926
9163,0.009614700000383891
9164,0.008213500001147622
9165,0.009353299999929732
9166,0.008261599999968894
9167,0.010126499997568317
9168,0.009717199998704018
9169,0.007003200000326615
9170,0.007675199998629978
9171,0.007375299999694107
9172,0.00822389999666484
9173,0.010103199998411583
9174,0.010787799998070113
9175,0.010431400001834845
9176,0.010175100000196835
9177,0.010699700000259327
9178,0.010327299998607486
9179,0.00948440000138362
9180,0.009535400000459049
9181,0.007402100000035716
9182,0.009205099999235244
9183,0.01014249999934691
9184,0.011101000000053318
9185,0.010465600000316044
9186,0.00868840000111959
9187,0.0104326000000583
9188,0.010921900000539608
9189,0.011272100000496721
9190,0.011246799997024937
9191,0.010444799998367671
9192,0.010073499997815816
9193,0.010460000001330627
9194,0.011391500000172528
9195,0.009107600002607796
9196,0.009328899999673013
9197,0.008953700002166443
9198,0.008594800001446856
9199,0.009584599996742327
9200,0.009526000001642387
9201,0.010657400001946371
9202,0.010769500000606058
9203,0.009054899997863686
9204,0.009541499999613734
9205,0.009065099999133963
9206,0.009830400002101669
9207,0.009915800001181196
9208,0.008041999997658422
9209,0.00882629999978235
9210,0.008117099998344202
9211,0.009595300001819851
9212,0.009434700001293095
9213,0.010721399998146808
9214,0.010320199999114266
9215,0.009958800001186319
9216,0.008020000001124572
9217,0.0071988999989116564
9218,0.009927999999490567
9219,0.010491199998796219
9220,0.00952289999986533
9221,0.010269200000038836
9222,0.010161300000618212
9223,0.009966599998733727
9224,0.008724999999685679
9225,0.006989199999225093
9226,0.008499599996866891
9227,0.009012200000142911
9228,0.009785300000658026
9229,0.009860000001935987
9230,0.010334700000385055
9231,0.008965499997430015
9232,0.006943799999135081
9233,0.009296199998061638
9234,0.00909029999820632
9235,0.009360199997900054
9236,0.009371000000101048
9237,0.009997500001190929
9238,0.010348399999202229
9239,0.01049319999947329
9240,0.007354499997745734
9241,0.009982699997635791
9242,0.00947930000256747
9243,0.009154699997452553
9244,0.00810289999935776
9245,0.008835599997837562
9246,0.00814870000249357
9247,0.009756700001162244
9248,0.010481799999979557
9249,0.010126099998160498
9250,0.010185399998590583
9251,0.009788100000150735
9252,0.008235199999035103
9253,0.009773699999641394
9254,0.009901399997033877
9255,0.010263799998938339
9256,0.010014500003308058
9257,0.010169700002734317
9258,0.010753200000181096
9259,0.011215400001674425
9260,0.010139400001207832
9261,0.010278300000209128
9262,0.010094599998410558
9263,0.008577699998568278
9264,0.009582099999533966
9265,0.009902599998895312
9266,0.00973830000293674
9267,0.009663900000305148
9268,0.00861359999908018
9269,0.009049299998878269
9270,0.008584199997130781
9271,0.009308700002293335
9272,0.009459699998842552
9273,0.009696900000562891
9274,0.009893500002362998
9275,0.0093706999978167
9276,0.008435899999312824
9277,0.00917710000067018
9278,0.008847799999784911
9279,0.008169799999450333
9280,0.006654799999523675
9281,0.0062087000005703885
9282,0.007437000000209082
9283,0.0077158999993116595
9284,0.008682199997565476
9285,0.009092700001929188
9286,0.009385800000018207
9287,0.009121999999479158
9288,0.009159099998214515
9289,0.009049500000401167
9290,0.009127799999987474
9291,0.007995500000106404
9292,0.006217299996933434
9293,0.007426600001053885
9294,0.008573600000090664
9295,0.008432400001765927
9296,0.00823099999979604
9297,0.00857229999746778
9298,0.00770340000235592
9299,0.008742099998926278
9300,0.00896640000064508
9301,0.008831699997244868
9302,0.008538600002793828
9303,0.006771299998945324
9304,0.006237199999304721
9305,0.008242600000812672
9306,0.008260100003099069
9307,0.007547799999883864
9308,0.006288900000072317
9309,0.008246500001405366
9310,0.007756400002108421
9311,0.00848980000228039
9312,0.008327499999722932
9313,0.00802560000010999
9314,0.009002299997519003
9315,0.009307000000262633
9316,0.009156200001598336
9317,0.009134700001595775
9318,0.00912160000007134
9319,0.007845100000849925
9320,0.0076592000004893634
9321,0.006248899997444823
9322,0.006211899999470916
9323,0.009209799998643575
9324,0.009354500001791166
9325,0.009136600001511397
9326,0.009009100002003834
9327,0.008142999999108724
9328,0.008502799999405397
9329,0.008097099998849444
9330,0.008924800000386313
9331,0.00859159999890835
9332,0.008947899998020148
9333,0.007419599998684134
9334,0.009174800001346739
9335,0.009211500000674278
9336,0.009071699998457916
9337,0.009286399999837158
9338,0.008996900000056485
9339,0.008711900001799222
9340,0.008211100001062732
9341,0.009422600000107195
9342,0.0075563999998848885
9343,0.008726299998670584
9344,0.008839300000545336
9345,0.007872499998484273
9346,0.008437799999228446
9347,0.007864999999583233
9348,0.008532200001354795
9349,0.008641299998998875
9350,0.00829140000132611
9351,0.0073541999990993645
9352,0.007856600001105107
9353,0.007338999999774387
9354,0.007675999997445615
9355,0.006148899999971036
9356,0.006227099998795893
9357,0.009299400000600144
9358,0.009439099998417078
9359,0.008538999998563668
9360,0.008545099997718353
9361,0.007364299999608193
9362,0.007914699999673758
9363,0.007363600001554005
9364,0.007554499999969266
9365,0.007366099998762365
9366,0.008101100000203587
9367,0.00802260000273236
9368,0.00781710000228486
9369,0.0059897999999520835
9370,0.006291400000918657
9371,0.007948300000862218
9372,0.007730400000582449
9373,0.008333699999639066
9374,0.008067700000538025
9375,0.009604200000467245
9376,0.008278299999801675
9377,0.008666299996548332
9378,0.008899500000552507
9379,0.008651399999507703
9380,0.007742900001176167
9381,0.005922399999690242
9382,0.005909100000280887
9383,0.00821179999911692
9384,0.007907499999419088
9385,0.008208299997932045
9386,0.00798650000069756
9387,0.008695900000020629
9388,0.009196099999826401
9389,0.0095954000025813
9390,0.00977459999921848
9391,0.00950620000003255
9392,0.009801899999729358
9393,0.009324499998911051
9394,0.009100300001591677
9395,0.007896800001617521
9396,0.006216500001755776
9397,0.006955000000743894
9398,0.008591300000261981
9399,0.008860699999786448
9400,0.009084400000574533
9401,0.007698099998378893
9402,0.006302199999481672
9403,0.007348800001636846
9404,0.009082299999136012
9405,0.008610700002464
9406,0.009042300000146497
9407,0.0077219999984663446
9408,0.006220899998879759
9409,0.0073778000005404465
9410,0.007738600001175655
9411,0.007758799998555332
9412,0.006259099998715101
9413,0.006224300002941163
9414,0.009606999999959953
9415,0.009175999999570195
9416,0.009061799999471987
9417,0.009292499998991843
9418,0.009100900002522394
9419,0.00932470000043395
9420,0.008737000000110129
9421,0.008649999999761349
9422,0.008481499997287756
9423,0.007376599998679012
9424,0.00789230000009411
9425,0.0073594999994384125
9426,0.007615400001668604
9427,0.00831330000073649
9428,0.008277900000393856
9429,0.008049000000028173
9430,0.007932199998322176
9431,0.008752500001719454
9432,0.008867900000041118
9433,0.007974000000103842
9434,0.007584899998619221
9435,0.007828599998902064
9436,0.008462699999654433
9437,0.00868840000111959
9438,0.007512200001656311
9439,0.0059379000012995675
9440,0.006188499999552732
9441,0.008656199999677483
9442,0.00883350000003702
9443,0.007850499998312443
9444,0.00808800000231713
9445,0.006055500001821201
9446,0.006163999998534564
9447,0.00838339999972959
9448,0.00821689999793307
9449,0.008514300003298558
9450,0.007408099998428952
9451,0.009486499999184161
9452,0.008843899999192217
9453,0.009070199997950112
9454,0.009158600001683226
9455,0.008828099998936523
9456,0.008699500001966953
9457,0.00832780000200728
9458,0.00931519999721786
9459,0.008298599997942802
9460,0.008706099997652927
9461,0.008867099997587502
9462,0.008654100001876941
9463,0.008670499999425374
9464,0.007841900001949398
9465,0.008091100000456208
9466,0.007418900000629947
9467,0.007994899999175686
9468,0.007851599999412429
9469,0.008338899999216665
9470,0.007843100000172853
9471,0.008345300000655698
9472,0.0076722000012523495
9473,0.008214400000724709
9474,0.007719000001088716
9475,0.008349200001248391
9476,0.008056299997406313
9477,0.008297700002003694
9478,0.007864700000936864
9479,0.008275100000901148
9480,0.007835399999748915
9481,0.008712399998330511
9482,0.008636599999590544
9483,0.008893300000636373
9484,0.008709499998076353
9485,0.00878990000273916
9486,0.008836699998937547
9487,0.008602400001109345
9488,0.009653599998273421
9489,0.008594399998401059
9490,0.008989800000563264
9491,0.00868570000238833
9492,0.008812599997327197
9493,0.008925900001486298
9494,0.008709199999429984
9495,0.008645000001706649
9496,0.007376200002909172
9497,0.007711700000072597
9498,0.008191000000806525
9499,0.008591800000431249
9500,0.0073754000004555564
9501,0.007568799999717157
9502,0.007347200000367593
9503,0.0077366000004985835
9504,0.008211000000301283
9505,0.007012599999143276
9506,0.007718499997281469
9507,0.007378599999356084
9508,0.009300000001530861
9509,0.009110799997870345
9510,0.006015599999955157
9511,0.005922600001213141
9512,0.008128599998599384
9513,0.007227100002637599
9514,0.00666109999656328
9515,0.0059498000009625684
9516,0.00702110000202083
9517,0.009093700002267724
9518,0.008818300000712043
9519,0.00861790000271867
9520,0.007329100000788458
9521,0.005993900002067676
9522,0.007402600000204984
9523,0.008596100000431761
9524,0.00874140000087209
9525,0.008269099998869933
9526,0.008440700003120583
9527,0.007675200002267957
9528,0.008347599999979138
9529,0.007416700002067955
9530,0.00784130000101868
9531,0.007935100002214313
9532,0.008710900001460686
9533,0.008120499998767627
9534,0.01021299999774783
9535,0.009628899999370333
9536,0.0077713999999105
9537,0.007686400000238791
9538,0.008655699999508215
9539,0.00894709999920451
9540,0.008263100000476697
9541,0.008031500001379754
9542,0.0062479000007442664
9543,0.006386699998984113
9544,0.00649399999747402
9545,0.006258099998376565
9546,0.007974599997396581
9547,0.008553100000426639
9548,0.008271700000477722
9549,0.007792100001097424
9550,0.008321200002683327
9551,0.007637800001248252
9552,0.009255900000425754
9553,0.007957499998155981
9554,0.008452000001852866
9555,0.008784800000285031
9556,0.006341500000417
9557,0.006213700002263067
9558,0.008982199997262796
9559,0.009218799998052418
9560,0.00784410000051139
9561,0.008198700001230463
9562,0.007736899999144953
9563,0.0083349000015005
9564,0.009118599999055732
9565,0.009573799998179311
9566,0.008686200002557598
9567,0.00814659999741707
9568,0.00733340000078897
9569,0.008264100000815233
9570,0.008168500000465428
9571,0.008239999999204883
9572,0.008121200000459794
9573,0.01008920000094804
9574,0.007392700001219055
9575,0.00888180000038119
9576,0.009021699999721022
9577,0.009476400002313312
9578,0.009030000001075678
9579,0.008689199999935227
9580,0.007535000000643777
9581,0.0073415000006207265
9582,0.008387000001675915
9583,0.007673200001590885
9584,0.008619100000942126
9585,0.008569300000090152
9586,0.00829659999726573
9587,0.008268199999292847
9588,0.008779899999353802
9589,0.008781399999861605
9590,0.008239399998274166
9591,0.008374299999559298
9592,0.008149000001139939
9593,0.007989600002474617
9594,0.0059172000001126435
9595,0.0059098000019730534
9596,0.007904999998572748
9597,0.008520200000930345
9598,0.008655500001623295
9599,0.008527900001354283
9600,0.008010300000023562
9601,0.007747600000584498
9602,0.009139099998719757
9603,0.008975500000815373
9604,0.00736250000045402
9605,0.0077219999984663446
9606,0.0073551999994379
9607,0.0076212999993003905
9608,0.006008600001223385
9609,0.0058918000031553674
9610,0.00755859999844688
9611,0.007828999998309882
9612,0.008685299999342533
9613,0.007726200001343386
9614,0.00886990000071819
9615,0.007706999997026287
9616,0.008229300001403317
9617,0.007849699999496806
9618,0.009104600001592189
9619,0.00937040000280831
9620,0.0078088999980536755
9621,0.007608199997775955
9622,0.00758510000014212
9623,0.00746400000207359
9624,0.009050500000739703
9625,0.00881179999851156
9626,0.007358999999269145
9627,0.0075331000007281546
9628,0.008631799999420764
9629,0.00831330000073649
9630,0.005949200000031851
9631,0.005902600001718383
9632,0.00799860000188346
9633,0.008215499998186715
9634,0.009442700000363402
9635,0.0063302999988081865
9636,0.009239200000592973
9637,0.008738299999095034
9638,0.009038200001668883
9639,0.00861100000111037
9640,0.007721099998889258
9641,0.008154600000125356
9642,0.0073781000028247945
9643,0.00769880000007106
9644,0.007343699999182718
9645,0.007664100001420593
9646,0.007381300001725322
9647,0.007288299999345327
9648,0.007539400001405738
9649,0.00732609999977285
9650,0.007949700000608573
9651,0.007356199999776436
9652,0.007860000001528533
9653,0.007152899997890927
9654,0.0075726000031863805
9655,0.006328600000415463
9656,0.0076649999973597005
9657,0.008293700000649551
9658,0.008381999999983236
9659,0.007743400001345435
9660,0.008373199998459313
9661,0.008992200000648154
9662,0.008649200000945712
9663,0.007736999999906402
9664,0.007189599997218465
9665,0.006234299999050563
9666,0.007657099999050843
9667,0.009008000000903849
9668,0.008587500000430737
9669,0.007754600002954248
9670,0.009078900002350565
9671,0.007788599999912549
9672,0.0090319000009913
9673,0.009098599999560975
9674,0.009184999998979038
9675,0.008018399999855319
9676,0.007738600001175655
9677,0.008817599999019876
9678,0.009226499998476356
9679,0.009533300002658507
9680,0.009064199999556877
9681,0.008236500001657987
9682,0.00823320000199601
9683,0.009156300002359785
9684,0.009198300002026372
9685,0.007746400002361042
9686,0.008004999999684514
9687,0.00863029999891296
9688,0.008644200002891012
9689,0.007878500000515487
9690,0.008404200001677964
9691,0.007833700001356192
9692,0.00952789999792003
9693,0.008846100001392188
9694,0.008795400000963127
9695,0.008716299998923205
9696,0.008234500000980916
9697,0.00808320000214735
9698,0.0059583000002021436
9699,0.005891700002393918
9700,0.007854800001950935
9701,0.007375199998932658
9702,0.00803529999757302
9703,0.007354800000030082
9704,0.008009400000446476
9705,0.007345800000621239
9706,0.008246400000643916
9707,0.008567899996705819
9708,0.008652399999846239
9709,0.00813180000113789
9710,0.007402000002912246
9711,0.005954899999778718
9712,0.007289499997568782
9713,0.007757100000162609
9714,0.008184300000721123
9715,0.007694500000070548
9716,0.008358099999895785
9717,0.00860370000009425
9718,0.008365800000319723
9719,0.008158900000125868
9720,0.006815400000050431
9721,0.005956900000455789
9722,0.006032499997672858
9723,0.006612100001802901
9724,0.006284899998718174
9725,0.008411200000409735
9726,0.008995800002594478
9727,0.008332199999131262
9728,0.0077032000008330215
9729,0.008222999997087754
9730,0.007713799997873139
9731,0.008859800000209361
9732,0.008552100000088103
9733,0.009035799997946015
9734,0.008825400000205263
9735,0.007357100002991501
9736,0.00803029999951832
9737,0.007364199998846743
9738,0.007822999999916647
9739,0.008558099998481339
9740,0.009297699998569442
9741,0.00744470000063302
9742,0.00803029999951832
9743,0.007429299999785144
9744,0.008340899999893736
9745,0.007346999998844694
9746,0.008220899999287212
9747,0.008631200002128026
9748,0.008810299998003757
9749,0.00859399999899324
9750,0.008270400001492817
9751,0.007675799999560695
9752,0.009200299999065464
9753,0.008905099999537924
9754,0.009229299997969065
9755,0.008900499997253064
9756,0.007819100002961932
9757,0.008029900000110501
9758,0.007739599997876212
9759,0.007984600000781938
9760,0.007799599999998463
9761,0.008118800000374904
9762,0.007708100001764251
9763,0.008187299998098752
9764,0.007862799997383263
9765,0.008363400000234833
9766,0.008632099998067133
9767,0.008880099998350488
9768,0.00813429999834625
9769,0.007804799999576062
9770,0.008579900000768248
9771,0.007240700000693323
9772,0.0059804999982588924
9773,0.006902900000568479
9774,0.00905879999845638
9775,0.008847100001730723
9776,0.007698000001255423
9777,0.008272899998701178
9778,0.009030200002598576
9779,0.00921089999974356
9780,0.008203299999877345
9781,0.008340600001247367
9782,0.008137900000292575
9783,0.00871729999926174
9784,0.0087682000012137
9785,0.008631500000774395
9786,0.00920620000033523
9787,0.00869809999858262
9788,0.008471499997540377
9789,0.0073601999974926
9790,0.008175800001481548
9791,0.007884899998316541
9792,0.008614000002125977
9793,0.008621200002380647
9794,0.008957699999882607
9795,0.008613099998910911
9796,0.008310200002597412
9797,0.007366500001808163
9798,0.009375999998155748
9799,0.010184900002059294
9800,0.00940719999925932
9801,0.009396400000696303
9802,0.009040499997354345
9803,0.008969599999545608
9804,0.009129499998380197
9805,0.007731100002274616
9806,0.007940499999676831
9807,0.006252999999560416
9808,0.006226500001503155
9809,0.008989599999040365
9810,0.009384299999510404
9811,0.0076408999993873294
9812,0.008681500003149267
9813,0.009067999999388121
9814,0.009222399999998743
9815,0.009003799998026807
9816,0.007785499998135492
9817,0.006248900001082802
9818,0.007087900001351954
9819,0.009050500000739703
9820,0.009329900000011548
9821,0.009051699998963159
9822,0.008429000001342501
9823,0.007689599999139318
9824,0.008181699999113334
9825,0.007695799999055453
9826,0.007603100002597785
9827,0.006306000002950896
9828,0.007481299999199109
9829,0.00770120000015595
9830,0.007601799999974901
9831,0.006190000000060536
9832,0.0063033000005816575
9833,0.007938799997646129
9834,0.007848400000511901
9835,0.007899000000179512
9836,0.007818599999154685
9837,0.009124500000325497
9838,0.009333399997558445
9839,0.009030099998199148
9840,0.008609399999841116
9841,0.007048200001008809
9842,0.00786579999839887
9843,0.009023599999636644
9844,0.007999100002052728
9845,0.0062116000008245464
9846,0.007613400000991533
9847,0.008624699999927543
9848,0.009650200001487974
9849,0.008540399998310022
9850,0.009231600000930484
9851,0.009152200000244193
9852,0.00631460000295192
9853,0.006216300000232877
9854,0.007997900000191294
9855,0.008565600001020357
9856,0.008640400003059767
9857,0.008493299999827286
9858,0.007762500001263106
9859,0.007358299997576978
9860,0.0078125
9861,0.007341100001212908
9862,0.008966100001998711
9863,0.007370700001047226
9864,0.008998299999802839
9865,0.008849199999531265
9866,0.007937399997899774
9867,0.00592270000197459
9868,0.00976029999947059
9869,0.008923400000639958
9870,0.008261999999376712
9871,0.008357000002433779
9872,0.006298799999058247
9873,0.006361200001265388
9874,0.008055300000705756
9875,0.007816199999069795
9876,0.007998099998076214
9877,0.0066817000006267335
9878,0.007886800001870142
9879,0.00725109999984852
9880,0.006860599998617545
9881,0.006182299999636598
9882,0.007335399997828063
9883,0.008174799997505033
9884,0.00832079999963753
9885,0.0076966000015090685
9886,0.00839280000218423
9887,0.008208700000977842
9888,0.008680000002641464
9889,0.007736399998975685
9890,0.007649099999980535
9891,0.00638009999966016
9892,0.007775599999149563
9893,0.008438599998044083
9894,0.008195200000045588
9895,0.006330000000161817
9896,0.00742760000139242
9897,0.007830700000340585
9898,0.008359800001926487
9899,0.008225000001402805
9900,0.009189799999148818
9901,0.008358400002180133
9902,0.008996000000479398
9903,0.008189000000129454
9904,0.010296699998434633
9905,0.008754200000112178
9906,0.00816780000241124
9907,0.008182900000974769
9908,0.009026600000652252
9909,0.008711899998161243
9910,0.009633499998017214
9911,0.011554599997907644
9912,0.0109411999983422
9913,0.00956399999995483
9914,0.009379099999932805
9915,0.0087853000004543
9916,0.009795399997528875
9917,0.00934679999772925
9918,0.008153300001140451
9919,0.008615200000349432
9920,0.0073088999997708015
9921,0.009095899997191736
9922,0.009455199997319141
9923,0.010275700002239319
9924,0.010188199998083292
9925,0.010269700000208104
9926,0.009125399999902584
9927,0.00854839999738033
9928,0.007889600001362851
9929,0.007482400000299094
9930,0.009753900001669535
9931,0.009702300001663389
9932,0.007300999997823965
9933,0.008527099998900667
9934,0.009526999998342944
9935,0.00996569999915664
9936,0.008397400000831112
9937,0.008743499998672633
9938,0.008723200000531506
9939,0.008148500000970671
9940,0.009008100001665298
9941,0.00951829999758047
9942,0.009909199998219265
9943,0.009538099999190308
9944,0.009644100002333289
9945,0.008482900000672089
9946,0.009485199996561278
9947,0.009806599999137688
9948,0.00901270000031218
9949,0.009250200000678888
9950,0.00927620000220486
9951,0.00662459999875864
9952,0.006630500000028405
9953,0.00972389999878942
9954,0.008222299999033567
9955,0.01035760000013397
9956,0.01080039999942528
9957,0.010929899999609916
9958,0.010365800000727177
9959,0.011262299998634262
9960,0.011146000000735512
9961,0.008662199998070719
9962,0.00970479999887175
9963,0.009430899997823872
9964,0.009299900000769412
9965,0.009263100000680424
9966,0.009541200000967365
9967,0.009873499999230262
9968,0.009029000000737142
9969,0.010075000001961598
9970,0.009669199997006217
9971,0.008172199999535223
9972,0.008253600000898587
9973,0.00693429999955697
9974,0.007944000000861706
9975,0.008121300001221243
9976,0.008868100001564017
9977,0.008453000002191402
9978,0.010286600001563784
9979,0.009800100000575185
9980,0.009585499999957392
9981,0.009899799999402603
9982,0.009583399998518871
9983,0.009807900001760572
9984,0.010390300001745345
9985,0.0100748000004387
9986,0.008251700000982964
9987,0.006620100000873208
9988,0.008007500000530854
9989,0.006971400001930306
9990,0.007758100000501145
9991,0.007158699998399243
9992,0.008153299997502472
9993,0.008674900000187336
9994,0.009407599998667138
9995,0.008651999996800441
9996,0.008533700001862599
9997,0.007235599998239195
9998,0.009117099998547928
9999,0.009016899999551242
10000,0.00944560000061756
10001,0.009487899998930516
10002,0.008130300000630086
10003,0.009676500001660315
10004,0.011212500001420267
10005,0.011428699999669334
10006,0.008500500000081956
10007,0.007139699999243021
10008,0.00884599999699276
10009,0.009550799997668946
10010,0.009588999997504288
10011,0.009391799998411443
10012,0.010859900001378264
10013,0.009300099998654332
10014,0.008138699999108212
10015,0.008834700001898455
10016,0.00814639999953215
10017,0.009219499999744585
10018,0.009214699999574805
10019,0.008640799998829607
10020,0.009378999999171356
10021,0.009509900002740324
10022,0.007840700000087963
10023,0.007135500000003958
10024,0.009112300002016127
10025,0.009539299997413764
10026,0.009808000002522022
10027,0.010426400000142166
10028,0.011235800000577001
10029,0.010612199999741279
10030,0.007689699999900768
10031,0.006558299999596784
10032,0.007940499999676831
10033,0.006598600000870647
10034,0.0067176999982621055
10035,0.00881380000282661
10036,0.007382100000540959
10037,0.009212299999489915
10038,0.009409800000867108
10039,0.00951590000113356
10040,0.009831899998971494
10041,0.00954009999986738
10042,0.009727500000735745
10043,0.008947700000135228
10044,0.00944530000197119
10045,0.00987179999719956
10046,0.009519499999441905
10047,0.009654299999965588
10048,0.007969000002049142
10049,0.009485100003075786
10050,0.009720900001411792
10051,0.009431500002392568
10052,0.009602599999197992
10053,0.009744499999214895
10054,0.009476100000028964
10055,0.009612300000299001
10056,0.007298000000446336
10057,0.008625899998150999
10058,0.009591599999112077
10059,0.009857999997620936
10060,0.011707199999364093
10061,0.008104200001980644
10062,0.010533700002270052
10063,0.010387599999376107
10064,0.006582099998922786
10065,0.006868299999041483
10066,0.008764899997913744
10067,0.009358800001791678
10068,0.008137199998600408
10069,0.00888180000038119
10070,0.008100899998680688
10071,0.00985190000210423
10072,0.00964390000081039
10073,0.00926870000330382
10074,0.009512100001302315
10075,0.008936399997764966
10076,0.009175300001516007
10077,0.008934299999964423
10078,0.009283299998060102
10079,0.00933640000221203
10080,0.00706220000211033
10081,0.007105200002115453
10082,0.009940100000676466
10083,0.009100499999476597
10084,0.007070899999234825
10085,0.009442799997486873
10086,0.010355899998103268
10087,0.008665299999847775
10088,0.009011300000565825
10089,0.00988379999762401
10090,0.00982559999829391
10091,0.009454099999857135
10092,0.009137299999565585
10093,0.00921599999855971
10094,0.008956300000136252
10095,0.009422999999515014
10096,0.009479899999860208
10097,0.009530100000120001
10098,0.009792500000912696
10099,0.009415799999260344
10100,0.00951119999808725
10101,0.009431800001038937
10102,0.007803799999237526
10103,0.006550400001287926
10104,0.008720499998162268
10105,0.008996699998533586
10106,0.009176300001854543
10107,0.00930270000026212
10108,0.00710600000093109
10109,0.0068705999983649235
10110,0.007661199997528456
10111,0.00690260000192211
10112,0.008772100001806393
10113,0.00879949999944074
10114,0.009632900000724476
10115,0.009406199998920783
10116,0.009464599999773782
10117,0.008941200001572724
10118,0.008077900001808302
10119,0.00923530000000028
10120,0.008634500001790002
10121,0.008684000000357628
10122,0.009397799996804679
10123,0.010692199997720309
10124,0.009013900002173614
10125,0.008198899999115383
10126,0.011304999999993015
10127,0.009501300002739299
10128,0.008708000001206528
10129,0.009075999998458428
10130,0.008734099999855971
10131,0.010231100000964943
10132,0.010218499999609776
10133,0.00945530000171857
10134,0.011023900002328446
10135,0.010202299999946263
10136,0.007286500000191154
10137,0.008778800001891796
10138,0.010068899999168934
10139,0.00895910000326694
10140,0.007019399999990128
10141,0.009665199999290053
10142,0.01042310000048019
10143,0.009229299997969065
10144,0.010927400002401555
10145,0.010070700001961086
10146,0.008840200000122422
10147,0.009883299997454742
10148,0.00947200000155135
10149,0.008959800001321128
10150,0.007398400000965921
10151,0.008326800001668744
10152,0.007328100000449922
10153,0.008384300002944656
10154,0.007332600001973333
10155,0.009098700000322424
10156,0.00853800000186311
10157,0.01076209999882849
10158,0.009643499997764593
10159,0.007143800001358613
10160,0.008461499997792998
10161,0.009936499998730142
10162,0.010308799999620533
10163,0.010199500000453554
10164,0.009694299998955103
10165,0.009400699997058837
10166,0.008570099998905789
10167,0.01002149999840185
10168,0.010417099998448975
10169,0.010300400001142407
10170,0.010963799999444745
10171,0.010575299998890841
10172,0.010099299997818889
10173,0.010444600000482751
10174,0.010515300000406569
10175,0.008613999998487998
10176,0.01004349999857368
10177,0.008703400002559647
10178,0.01023939999868162
10179,0.010545400000410154
10180,0.010214100002485793
10181,0.011699799997586524
10182,0.010840399998414796
10183,0.008840299997245893
10184,0.011641799999779323
10185,0.010695400000258815
10186,0.010167899999942165
10187,0.010359699997934513
10188,0.0102030999987619
10189,0.009516599999187747
10190,0.010688400001527043
10191,0.011227800001506694
10192,0.009669400002167094
10193,0.00874159999875701
10194,0.007302199999685399
10195,0.009273699997720541
10196,0.010003499999584164
10197,0.01041840000107186
10198,0.010312300000805408
10199,0.009135500000411412
10200,0.009383500000694767
10201,0.008984899999632034
10202,0.008596100000431761
10203,0.009042499998031417
10204,0.008495500002027256
10205,0.009073599998373538
10206,0.009511700001894496
10207,0.008992500002932502
10208,0.008832499999698484
10209,0.008135699998092605
10210,0.00846100000126171
10211,0.008666800000355579
10212,0.008464900001854403
10213,0.006557600001542596
10214,0.006846100000984734
10215,0.009195599999657134
10216,0.007220600000437116
10217,0.008699099998921156
10218,0.008896799998183269
10219,0.008100700000795769
10220,0.008031199999095406
10221,0.006517699999676552
10222,0.007165400002122624
10223,0.009009200002765283
10224,0.009363900000607828
10225,0.009308400000008987
10226,0.008725100000447128
10227,0.008261500002845423
10228,0.008982300001662225
10229,0.007740400000329828
10230,0.009463899998081615
10231,0.008890299999620765
10232,0.008270599999377737
10233,0.008372599997528596
10234,0.006272299997363007
10235,0.006212800002685981
10236,0.007052599998132791
10237,0.006248400000913534
10238,0.009857900000497466
10239,0.008863399998517707
10240,0.008624200003396254
10241,0.009224399997037835
10242,0.008669899998494657
10243,0.008778100000199629
10244,0.008460500001092441
10245,0.007883800000854535
10246,0.006242800001928117
10247,0.007597199997690041
10248,0.00910690000091563
10249,0.008808899998257402
10250,0.007744799997453811
10251,0.007923199998913333
10252,0.008545000000594882
10253,0.00761160000183736
10254,0.006205800000316231
10255,0.007175199996709125
10256,0.006263100000069244
10257,0.006178799998451723
10258,0.009343300000182353
10259,0.008770299999014242
10260,0.00909970000066096
10261,0.008638499999506166
10262,0.006265100000746315
10263,0.007123499999579508
10264,0.00789720000102534
10265,0.007510800001909956
10266,0.0063988999972934835
10267,0.0062576999989687465
10268,0.008044599999266211
10269,0.008587799999077106
10270,0.008221000000048662
10271,0.007719500001257984
10272,0.008090000002994202
10273,0.0077223000007506926
10274,0.009275000000343425
10275,0.009207600000081584
10276,0.008582899998145876
10277,0.00778080000236514
10278,0.009097900001506787
10279,0.009203900001011789
10280,0.009043199999723583
10281,0.00839290000294568
10282,0.007714899998973124
10283,0.00824310000098194
10284,0.007699499998125248
10285,0.007281800000782823
10286,0.006220999999641208
10287,0.007094900000083726
10288,0.007685999997192994
10289,0.00808820000020205
10290,0.00855289999890374
10291,0.008537199999409495
10292,0.007716099997196579
10293,0.008277200002339669
10294,0.006252600000152597
10295,0.006785100002161926
10296,0.008733499998925254
10297,0.009360199997900054
10298,0.00973619999786024
10299,0.009394299999257782
10300,0.009343500001705252
10301,0.009199400003126357
10302,0.009180900000501424
10303,0.009042599998792866
10304,0.009011800000735093
10305,0.009058200001163641
10306,0.009500200001639314
10307,0.009417699999175966
10308,0.00626410000040778
10309,0.006243499999982305
10310,0.008744200000364799
10311,0.009013400002004346
10312,0.007892099998571211
10313,0.007530000002589077
10314,0.007472699999198085
10315,0.007322800000110874
10316,0.0077785000030416995
10317,0.0073981999994430225
10318,0.00821889999861014
10319,0.00783180000144057
10320,0.009729000001243548
10321,0.008929499999794643
10322,0.007953699998324737
10323,0.008561599999666214
10324,0.007956199999171076
10325,0.007636900001671165
10326,0.008596799998485949
10327,0.008603000002040062
10328,0.0073558000003686175
10329,0.007922500000859145
10330,0.007355699999607168
10331,0.007755700000416255
10332,0.007325899998249952
10333,0.007935300000099232
10334,0.010190699998929631
10335,0.009506700000201818
10336,0.008097400001133792
10337,0.009439999997994164
10338,0.008815200002572965
10339,0.008697599998413352
10340,0.008916400001908187
10341,0.008611399996880209
10342,0.007882199999585282
10343,0.005947100002231309
10344,0.006312500001513399
10345,0.009316799998487113
10346,0.009253800002625212
10347,0.009032400001160568
10348,0.008108799996989546
10349,0.006292800000665011
10350,0.006711199999699602
10351,0.0090608999998949
10352,0.009355899997899542
10353,0.009051099998032441
10354,0.009338700001535472
10355,0.008817300000373507
10356,0.008911100001569139
10357,0.008745499999349704
10358,0.00737949999893317
10359,0.007787800001096912
10360,0.007439400000293972
10361,0.0059179999989282805
10362,0.008689700000104494
10363,0.009804000001167879
10364,0.007742999998299638
10365,0.008191599998099264
10366,0.009168299999146257
10367,0.00934140000026673
10368,0.00855299999966519
10369,0.008352599998033838
10370,0.008205400001315866
10371,0.009250999999494525
10372,0.009043300000485033
10373,0.008996100001240848
10374,0.008732499998586718
10375,0.0062959000024420675
10376,0.006250000002182787
10377,0.007917999999335734
10378,0.007703700001002289
10379,0.008536800000001676
10380,0.006313399997452507
10381,0.007933100001537241
10382,0.007864600000175415
10383,0.008830700000544311
10384,0.008293199996842304
10385,0.008773400000791298
10386,0.007777599999826634
10387,0.008277500000986038
10388,0.0073701000001165085
10389,0.00694389999989653
10390,0.0062878999997337814
10391,0.007583899998280685
10392,0.006246699998882832
10393,0.006685500000457978
10394,0.006231600000319304
10395,0.006200600000738632
10396,0.008969599999545608
10397,0.008492800003295997
10398,0.00839300000006915
10399,0.008697799999936251
10400,0.008263299998361617
10401,0.008275899999716785
10402,0.006322899997030618
10403,0.006257700002606725
10404,0.008573499999329215
10405,0.00852120000126888
10406,0.008317799998621922
10407,0.00877309999850695
10408,0.008740299999772105
10409,0.009111300001677591
10410,0.009015700001327787
10411,0.008777799997915281
10412,0.008229700000811135
10413,0.008789200001046993
10414,0.006516999997984385
10415,0.0081995000000461
10416,0.008293300001241732
10417,0.00872969999909401
10418,0.00869799999782117
10419,0.007771900000079768
10420,0.007920000000012806
10421,0.009059300002263626
10422,0.009530600000289269
10423,0.009096699999645352
10424,0.008176100000127917
10425,0.007321600001887418
10426,0.00779559999864432
10427,0.007371199997578515
10428,0.00798170000052778
10429,0.007341499996982748
10430,0.008180700002412777
10431,0.008619099997304147
10432,0.00849720000041998
10433,0.007867899999837391
10434,0.008855199997924501
10435,0.00750990000233287
10436,0.007738599997537676
10437,0.008140799996908754
10438,0.008462000001600245
10439,0.008135299998684786
10440,0.008509999999660067
10441,0.008122800001729047
10442,0.00986390000252868
10443,0.008900799999537412
10444,0.007374000000709202
10445,0.0077908999992359895
10446,0.005987599997752113
10447,0.005993599999783328
10448,0.0077807999987271614
10449,0.007760100001178216
10450,0.0081826000023284
10451,0.007780200001434423
10452,0.008821100000204751
10453,0.008578000000852626
10454,0.008740999997826293
10455,0.008698799996636808
10456,0.006319000000075903
10457,0.00625180000133696
10458,0.008222199998272117
10459,0.009073500001250068
10460,0.00920140000016545
10461,0.008906600000045728
10462,0.007896099999925354
10463,0.00832549999904586
10464,0.00790440000128001
10465,0.008030799999687588
10466,0.008655300000100397
10467,0.00886019999961718
10468,0.008601699999417178
10469,0.008980700000392972
10470,0.008599799999501556
10471,0.010201499997492647
10472,0.007507300000725081
10473,0.007629600000655046
10474,0.0073671999998623505
10475,0.008714100000361213
10476,0.00810520000231918
10477,0.006287200001679594
10478,0.006036099999619182
10479,0.0077358000016829465
10480,0.008232199998019496
10481,0.008348900002602022
10482,0.007719100001850165
10483,0.00818280000021332
10484,0.007744999998976709
10485,0.008191299999452895
10486,0.007416799999191426
10487,0.007372399999439949
10488,0.005951099999947473
10489,0.006282999998802552
10490,0.006291100002272287
10491,0.0062437000015052035
10492,0.008228999999118969
10493,0.008613099998910911
10494,0.008530100003554253
10495,0.007751199998892844
10496,0.008759600001212675
10497,0.008723999999347143
10498,0.006356900001264876
10499,0.006210100000316743
10500,0.0076253000006545335
10501,0.0076775000015913974
10502,0.00836659999913536
10503,0.008185899998352397
10504,0.007369400002062321
10505,0.006225900000572437
10506,0.008477699997456511
10507,0.009103000000322936
10508,0.00944569999774103
10509,0.009199399999488378
10510,0.009079899999051122
10511,0.008653099997900426
10512,0.0086085999973875
10513,0.00880709999910323
10514,0.0086808000014571
10515,0.00871720000213827
10516,0.008121300001221243
10517,0.008189299998775823
10518,0.007844499999919208
10519,0.007918400002381532
10520,0.007353499997407198
10521,0.00786780000271392
10522,0.007348600000113947
10523,0.008452300000499235
10524,0.008147599997755606
10525,0.008029900000110501
10526,0.008592300000600517
10527,0.008798300001217285
10528,0.008610400000179652
10529,0.008611400000518188
10530,0.008586399999330752
10531,0.00920369999948889
10532,0.008171499997843057
10533,0.007912200002465397
10534,0.008530499999324093
10535,0.008655800000269664
10536,0.008239200000389246
10537,0.008139400000800379
10538,0.008044499998504762
10539,0.007379900001978967
10540,0.007486400001653237
10541,0.006000699999276549
10542,0.006023899997671833
10543,0.008269300000392832
10544,0.0073411999983363785
10545,0.008122700000967598
10546,0.008046599999943282
10547,0.008068099999945844
10548,0.008332400000654161
10549,0.008638100000098348
10550,0.008714100000361213
10551,0.00788240000110818
10552,0.008506599999236641
10553,0.008576600001106272
10554,0.007842700000765035
10555,0.005945699998846976
10556,0.005990099998598453
10557,0.008783199999015778
10558,0.009176600000500912
10559,0.008259499998530373
10560,0.007987799999682466
10561,0.00625459999719169
10562,0.0062303999984578695
10563,0.008374400000320747
10564,0.008273600000393344
10565,0.009199799998896196
10566,0.009174099999654572
10567,0.008616399998572888
10568,0.010128699999768287
10569,0.008704500000021653
10570,0.007946600002469495
10571,0.0073349000012967736
10572,0.008273600000393344
10573,0.008171800000127405
10574,0.008025099999940721
10575,0.007856599997467129
10576,0.007890299999417039
10577,0.007871099998737918
10578,0.008618899999419227
10579,0.008142099999531638
10580,0.008822299998428207
10581,0.008677300000272226
10582,0.008682299998326926
10583,0.00627649999660207
10584,0.007637099999556085
10585,0.007339399999182206
10586,0.006708700002491241
10587,0.006183199999213684
10588,0.007698400000663241
10589,0.0089737000016612
10590,0.010116000001289649
10591,0.009238300001015887
10592,0.008154499999363907
10593,0.006267400000069756
10594,0.0083688999984588
10595,0.006291399997280678
10596,0.009028899999975692
10597,0.00970690000031027
10598,0.007688699999562232
10599,0.008050399999774527
10600,0.007722299997112714
10601,0.008137099997838959
10602,0.008992499999294523
10603,0.008481199998641387
10604,0.007655800000065938
10605,0.00741320000088308
10606,0.0059449999971548095
10607,0.00591079999867361
10608,0.008038100000703707
10609,0.008162400001310743
10610,0.00931750000017928
10611,0.00916480000159936
10612,0.00862549999874318
10613,0.00894490000064252
10614,0.00864489999730722
10615,0.007831300001271302
10616,0.005954699998255819
10617,0.0062343999998120125
10618,0.009212000000843545
10619,0.0085263999972085
10620,0.006231700001080753
10621,0.006174699999974109
10622,0.009240800001862226
10623,0.009093099997699028
10624,0.00916990000041551
10625,0.008602900001278613
10626,0.00735299999723793
10627,0.007430099998600781
10628,0.005943499996647006
10629,0.005905499998334562
10630,0.007739699998637661
10631,0.007710099998803344
10632,0.009773300000233576
10633,0.0092423999994935
10634,0.007877500000176951
10635,0.008628200001112418
10636,0.008938999999372754
10637,0.008664400000270689
10638,0.007820599999831757
10639,0.008362499997019768
10640,0.007359400002314942
10641,0.00803299999824958
10642,0.007369499999185791
10643,0.00742559999707737
10644,0.0059258999972371385
10645,0.005878099997062236
10646,0.007785799996781861
10647,0.007838999998057261
10648,0.008969499998784158
10649,0.008746900002734037
10650,0.009245199998986209
10651,0.00863989999925252
10652,0.008173599999281578
10653,0.008499299998220522
10654,0.008205900001485134
10655,0.008423800001764903
10656,0.009034599999722559
10657,0.00931499999933294
10658,0.009188799998810282
10659,0.008963000000221655
10660,0.008653599998069694
10661,0.008623100002296269
10662,0.00848500000211061
10663,0.00787770000169985
10664,0.008123100000375416
10665,0.007388199999695644
10666,0.007836100001441082
10667,0.0073594999994384125
10668,0.008103500000288477
10669,0.0073611000007076655
10670,0.007758199997624615
10671,0.007339399999182206
10672,0.007653299999219598
10673,0.006100700000388315
10674,0.0062242999993031844
10675,0.007601199999044184
10676,0.00769399999990128
10677,0.00832060000175261
10678,0.007740900000499096
10679,0.008343200002855156
10680,0.007978199999342905
10681,0.008398699999816017
10682,0.008568299999751616
10683,0.008224699999118457
10684,0.007542600000306265
10685,0.007602800000313437
10686,0.007328700001380639
10687,0.009037699997861637
10688,0.008699199999682605
10689,0.00896659999853
10690,0.008753499998420011
10691,0.008157899999787332
10692,0.0078124000028765295
10693,0.008771400000114227
10694,0.008736499999940861
10695,0.008870500001648907
10696,0.009419900001375936
10697,0.009136600001511397
10698,0.009154100000159815
10699,0.00847099999737111
10700,0.009090699997614138
10701,0.008626200000435347
10702,0.007375900000624824
10703,0.007692099999985658
10704,0.006057799997506663
10705,0.005901699998503318
10706,0.007884700000431621
10707,0.007827400000678608
10708,0.01023939999868162
10709,0.008992800001578871
10710,0.009128200003033271
10711,0.008362900000065565
10712,0.00819480000063777
10713,0.008159900000464404
10714,0.007826699998986442
10715,0.008356199999980163
10716,0.007866999996622326
10717,0.008127400000375928
10718,0.007335099999181693
10719,0.007864699997298885
10720,0.006180000000313157
10721,0.006327799997961847
10722,0.007734300001175143
10723,0.00794300000052317
10724,0.00776409999889438
10725,0.008036399998673005
10726,0.007804999997460982
10727,0.008056400001805741
10728,0.007787599999574013
10729,0.007079599999997299
10730,0.008031499997741776
10731,0.008098599999357248
10732,0.007437799999024719
10733,0.007363200002146186
10734,0.006690400001389207
10735,0.005901399999856949
10736,0.007292099999176571
10737,0.007830000002286397
10738,0.008309000000735978
10739,0.007862900001782691
10740,0.008490100000926759
10741,0.007851800000935327
10742,0.008483900001010625
10743,0.008215300000301795
10744,0.00864480000018375
10745,0.008188499999960186
10746,0.008351100001164014
10747,0.007550400001491653
10748,0.007704100000410108
10749,0.007338899999012938
10750,0.008552100000088103
10751,0.008597500000178115
10752,0.008660499999677995
10753,0.00785869999890565
10754,0.007692499999393476
10755,0.007346899998083245
10756,0.00948959999732324
10757,0.007790199997543823
10758,0.007985800002643373
10759,0.008274399999208981
10760,0.0077611999986402225
10761,0.008018900000024587
10762,0.007802000000083353
10763,0.007913800000096671
10764,0.007816699999239063
10765,0.0075156000020797364
10766,0.007402100000035716
10767,0.007165099999838276
10768,0.009623600002669264
10769,0.008482199998979922
10770,0.007419900000968482
10771,0.007771300002787029
10772,0.00822150000021793
10773,0.007956100002047606
10774,0.007750300002953736
10775,0.008043700003327103
10776,0.008553100000426639
10777,0.008786800000962103
10778,0.008806500001810491
10779,0.008070200001384364
10780,0.006068999999115476
10781,0.006371100000251317
10782,0.0079137000029732
10783,0.00855779999983497
10784,0.008647999999084277
10785,0.008013599999685539
10786,0.006175700000312645
10787,0.0062046999992162455
10788,0.008272699997178279
10789,0.0077602000019396655
10790,0.006802100000641076
10791,0.00626419999753125
10792,0.0075837000003957655
10793,0.007702499999140855
10794,0.00821640000140178
10795,0.007671100000152364
10796,0.007483900000806898
10797,0.006226499997865176
10798,0.006787999998778105
10799,0.009180400000332156
10800,0.009487200000876328
10801,0.009079100000235485
10802,0.009402400002727518
10803,0.00681560000157333
10804,0.008116599998174934
10805,0.008567000000766711
10806,0.00768410000091535
10807,0.006018699998094235
10808,0.007227900001453236
10809,0.008596899999247398
10810,0.008192000001145061
10811,0.007343099998252001
10812,0.007980700000189245
10813,0.007752600002277177
10814,0.007654799999727402
10815,0.009136599997873418
10816,0.008831499999359949
10817,0.008521199997630902
10818,0.008812299998680828
10819,0.008643799999845214
10820,0.008914499998354586
10821,0.008635800000774907
10822,0.008744100003241329
10823,0.00860619999730261
10824,0.007404199997836258
10825,0.007398400000965921
10826,0.005953600000793813
10827,0.005901799999264767
10828,0.009116900000663009
10829,0.006377499998052372
10830,0.009166100000584265
10831,0.00935849999950733
10832,0.009121099999902071
10833,0.009116199998970842
10834,0.008960200000728946
10835,0.00865690000136965
10836,0.008197600000130478
10837,0.008795600002486026
10838,0.008600100001785904
10839,0.007947000001877313
10840,0.007372600000962848
10841,0.007893899997725384
10842,0.007835899999918183
10843,0.008154099999956088
10844,0.00782949999847915
10845,0.00683999999819207
10846,0.005905499998334562
10847,0.007222600001114188
10848,0.0073671999998623505
10849,0.007652399999642512
10850,0.0059212000014667865
10851,0.0058779999999387655
10852,0.008039400003326591
10853,0.008251100000052247
10854,0.009105400000407826
10855,0.009051699998963159
10856,0.008641899999929592
10857,0.008656400001200382
10858,0.008599799999501556
10859,0.008968499998445623
10860,0.008572700000513578
10861,0.0073207999994338024
10862,0.005933399999776157
10863,0.006352700002025813
10864,0.008331799999723444
10865,0.008599000000685919
10866,0.008206399998016423
10867,0.00852649999796995
10868,0.007982999999512685
10869,0.007908299998234725
10870,0.00596860000223387
10871,0.00590340000053402
10872,0.00792870000077528
10873,0.007704299998295028
10874,0.008357499998965068
10875,0.007722100002865773
10876,0.008232200001657475
10877,0.0076955000004090834
10878,0.007004099999903701
10879,0.006268400000408292
10880,0.008118199999444187
10881,0.008997300003102282
10882,0.008612400000856724
10883,0.008597199997893767
10884,0.009370299998408882
10885,0.008176200000889366
10886,0.0074451000000408385
10887,0.008373000000574393
10888,0.00907280000319588
10889,0.00908049999998184
10890,0.008687300000019604
10891,0.009055700000317302
10892,0.007820599999831757
10893,0.008971700000984129
10894,0.008587600001192186
10895,0.009602300000551622
10896,0.008873200000380166
10897,0.008288299999549054
10898,0.006922500000655418
10899,0.008611900000687456
10900,0.00873229999706382
10901,0.008934699999372242
10902,0.008610400000179652
10903,0.0076926000001549255
10904,0.007603899997775443
10905,0.006275399999140063
10906,0.00674540000181878
10907,0.008657200000016019
10908,0.008969599999545608
10909,0.008969700000307057
10910,0.00811260000045877
10911,0.006286599997110898
10912,0.007124399999156594
10913,0.0085795999984839
10914,0.008831799998006318
10915,0.008582700000260957
10916,0.008914600002754014
10917,0.008494000001519453
10918,0.008677300000272226
10919,0.008545199998479802
10920,0.008710500002052868
10921,0.00840289999905508
10922,0.008778600000368897
10923,0.009199100000842009
10924,0.008764800000790274
10925,0.008661100000608712
10926,0.008145100000547245
10927,0.008808300000964664
10928,0.007345999998506159
10929,0.007366000001638895
10930,0.005949900001724018
10931,0.006407900000340305
10932,0.007447200001479359
10933,0.007475800000975141
10934,0.006101300001319032
10935,0.005948300000454765
10936,0.00797210000018822
10937,0.008573200000682846
10938,0.009136200002103578
10939,0.009065099999133963
10940,0.008552399998734472
10941,0.006979300000239164
10942,0.006503900000097929
10943,0.005912799999350682
10944,0.007376000001386274
10945,0.0076420000004873145
10946,0.008101600000372855
10947,0.009200299999065464
10948,0.009084100001928164
10949,0.007798999999067746
10950,0.008302700000058394
10951,0.007878600001276936
10952,0.009148400000412948
10953,0.00873689999934868
10954,0.008649399998830631
10955,0.00864949999959208
10956,0.007376000001386274
10957,0.007886700001108693
10958,0.007874999999330612
10959,0.008092000000033295
10960,0.007371100000455044
10961,0.007631499996932689
10962,0.008665100001962855
10963,0.008849100002407795
10964,0.008558699999412056
10965,0.008733700000448152
10966,0.008594499999162508
10967,0.008766899998590816
10968,0.008580899997468805
10969,0.007308399999601534
10970,0.0059363000000303145
10971,0.006487999999080785
10972,0.005947300000116229
10973,0.005907200000365265
10974,0.006714900002407376
10975,0.006245599997782847
10976,0.007723400001850678
10977,0.009077099999558413
10978,0.009441400001378497
10979,0.00879210000130115
10980,0.008744700000534067
10981,0.009291200000006938
10982,0.00901470000098925
10983,0.008737299998756498
10984,0.007341599997744197
10985,0.00756320000073174
10986,0.005939400001807371
10987,0.005882800000108546
10988,0.008544899999833433
10989,0.009087900001759408
10990,0.007025399998383364
10991,0.00626159999956144
10992,0.007971600000018952
10993,0.008597199997893767
10994,0.007418099998176331
10995,0.006219700000656303
10996,0.00750020000123186
10997,0.008604300001024967
10998,0.008443099999567494
10999,0.007709200002864236
11000,0.007597899999382207
11001,0.006316299997706665
11002,0.007379200000286801
11003,0.009001599999464815
11004,0.008909100000892067
11005,0.00892030000250088
11006,0.009782499997527339
11007,0.0078092000003380235
11008,0.009175499999400927
11009,0.007751299999654293
11010,0.008708499997737817
11011,0.008699599999090424
11012,0.007435600000462728
11013,0.00799869999900693
11014,0.008638799998152535
11015,0.008987299999716925
11016,0.008597100000770297
11017,0.008657400001538917
11018,0.007851599999412429
11019,0.008574399998906301
11020,0.008579900000768248
11021,0.00890350000190665
11022,0.008543500000087079
11023,0.009124500000325497
11024,0.00891570000021602
11025,0.007405000000289874
11026,0.00783630000296398
11027,0.008641899999929592
11028,0.008788899998762645
11029,0.008584800001699477
11030,0.008022199999686563
11031,0.005927900001552189
11032,0.005917799997405382
11033,0.009037499999976717
11034,0.008696800003235694
11035,0.007868200002121739
11036,0.007970799997565337
11037,0.007366199999523815
11038,0.007457399999111658
11039,0.006058400002075359
11040,0.0059155999988433905
11041,0.007775300000503194
11042,0.008558199999242788
11043,0.008692899999005022
11044,0.007938800001284108
11045,0.008578699998906814
11046,0.00874630000180332
11047,0.008311599998705788
11048,0.00788720000127796
11049,0.0062107999983709306
11050,0.005933100001129787
11051,0.0077256999975361396
11052,0.008532100000593346
11053,0.008491299999150215
11054,0.00783170000067912
11055,0.007251800001540687
11056,0.005931799998506904
11057,0.007038600000669248
11058,0.008985699998447672
11059,0.009208999999827938
11060,0.00898840000081691
11061,0.007718400000157999
11062,0.006236299999727635
11063,0.006757300001481781
11064,0.0062629999993077945
11065,0.006197599999723025
11066,0.009172599999146769
11067,0.009163800001260825
11068,0.009090499999729218
11069,0.008843799998430768
11070,0.007806100002198946
11071,0.00979390000065905
11072,0.00904169999921578
11073,0.008819999999104766
11074,0.008403700001508696
11075,0.007545700002083322
11076,0.007497000002331333
11077,0.007925699999759672
11078,0.007305899998755194
11079,0.006641799998760689
11080,0.0061080000014044344
11081,0.00777360000211047
11082,0.008564100000512553
11083,0.009106899997277651
11084,0.009037900003022514
11085,0.0093758999973943
11086,0.00883579999936046
11087,0.008121999999275431
11088,0.006865799998195143
11089,0.008200199998100288
11090,0.008181099998182617
11091,0.007359599996561883
11092,0.007426999996823724
11093,0.006233000000065658
11094,0.005916299996897578
11095,0.006841800000984222
11096,0.0063249999984691385
11097,0.007522200001403689
11098,0.009140900001511909
11099,0.008994799998617964
11100,0.008266900000307942
11101,0.0078365000008489
11102,0.006261999998969259
11103,0.007280699999682838
11104,0.009124799998971866
11105,0.009285600001021521
11106,0.008984500000224216
11107,0.008280300000478746
11108,0.006215400000655791
11109,0.0075070999992021825
11110,0.007679899998038309
11111,0.008587600001192186
11112,0.008176199997251388
11113,0.008911599998100428
11114,0.008510999999998603
11115,0.0076885999988007825
11116,0.007341900000028545
11117,0.007220499999675667
11118,0.005917799997405382
11119,0.006773600001906743
11120,0.007729900000413181
11121,0.008024700000532903
11122,0.007726200001343386
11123,0.008026200001040706
11124,0.008293499999126652
11125,0.009017100001074141
11126,0.008981999999377877
11127,0.00844149999829824
11128,0.008216100002755411
11129,0.007412099999783095
11130,0.00597130000096513
11131,0.006681300001218915
11132,0.00629549999939627
11133,0.006170900000142865
11134,0.006831599999713944
11135,0.006178399999043904
11136,0.007523899999796413
11137,0.00802040000053239
11138,0.008935499998187879
11139,0.007791500000166707
11140,0.008572800001275027
11141,0.008564299998397473
11142,0.00893999999971129
11143,0.009090600000490667
11144,0.008263700001407415
11145,0.007776699996611569
11146,0.009400599999935366
11147,0.009139400001004105
11148,0.008139600002323277
11149,0.008326900002430193
11150,0.008115900000120746
11151,0.008116400000290014
11152,0.007356199999776436
11153,0.007699000001593959
11154,0.007370200000877958
11155,0.007537000001320848
11156,0.005934999997407431
11157,0.005904599998757476
11158,0.0070560999993176665
11159,0.0068472999992081895
11160,0.007262500002980232
11161,0.008586900003137998
11162,0.00842929999998887
11163,0.0076848999997309875
11164,0.009078900002350565
11165,0.008259800000814721
11166,0.007452500001818407
11167,0.006261300000915071
11168,0.0070190000005823094
11169,0.0063009000004967675
11170,0.006260699999984354
11171,0.00912850000167964
11172,0.009209199997712858
11173,0.007754899997962639
11174,0.00781759999881615
11175,0.007757799998216797
11176,0.008142000002408167
11177,0.007816500001354143
11178,0.008130400001391536
11179,0.008943599998019636
11180,0.008351300002686912
11181,0.007870100002037361
11182,0.008361199998034863
11183,0.00854339999932563
11184,0.008755399998335633
11185,0.007872300000599353
11186,0.0090901000003214
11187,0.008337700000993209
11188,0.007841399998142151
11189,0.006924799999978859
11190,0.00836170000184211
11191,0.008357500002603047
11192,0.00777600000219536
11193,0.007708299999649171
11194,0.008212900000216905
11195,0.00767949999863049
11196,0.00814410000020871
11197,0.007719600002019433
11198,0.007312800000363495
11199,0.006263899998884881
11200,0.00779559999864432
11201,0.006712099999276688
11202,0.007000999998126645
11203,0.006340600000839913
11204,0.006253799998376053
11205,0.008075599998846883
11206,0.007565500000055181
11207,0.007929100000183098
11208,0.007737999996606959
11209,0.008840299997245893
11210,0.008603499998571351
11211,0.006569499997567618
11212,0.006263499999477062
11213,0.007491800002753735
11214,0.007779899999150075
11215,0.007568900000478607
11216,0.006230500002857298
11217,0.006831399998191046
11218,0.009021799996844493
11219,0.007714099996519508
11220,0.00858189999780734
11221,0.008258500001829816
11222,0.0062932999971963
11223,0.006419400000595488
11224,0.007932399999845074
11225,0.00776169999880949
11226,0.009133200001087971
11227,0.00910939999812399
11228,0.007784099998389138
11229,0.007751199998892844
11230,0.006309699998382712
11231,0.006248300000152085
11232,0.009064400001079775
11233,0.009078800001589116
11234,0.007762599998386577
11235,0.008029000000533415
11236,0.00825260000056005
11237,0.00895450000098208
11238,0.006226299999980256
11239,0.006159500000649132
11240,0.0095372000032512
11241,0.008846800003084354
11242,0.006231899998965673
11243,0.006349499999487307
11244,0.00931999999738764
11245,0.008873299997503636
11246,0.006262300001253607
11247,0.006173499998112675
11248,0.009600399996998021
11249,0.009447000000363914
11250,0.007798600003297906
11251,0.008362300002772827
11252,0.008609199998318218
11253,0.008579600002121879
11254,0.008625800001027528
11255,0.008556100001442246
11256,0.008572500002628658
11257,0.008762499997828854
11258,0.008649599996715551
11259,0.009001599999464815
11260,0.008745300001464784
11261,0.008590199999161996
11262,0.008689900001627393
11263,0.008580699999583885
11264,0.008618800002295757
11265,0.009129300000495277
11266,0.009398800000781193
11267,0.009494600002653897
11268,0.007922299999336246
11269,0.008085599998594262
11270,0.006368499998643529
11271,0.006279299999732757
11272,0.007577699998364551
11273,0.00772549999965122
11274,0.00880690000121831
11275,0.008654799999931129
11276,0.007036200000584358
11277,0.006204700002854224
11278,0.007892699999501929
11279,0.009077099999558413
11280,0.009306699997978285
11281,0.009118199999647914
11282,0.00915549999990617
11283,0.009081999996851664
11284,0.007139699999243021
11285,0.006870500001241453
11286,0.009055399998032954
11287,0.008365500001673354
11288,0.0062266999993880745
11289,0.006190200001583435
11290,0.008076699999946868
11291,0.007659599999897182
11292,0.008898000000044703
11293,0.008844700001645833
11294,0.008538800000678748
11295,0.007816800000000512
11296,0.008552100000088103
11297,0.008149400000547757
11298,0.006226500001503155
11299,0.006234300002688542
11300,0.007851700000173878
11301,0.0071596999987377785
11302,0.00791650000246591
11303,0.007649200000741985
11304,0.008009900000615744
11305,0.007641199998033699
11306,0.010005399999499787
11307,0.008673000000271713
11308,0.008612800000264542
11309,0.009067999999388121
11310,0.00867629999993369
11311,0.007670400002098177
11312,0.005942499999946449
11313,0.005989999997837003
11314,0.008111300001473865
11315,0.007788999999320367
11316,0.006514300002891105
11317,0.0062230000003182795
11318,0.006918399998539826
11319,0.0062316999974427745
11320,0.0067975000019941945
11321,0.008991200000309618
11322,0.008579900000768248
11323,0.00902959999802988
11324,0.0078002000009291805
11325,0.006274600000324426
11326,0.007090299997798866
11327,0.008264100000815233
11328,0.009444999999686843
11329,0.009252699997887248
11330,0.009426600001461338
11331,0.009325699997134507
11332,0.00915299999905983
11333,0.008525399996869965
11334,0.007349199997406686
11335,0.007640000003448222
11336,0.005975400003080722
11337,0.005930399998760549
11338,0.008225699999456992
11339,0.009044500002346467
11340,0.009207300001435215
11341,0.009532500000204891
11342,0.0062690999984624796
11343,0.006190599997353274
11344,0.008363099997950485
11345,0.00853359999746317
11346,0.009195200000249315
11347,0.00870059999942896
11348,0.007352199998422293
11349,0.0075156000020797364
11350,0.008628399998997338
11351,0.00884569999834639
11352,0.008566799999243813
11353,0.008802399999694899
11354,0.008529499998985557
11355,0.008690900001965929
11356,0.007380399998510256
11357,0.008084900000540074
11358,0.007340000000112923
11359,0.0072232999991683755
11360,0.005933800002821954
11361,0.005929999999352731
11362,0.007777300001180265
11363,0.007317800002056174
11364,0.007789200000843266
11365,0.007337799997912953
11366,0.009293600000091828
11367,0.00950139999986277
11368,0.008641200001875404
11369,0.009013400002004346
11370,0.007327999999688473
11371,0.0066026999993482605
11372,0.008607599997048965
11373,0.00905849999981001
11374,0.008620499997050501
11375,0.0070344000014301855
11376,0.006079499999032123
11377,0.006174899997859029
11378,0.008502399999997579
11379,0.008305899998958921
11380,0.0063836000008450355
11381,0.006214599998202175
11382,0.006860200002847705
11383,0.006272700000408804
11384,0.0069545999976980966
11385,0.009106400000746362
11386,0.009597200001735473
11387,0.00903900000048452
11388,0.009231800002453383
11389,0.009431999998923857
11390,0.009181499997794162
11391,0.009037699997861637
11392,0.008421099999395665
11393,0.008816700003080769
11394,0.007815900000423426
11395,0.009028200001921505
11396,0.009179900000162888
11397,0.00871989999723155
11398,0.007990100002643885
11399,0.006442299996706424
11400,0.006238199999643257
11401,0.00825999999869964
11402,0.009205399997881614
11403,0.00760190000073635
11404,0.006293200000072829
11405,0.007897300001786789
11406,0.008208200000808574
11407,0.007372700001724297
11408,0.0062756999977864325
11409,0.007239900001877686
11410,0.00823830000081216
11411,0.008555599997635
11412,0.00819480000063777
11413,0.008750000000873115
11414,0.009036100000230363
11415,0.008416299999225885
11416,0.008225999998103362
11417,0.008617800001957221
11418,0.008250899998529349
11419,0.007878100001107669
11420,0.007696900000155438
11421,0.008057800001552096
11422,0.007706099997449201
11423,0.007958999998663785
11424,0.007299199998669792
11425,0.009737100001075305
11426,0.007670000002690358
11427,0.007556500000646338
11428,0.007495300000300631
11429,0.008907499999622814
11430,0.009577099997841287
11431,0.009940400002960814
11432,0.009332899997389177
11433,0.009073500001250068
11434,0.009421099999599392
11435,0.008334999998623971
11436,0.006272400001762435
11437,0.006172899997181958
11438,0.006882100002258085
11439,0.006234000000404194
11440,0.0070911000002524815
11441,0.007774799996695947
11442,0.007862099999329075
11443,0.006320899999991525
11444,0.006221100000402657
11445,0.00943619999816292
11446,0.0093827999990026
11447,0.008287700002256315
11448,0.008703600000444567
11449,0.00819720000072266
11450,0.007890699998824857
11451,0.006195800000568852
11452,0.007057499999064021
11453,0.009526699999696575
11454,0.009160999998130137
11455,0.00842229999761912
11456,0.0077509000002464745
11457,0.00774950000050012
11458,0.00861829999848851
11459,0.00793849999899976
11460,0.007859700002882164
11461,0.007758900002954761
11462,0.009177399999316549
11463,0.007785899997543311
11464,0.006848099998023827
11465,0.005963399999018293
11466,0.00688800000352785
11467,0.0077676000000792556
11468,0.008489599997119512
11469,0.007740199998806929
11470,0.008161999998264946
11471,0.0076950000002398156
11472,0.008065800000622403
11473,0.008449200002360158
11474,0.008300299999973504
11475,0.007332799999858253
11476,0.006732199999532895
11477,0.007351899999775924
11478,0.007528199999796925
11479,0.006118400000559632
11480,0.006223899999895366
11481,0.008116000000882195
11482,0.008565500000258908
11483,0.008150600002409192
11484,0.007729299999482464
11485,0.009629999996832339
11486,0.00824819999979809
11487,0.008633900000859285
11488,0.008546500001102686
11489,0.007815599998139078
11490,0.007903300000180025
11491,0.0063473000009253155
11492,0.006287600001087412
11493,0.008133600000292063
11494,0.007769499999994878
11495,0.00843209999948158
11496,0.008290300000226125
11497,0.00922569999966072
11498,0.009047300001839176
11499,0.0076891999997315
11500,0.008135899999615503
11501,0.008994799998617964
11502,0.008916599999793107
11503,0.008229300001403317
11504,0.00904179999997723
11505,0.00903660000039963
11506,0.009226199999829987
11507,0.008595899998908862
11508,0.00897160000022268
11509,0.00723909999942407
11510,0.008143600000039442
11511,0.008442400001513306
11512,0.008675699999002973
11513,0.009033300000737654
11514,0.008656699999846751
11515,0.009071399999811547
11516,0.006039500000042608
11517,0.0071902000017871615
11518,0.00816589999885764
11519,0.008162699999957113
11520,0.007362099997408222
11521,0.008035700000618817
11522,0.008633100002043648
11523,0.009393399999680696
11524,0.008786299997154856
11525,0.010044900001958013
11526,0.009924900001351489
11527,0.009652999997342704
11528,0.008859899997332832
11529,0.008121999999275431
11530,0.008139599998685298
11531,0.007772600001771934
11532,0.008214400000724709
11533,0.007752800000162097
11534,0.008608099997218233
11535,0.007101899998815497
11536,0.00808560000223224
11537,0.008524999997462146
11538,0.008719000001292443
11539,0.008573800001613563
11540,0.006521499999507796
11541,0.006249899997783359
11542,0.008074299999861978
11543,0.009594700000889134
11544,0.009219499999744585
11545,0.006971700000576675
11546,0.009229399998730514
11547,0.008960600000136765
11548,0.008174400001735194
11549,0.008051699998759432
11550,0.005958899997494882
11551,0.005902100001549115
11552,0.008804299999610521
11553,0.009212299999489915
11554,0.009006899999803863
11555,0.009238999999070074
11556,0.00815130000046338
11557,0.008316899999044836
11558,0.00813459999699262
11559,0.008026999999856343
11560,0.008098500002233777
11561,0.00876070000231266
11562,0.008629399999335874
11563,0.007078300001012394
11564,0.0059452999994391575
11565,0.0066800999993574806
11566,0.007866599997214507
11567,0.008154700000886805
11568,0.007900799999333685
11569,0.007740200002444908
11570,0.00618439999743714
11571,0.006158399999549147
11572,0.007748799998807954
11573,0.007645499998034211
11574,0.00835670000014943
11575,0.008273999999801163
11576,0.008208200000808574
11577,0.007710099998803344
11578,0.00912140000218642
11579,0.007960499999171589
11580,0.009076199999981327
11581,0.008564100000512553
11582,0.007441900001140311
11583,0.007656200003111735
11584,0.005984700001135934
11585,0.005921399999351706
11586,0.007902400000602938
11587,0.008493799999996554
11588,0.009084199999051634
11589,0.00853599999754806
11590,0.009027799998875707
11591,0.00874889999977313
11592,0.007373699998424854
11593,0.007780600000842242
11594,0.008203400000638794
11595,0.00855539999975008
11596,0.007342500000959262
11597,0.007526400000642752
11598,0.006257599998207297
11599,0.006092700001318008
11600,0.007924600002297666
11601,0.008526899997377768
11602,0.009395200002472848
11603,0.00920639999822015
11604,0.00907309999820427
11605,0.00889120000283583
11606,0.007330799999181181
11607,0.007840499998565065
11608,0.007901400000264402
11609,0.008507999998982996
11610,0.007857600001443643
11611,0.008310100001835963
11612,0.007339700001466554
11613,0.007693499999732012
11614,0.007871800000430085
11615,0.00781260000076145
11616,0.005948800000624033
11617,0.006139400000392925
11618,0.008888500000466593
11619,0.009316000003309455
11620,0.008318500000314089
11621,0.008340799999132287
11622,0.006203900000400608
11623,0.00620570000319276
11624,0.00859399999899324
11625,0.008778300001722528
11626,0.00806899999952293
11627,0.007495800000469899
11628,0.008899500000552507
11629,0.008646799997222843
11630,0.008048899999266723
11631,0.008271599999716273
11632,0.008122499999444699
11633,0.00777879999805009
11634,0.0059535000000323635
11635,0.006095199998526368
11636,0.007744099999399623
11637,0.0076705999999830965
11638,0.00868099999934202
11639,0.008529099999577738
11640,0.008012400001462083
11641,0.007528400001319824
11642,0.010044400001788745
11643,0.009152599999652011
11644,0.007768900002702139
11645,0.008343299999978626
11646,0.008281000002170913
11647,0.008256500001152745
11648,0.008952399999543559
11649,0.0079358000002685
11650,0.005943700001807883
11651,0.006350199997541495
11652,0.007908200001111254
11653,0.00829410000005737
11654,0.006272599999647355
11655,0.006180599997605896
11656,0.008048800002143253
11657,0.008617300001787953
11658,0.008684099997481098
11659,0.008720400001038797
11660,0.007779999999911524
11661,0.007987900000443915
11662,0.009476899998844601
11663,0.008805500001471955
11664,0.008609199998318218
11665,0.008849800000461983
11666,0.008525400000507943
11667,0.008438899996690452
11668,0.007330500000534812
11669,0.008251999999629334
11670,0.008466700001008576
11671,0.00743730000249343
11672,0.007322699999349425
11673,0.009169400000246242
11674,0.00904639999862411
11675,0.006636300000536721
11676,0.006196899998030858
11677,0.006824600000982173
11678,0.006202000000484986
11679,0.006622900000365917
11680,0.008237399997597095
11681,0.008630500000435859
11682,0.00898849999794038
11683,0.00887950000105775
11684,0.007678900001337752
11685,0.008436000000074273
11686,0.008981700000731507
11687,0.008312699999805773
11688,0.0076852000020153355
11689,0.008255000000644941
11690,0.007699099998717429
11691,0.008087800000794232
11692,0.007677699999476317
11693,0.007560699999885401
11694,0.007326599999942118
11695,0.00743010000223876
11696,0.005969800000457326
11697,0.006653000000369502
11698,0.007772400000249036
11699,0.007968399997480446
11700,0.00783679999949527
11701,0.007909799998742528
11702,0.006807499998103594
11703,0.006248599998798454
11704,0.008600999997725012
11705,0.00768410000091535
11706,0.008655500001623295
11707,0.007978699999512173
11708,0.009095000001252629
11709,0.008805800000118325
11710,0.006233800002519274
11711,0.0061997000011615455
11712,0.007802000000083353
11713,0.007688000001508044
11714,0.009054199999809498
11715,0.00906070000200998
11716,0.008418699999310775
11717,0.008478600000671577
11718,0.007721099998889258
11719,0.008048300001973985
11720,0.007684600001084618
11721,0.008416200002102414
11722,0.008936199999880046
11723,0.008176799998182105
11724,0.006315300001006108
11725,0.006710900001053233
11726,0.00832050000099116
11727,0.008713899998838315
11728,0.009072000000742264
11729,0.009303800001362106
11730,0.00801579999824753
11731,0.008594599999923958
11732,0.008603199999924982
11733,0.00717850000000908
11734,0.005935400000453228
11735,0.007276799999090144
11736,0.009042400000907946
11737,0.009275899999920512
11738,0.008483900001010625
11739,0.0079598000011174
11740,0.007833599996956764
11741,0.008391499999561347
11742,0.008164299997588387
11743,0.009142700000666082
11744,0.008069900002737995
11745,0.009296699998230906
11746,0.009209400002873736
11747,0.00761679999777698
11748,0.007822499999747379
11749,0.008689999998750864
11750,0.008665400000609225
11751,0.008136100001138402
11752,0.008466800001770025
11753,0.008571000002120854
11754,0.008221000000048662
11755,0.008547299999918323
11756,0.008413499999733176
11757,0.008143799997924361
11758,0.007655600002181018
11759,0.007600999997521285
11760,0.008673000000271713
11761,0.008975200002169004
11762,0.00960530000156723
11763,0.009160899997368688
11764,0.008571999998821411
11765,0.008593099999416154
11766,0.00931510000009439
11767,0.009287099997891346
11768,0.00942639999993844
11769,0.0086087999989104
11770,0.008324800000991672
11771,0.006252999999560416
11772,0.0061593999998876825
11773,0.008762999997998122
11774,0.008992499999294523
11775,0.009036199997353833
11776,0.008951499999966472
11777,0.008986500000901287
11778,0.00953289999961271
11779,0.0090950999983761
11780,0.00919900000008056
11781,0.009394400000019232
11782,0.008207399998354958
11783,0.007961499999510124
11784,0.008641099997475976
11785,0.00898589999997057
11786,0.008663200002047233
11787,0.00866400000086287
11788,0.008648399998492096
11789,0.007409300000290386
11790,0.005931000003329245
11791,0.007072500000504078
11792,0.006514900000183843
11793,0.006230599999980768
11794,0.0069691999997303355
11795,0.0061939999977767
11796,0.007602199999382719
11797,0.007661300001927884
11798,0.00818779999826802
11799,0.007686700002523139
11800,0.00821439999708673
11801,0.00767469999846071
11802,0.008323700003529666
11803,0.0081995000000461
11804,0.00879730000087875
11805,0.008894800001144176
11806,0.0068745999997190665
11807,0.0061801000010746066
11808,0.007450999997672625
11809,0.009025300001667347
11810,0.007674899999983609
11811,0.006221199997526128
11812,0.006951499999559019
11813,0.006272800001170253
11814,0.00617939999938244
11815,0.008355400001164526
11816,0.008199199997761752
11817,0.009387600002810359
11818,0.009236699999746634
11819,0.008284600000479259
11820,0.008943600001657614
11821,0.009075199999642791
11822,0.009426699998584809
11823,0.009000900001410628
11824,0.008674000000610249
11825,0.008268599998700665
11826,0.008002599999599624
11827,0.007912799999758136
11828,0.0094310000022233
11829,0.009047600000485545
11830,0.009154200000921264
11831,0.009210300002450822
11832,0.008491399999911664
11833,0.00692459999845596
11834,0.005891100001463201
11835,0.006825800002843607
11836,0.0062279999983729795
11837,0.00621349999710219
11838,0.009483599998930003
11839,0.009340000000520376
11840,0.007798899998306297
11841,0.007965400000102818
11842,0.006356400001095608
11843,0.006684399999357993
11844,0.009134399999311427
11845,0.009121899998717709
11846,0.008299400000396417
11847,0.008432999999058666
11848,0.00830580000183545
11849,0.008717600001546089
11850,0.009021699999721022
11851,0.008590399997046916
11852,0.007729600001766812
11853,0.009493399997154484
11854,0.009110499999223975
11855,0.008380200000829063
11856,0.008229400002164766
11857,0.00789479999730247
11858,0.008429600002273219
11859,0.008574999999837019
11860,0.008875400002580136
11861,0.008575500000006286
11862,0.008839400001306785
11863,0.008638800001790514
11864,0.008827300000120886
11865,0.00863539999772911
11866,0.00890869999784627
11867,0.00889169999936712
11868,0.00818029999936698
11869,0.00841720000244095
11870,0.008623899997473927
11871,0.007860300000174902
11872,0.005958199999440694
11873,0.006203299999469891
11874,0.008437600001343526
11875,0.008689700000104494
11876,0.008749500000703847
11877,0.008669799997733207
11878,0.007707000000664266
11879,0.008088599999609869
11880,0.007679000002099201
11881,0.008258800000476185
11882,0.009113299998716684
11883,0.00897149999946123
11884,0.008142900001985254
11885,0.00968990000183112
11886,0.008667599999171216
11887,0.008461499997792998
11888,0.008189399999537272
11889,0.008783500001300126
11890,0.008358800001587952
11891,0.007728500000666827
11892,0.008056799997575581
11893,0.006304200000158744
11894,0.006230500002857298
11895,0.009834199998294935
11896,0.008642199998575961
11897,0.009043699999892851
11898,0.00890369999979157
11899,0.007799900002282811
11900,0.007619899999554036
11901,0.00623279999854276
11902,0.006295099999988452
11903,0.009303700000600656
11904,0.009268400001019472
11905,0.008622800000011921
11906,0.008012300000700634
11907,0.006311500001174863
11908,0.00648179999916465
11909,0.007834999996703118
11910,0.007859299999836367
11911,0.007783299999573501
11912,0.008132700000714976
11913,0.009107999998377636
11914,0.008734600000025239
11915,0.008255099997768411
11916,0.008970499999122694
11917,0.008984699998109136
11918,0.009500500000285683
11919,0.008722700000362238
11920,0.009030400000483496
11921,0.008901799999875948
11922,0.008664900000439957
11923,0.00856969999949797
11924,0.008786800000962103
11925,0.00810780000028899
11926,0.00866410000162432
11927,0.008233000000473112
11928,0.0077354999993985984
11929,0.00899329999811016
11930,0.009013599999889266
11931,0.008101999999780674
11932,0.00766230000226642
11933,0.006864899998618057
11934,0.006248800000321353
11935,0.00760680000166758
11936,0.00769380000201636
11937,0.00836929999786662
11938,0.007767099999909988
11939,0.007593700000143144
11940,0.0062180000022635795
11941,0.006959300000744406
11942,0.009104600001592189
11943,0.008757699997659074
11944,0.009090499999729218
11945,0.008914900001400383
11946,0.008511500000167871
11947,0.008818400001473492
11948,0.008533000000170432
11949,0.007860300000174902
11950,0.008297000000311527
11951,0.00949649999893154
11952,0.00823110000055749
11953,0.00966080000216607
11954,0.008952500000305008
11955,0.008232600001065293
11956,0.008656100002554012
11957,0.008222699998441385
11958,0.008086699999694247
11959,0.007685600001423154
11960,0.008098900001641596
11961,0.007721499998297077
11962,0.009158699998806696
11963,0.008547800000087591
11964,0.008167100000719074
11965,0.008378900001844158
11966,0.007338499999605119
11967,0.007822600000508828
11968,0.007371899999270681
11969,0.007536299999628682
11970,0.0074251999976695515
11971,0.007285099996806821
11972,0.009143999999650987
11973,0.008292200000141747
11974,0.009008400000311667
11975,0.008213000000978354
11976,0.005960900001809932
11977,0.0058935999986715615
11978,0.006729799999448005
11979,0.0062026000014157034
11980,0.006792299998778617
11981,0.006297299998550443
11982,0.006298500000411877
11983,0.009127799999987474
11984,0.007306900002731709
11985,0.00627629999871715
11986,0.006228999998711515
11987,0.007738099997368408
11988,0.007705799998802831
11989,0.008883999998943182
11990,0.00820430000021588
11991,0.007839400001103058
11992,0.007699099998717429
11993,0.009785499998542946
11994,0.007835600001271814
11995,0.00922309999805293
11996,0.009439199999178527
11997,0.008941700001741992
11998,0.00844380000125966
11999,0.009084699999220902
12000,0.009500899999693502
12001,0.009204300000419607
12002,0.009071999997104285
12003,0.008640299998660339
12004,0.0062136999986250885
12005,0.006177999999636086
12006,0.007907899998826906
12007,0.007666100002097664
12008,0.008256400000391295
12009,0.007710099998803344
12010,0.008764399997744476
12011,0.00912160000007134
12012,0.009688599999208236
12013,0.008862200000294251
12014,0.00901510000039707
12015,0.007386199999018572
12016,0.006238899997697445
12017,0.00722450000102981
12018,0.00898349999988568
12019,0.009515099998679943
12020,0.008550900001864647
12021,0.007992999999260064
12022,0.0077419000008376315
12023,0.008655900001031114
12024,0.008532100000593346
12025,0.009180699998978525
12026,0.008820700000796933
12027,0.00860850000026403
12028,0.008602400001109345
12029,0.007378099999186816
12030,0.008389700000407174
12031,0.008183699999790406
12032,0.00845370000024559
12033,0.008179399999789894
12034,0.008611599998403108
12035,0.008585700001276564
12036,0.008365599998796824
12037,0.007379200000286801
12038,0.007970400001795497
12039,0.007349699997575954
12040,0.007020500001090113
12041,0.007342900000367081
12042,0.007938700000522658
12043,0.008116700002574362
12044,0.007907599996542558
12045,0.006191299999045441
12046,0.006194600002345396
12047,0.009265400000003865
12048,0.009228599999914877
12049,0.009045300001162104
12050,0.00926439999966533
12051,0.009052599998540245
12052,0.008959999999206048
12053,0.008204800000385148
12054,0.007013800001004711
12055,0.005917600003158441
12056,0.007554399999207817
12057,0.007703300001594471
12058,0.008472400000755442
12059,0.009013599999889266
12060,0.009096000001591165
12061,0.00783630000296398
12062,0.006980999998631887
12063,0.00624940000125207
12064,0.007767099999909988
12065,0.008952600001066457
12066,0.008063100001891144
12067,0.008197800001653377
12068,0.00835949999964214
12069,0.007703399998717941
12070,0.00999470000169822
12071,0.00875100000121165
12072,0.009070100000826642
12073,0.00924979999763309
12074,0.007754700000077719
12075,0.008841000002576038
12076,0.0063482999976258725
12077,0.007044300000416115
12078,0.008663500000693602
12079,0.008808400001726113
12080,0.008680799997819122
12081,0.008140500001900364
12082,0.0066181000001961365
12083,0.007321999997657258
12084,0.008173599999281578
12085,0.008125299998937408
12086,0.007767300001432886
12087,0.008250999999290798
12088,0.0076746000013372395
12089,0.00827949999802513
12090,0.007677699999476317
12091,0.007978899997397093
12092,0.006402600000001257
12093,0.00618160000158241
12094,0.009082299999136012
12095,0.009270800001104362
12096,0.008253600000898587
12097,0.008602800000517163
12098,0.00822139999945648
12099,0.008603999998740619
12100,0.008194099998945603
12101,0.007958899997902336
12102,0.006264899999223417
12103,0.006799700000556186
12104,0.0062580000012530945
12105,0.0061749999986204784
12106,0.00687840000318829
12107,0.00619889999870793
12108,0.0073088999997708015
12109,0.007250800001202151
12110,0.006703900002321461
12111,0.008992200000648154
12112,0.010088899998663692
12113,0.008950199997343589
12114,0.010245999998005573
12115,0.010513299999729497
12116,0.009609500000806293
12117,0.00883590000012191
12118,0.007451800000126241
12119,0.008181600001989864
12120,0.0074500999980955385
12121,0.009033300000737654
12122,0.007469899999705376
12123,0.009430000001884764
12124,0.008725899999262765
12125,0.010186200001044199
12126,0.010312099999282509
12127,0.010076899998239242
12128,0.011019500001566485
12129,0.01058040000134497
12130,0.008746700001211138
12131,0.01020760000028531
12132,0.010144500000023982
12133,0.008714600000530481
12134,0.010770799999590963
12135,0.00870280000162893
12136,0.009615400002076058
12137,0.009373600001708837
12138,0.009527499998512212
12139,0.00979419999930542
12140,0.007925099998828955
12141,0.010114099997736048
12142,0.009919199997966643
12143,0.010719800000515534
12144,0.01036029999886523
12145,0.007712400001764763
12146,0.007684199998038821
12147,0.007241100000101142
12148,0.010197600000537932
12149,0.010036499999841908
12150,0.00995850000253995
12151,0.009193499998218613
12152,0.0076485999998112675
12153,0.009551400002237642
12154,0.009718500001326902
12155,0.009557800000038696
12156,0.009423400002560811
12157,0.008075800000369782
12158,0.00764540000091074
12159,0.006487999999080785
12160,0.007101499999407679
12161,0.00651829999696929
12162,0.0067310000013094395
12163,0.009098099999391707
12164,0.009444200000871206
12165,0.008674299999256618
12166,0.008248300000559539
12167,0.006572099999175407
12168,0.008106999997835374
12169,0.009492900000623195
12170,0.010261799998261267
12171,0.009657499998866115
12172,0.00875639999867417
12173,0.009515000001556473
12174,0.009475099999690428
12175,0.009205700000165962
12176,0.008671900002809707
12177,0.0074467000013100915
12178,0.0065524000019649975
12179,0.00872460000027786
12180,0.009475200000451878
12181,0.009068999999726657
12182,0.008466699997370597
12183,0.006618499999603955
12184,0.006895099999383092
12185,0.008923999997932697
12186,0.00905359999887878
12187,0.009395000000949949
12188,0.009699099999124883
12189,0.009432399998331675
12190,0.009096099998714635
12191,0.00847549999889452
12192,0.009475400001974776
12193,0.009183800000755582
12194,0.00779550000152085
12195,0.008600299999670824
12196,0.008549100002710475
12197,0.007724900002358481
12198,0.006233699998119846
12199,0.00752190000275732
12200,0.008993799998279428
12201,0.007935300000099232
12202,0.006214100001670886
12203,0.0073981999994430225
12204,0.006237800000235438
12205,0.006168200001411606
12206,0.009033700000145473
12207,0.009555999997246545
12208,0.007793800003128126
12209,0.007953200001793448
12210,0.007681300001422642
12211,0.007910100001026876
12212,0.006281500001932727
12213,0.006151900000986643
12214,0.008149599998432677
12215,0.008520599996700184
12216,0.00705759999982547
12217,0.006208500002685469
12218,0.007624800000485266
12219,0.009009999997942941
12220,0.008488999999826774
12221,0.007750500000838656
12222,0.008191500000975793
12223,0.007718900000327267
12224,0.008157500000379514
12225,0.00768939999761642
12226,0.009011300000565825
12227,0.008991200000309618
12228,0.008656299996800954
12229,0.00841749999744934
12230,0.006484900000941707
12231,0.006210100000316743
12232,0.006999999997788109
12233,0.006198999999469379
12234,0.007300799999939045
12235,0.008998400000564288
12236,0.008741100002225721
12237,0.007746200000838144
12238,0.007642700002179481
12239,0.006222600000910461
12240,0.007411599999613827
12241,0.009663799999543699
12242,0.008348899998964043
12243,0.008776699996815296
12244,0.010464599999977509
12245,0.008633699999336386
12246,0.008301400001073489
12247,0.008991700000478886
12248,0.008608899999671848
12249,0.008588999997300562
12250,0.008998699999210658
12251,0.00955660000181524
12252,0.009518800001387717
12253,0.006728599997586571
12254,0.006556500000442611
12255,0.009577900000294903
12256,0.009031199999299133
12257,0.009511799999017967
12258,0.009325600000011036
12259,0.008181400000466965
12260,0.008733300001040334
12261,0.008114600001135841
12262,0.008901700002752477
12263,0.008139699999446748
12264,0.009149499997874955
12265,0.008978300000308082
12266,0.006308899999567075
12267,0.006178399999043904
12268,0.007731200003036065
12269,0.007592600002681138
12270,0.007597700001497287
12271,0.00821649999852525
12272,0.008534299999155337
12273,0.008195099999284139
12274,0.009220899999490939
12275,0.009046299997862661
12276,0.009052199999132426
12277,0.00907060000099591
12278,0.008287000000564149
12279,0.008760299999266863
12280,0.008196800001314841
12281,0.008525799999915762
12282,0.008969599999545608
12283,0.008303399998112582
12284,0.007677699999476317
12285,0.008220299998356495
12286,0.00769880000007106
12287,0.008859199999278644
12288,0.008541899998817826
12289,0.008679900001880014
12290,0.0088313999985985
12291,0.008532899999408983
12292,0.009013900002173614
12293,0.007682499999646097
12294,0.008193000001483597
12295,0.00902009999845177
12296,0.009270000002288725
12297,0.008893099999113474
12298,0.008811300001980271
12299,0.008556699998734985
12300,0.008669999999256106
12301,0.008122999999613967
12302,0.009006899999803863
12303,0.008192099998268532
12304,0.008645699999760836
12305,0.008404700001847232
12306,0.007340399999520741
12307,0.007995100000698585
12308,0.008125900003506104
12309,0.008466999999654945
12310,0.007886199997301446
12311,0.008729099998163292
12312,0.008602400001109345
12313,0.009108700000069803
12314,0.006253700001252582
12315,0.008294300001580268
12316,0.008972200001153396
12317,0.00837649999812129
12318,0.007852999999158783
12319,0.00809319999825675
12320,0.007669499998883111
12321,0.009226099999068538
12322,0.009324399998149602
12323,0.007464599999366328
12324,0.007067899998219218
12325,0.008510200001182966
12326,0.00849490000109654
12327,0.008616899998742156
12328,0.008322499998030253
12329,0.005937800000538118
12330,0.006145200000901241
12331,0.009028300002682954
12332,0.009308300002885517
12333,0.007859599998482736
12334,0.008133499999530613
12335,0.007824899999832269
12336,0.008094099997833837
12337,0.008188700001483085
12338,0.008566500000597443
12339,0.007662200001504971
12340,0.007869699998991564
12341,0.006197099999553757
12342,0.006156400002510054
12343,0.0068652999980258755
12344,0.006224100001418265
12345,0.0073435999984212685
12346,0.007722099999227794
12347,0.008202900000469526
12348,0.007681400002184091
12349,0.008321799999976065
12350,0.008201999997254461
12351,0.009062899996933993
12352,0.008538800000678748
12353,0.008292299997265218
12354,0.0076656000019283965
12355,0.009766399998625275
12356,0.008887600000889506
12357,0.00861079999958747
12358,0.008796400001301663
12359,0.008989599999040365
12360,0.00893989999894984
12361,0.008195500002329936
12362,0.00847780000185594
12363,0.007633600002009189
12364,0.008043499998166226
12365,0.007651299998542527
12366,0.007534600001235958
12367,0.006222199997864664
12368,0.00714249999873573
12369,0.00924959999974817
12370,0.008726000000024214
12371,0.00898339999912423
12372,0.008530700000846991
12373,0.00820890000250074
12374,0.008588299999246374
12375,0.008179799999197712
12376,0.009059500000148546
12377,0.0071805999978096224
12378,0.009278400000766851
12379,0.009098400001676055
12380,0.007739000000583474
12381,0.008005600000615232
12382,0.008552100000088103
12383,0.00884339999902295
12384,0.008924700003262842
12385,0.008326999999553664
12386,0.008583499999076594
12387,0.008694799998920644
12388,0.008564100000512553
12389,0.00899540000318666
12390,0.008970700000645593
12391,0.005996600000798935
12392,0.005909200001042336
12393,0.007945999997900799
12394,0.008554100000765175
12395,0.00838579999981448
12396,0.008129199999530101
12397,0.008268400000815745
12398,0.008120500002405606
12399,0.009020499997859588
12400,0.00917680000202381
12401,0.008945999998104526
12402,0.008248400001320988
12403,0.006210399998963112
12404,0.006233100000827108
12405,0.008257400000729831
12406,0.007758900002954761
12407,0.008195200000045588
12408,0.007436300002154894
12409,0.009694100001070183
12410,0.008852699997078162
12411,0.006264399999054149
12412,0.006190200001583435
12413,0.00941160000002128
12414,0.006350199997541495
12415,0.009267800000088755
12416,0.00936320000255364
12417,0.00771339999846532
12418,0.008026499999687076
12419,0.006335699999908684
12420,0.0062149999976099934
12421,0.008389300000999356
12422,0.008581199999753153
12423,0.006799499999033287
12424,0.006238199999643257
12425,0.008263600000645965
12426,0.00874150000163354
12427,0.008743700000195531
12428,0.00916720000168425
12429,0.006394199997885153
12430,0.006212800002685981
12431,0.006851600002846681
12432,0.0062283000006573275
12433,0.0069292000007408205
12434,0.00899359999675653
12435,0.009227299997291993
12436,0.009020599998621037
12437,0.0074793000021600164
12438,0.0062050000015005935
12439,0.007632799999555573
12440,0.008068499999353662
12441,0.007786499998474028
12442,0.006291500001680106
12443,0.0066026999993482605
12444,0.009147099997790065
12445,0.0094431000034092
12446,0.00910440000006929
12447,0.00911689999702503
12448,0.008207599999877857
12449,0.008102300002065022
12450,0.007709199999226257
12451,0.00923289999991539
12452,0.008813200001895893
12453,0.009865599997283425
12454,0.00857230000110576
12455,0.008250099999713711
12456,0.00841009999930975
12457,0.008185499998944579
12458,0.008975000000646105
12459,0.008999400000902824
12460,0.009267600002203835
12461,0.008992200000648154
12462,0.006588000000192551
12463,0.006210100000316743
12464,0.0069814000016776845
12465,0.006218899998202687
12466,0.007167699997808086
12467,0.008218799997848691
12468,0.009043100002600113
12469,0.008204700003261678
12470,0.00861799999984214
12471,0.007682499999646097
12472,0.008997200002340833
12473,0.009605100000044331
12474,0.0091963000013493
12475,0.009396099998411955
12476,0.008251900002505863
12477,0.00856990000102087
12478,0.007734400001936592
12479,0.008297900003526593
12480,0.0081583999999566
12481,0.008592300000600517
12482,0.007841099999495782
12483,0.007930699997814372
12484,0.0073468000009597745
12485,0.007837099998141639
12486,0.0073505000000295695
12487,0.007939999999507563
12488,0.008592599999246886
12489,0.008920000000216532
12490,0.00857249999899068
12491,0.008203600002161693
12492,0.0077039999996486586
12493,0.0085795999984839
12494,0.008488600000418955
12495,0.008155399998940993
12496,0.007716100000834558
12497,0.007433099999616388
12498,0.006258599998545833
12499,0.006918700000824174
12500,0.0062833999982103705
12501,0.006217400001332862
12502,0.008994600000733044
12503,0.006633000000874745
12504,0.0092956000007689
12505,0.009388700000272365
12506,0.008992499999294523
12507,0.008887200001481688
12508,0.008190100001229439
12509,0.00785139999788953
12510,0.006233399999473477
12511,0.006849800000054529
12512,0.0062152999998943415
12513,0.006157700001494959
12514,0.008346300000994233
12515,0.008916799997678027
12516,0.008405500000662869
12517,0.0083809999996447
12518,0.008315099999890663
12519,0.008601699999417178
12520,0.008963000000221655
12521,0.00928139999814448
12522,0.009021999998367392
12523,0.008871000001818174
12524,0.008520899998984532
12525,0.007625199999893084
12526,0.0062063000004854985
12527,0.006930399998964276
12528,0.006243300002097385
12529,0.006935599998541875
12530,0.006499700000858866
12531,0.00619130000268342
12532,0.009295100000599632
12533,0.009114799999224488
12534,0.00781970000025467
12535,0.00811009999961243
12536,0.007809000002453104
12537,0.007567600001493702
12538,0.007779700001265155
12539,0.007563900002423907
12540,0.009040700002515223
12541,0.009059399999387097
12542,0.007704400002694456
12543,0.008232199998019496
12544,0.00850939999872935
12545,0.008771499997237697
12546,0.008546799999749055
12547,0.009041199999046512
12548,0.0089737000016612
12549,0.006814500000473345
12550,0.006168100000650156
12551,0.007928299997729482
12552,0.00894989999869722
12553,0.0074553999984345865
12554,0.006206699999893317
12555,0.007620200001838384
12556,0.008944500001234701
12557,0.007701899998210138
12558,0.008224199998949189
12559,0.009035300001414726
12560,0.009010999998281477
12561,0.008980899998277891
12562,0.009280700000090292
12563,0.006316499999229563
12564,0.006195900001330301
12565,0.008815799999865703
12566,0.008225500001572073
12567,0.009299400000600144
12568,0.008816300000034971
12569,0.00857929999983753
12570,0.008386600002268096
12571,0.006288800002948847
12572,0.0062343999998120125
12573,0.006919800001924159
12574,0.00618659999963711
12575,0.006852600003185216
12576,0.006192400000145426
12577,0.0064358000017818995
12578,0.008357700000487966
12579,0.008666900001117028
12580,0.009031599998706952
12581,0.009102500000153668
12582,0.008993700001155958
12583,0.008261300001322525
12584,0.007713900002272567
12585,0.00817069999902742
12586,0.0077118999979575165
12587,0.008663399999932153
12588,0.008498800001689233
12589,0.008750400000280933
12590,0.008568099998228718
12591,0.01018580000163638
12592,0.009101400002691662
12593,0.0078002000009291805
12594,0.00864720000026864
12595,0.008960200000728946
12596,0.00893490000089514
12597,0.008532699997886084
12598,0.008027699997910531
12599,0.007653300002857577
12600,0.008713399998669047
12601,0.008749399999942398
12602,0.008200100000976818
12603,0.008295499999803724
12604,0.008608899999671848
12605,0.008795400000963127
12606,0.0073749000002862886
12607,0.007858600001782179
12608,0.007400599999527913
12609,0.0078877999985707
12610,0.007368000002315966
12611,0.007201899999927264
12612,0.00781460000143852
12613,0.008166200001141988
12614,0.007804799999576062
12615,0.007455099999788217
12616,0.00907309999820427
12617,0.00817079999978887
12618,0.0062450000004901085
12619,0.0061887999981991015
12620,0.008310100001835963
12621,0.008621000000857748
12622,0.00785139999788953
12623,0.007772499997372506
12624,0.007834199997887481
12625,0.00804950000019744
12626,0.009532500000204891
12627,0.009327800002211006
12628,0.008951399999205023
12629,0.008755099999689264
12630,0.008700500002305489
12631,0.008651500000269152
12632,0.00861310000254889
12633,0.008699300000444055
12634,0.008534799999324605
12635,0.005956199998763623
12636,0.005885200000193436
12637,0.0064252000011038035
12638,0.006237000001419801
12639,0.006769200001144782
12640,0.007689900001423666
12641,0.007941800002299715
12642,0.009013699997012736
12643,0.00907780000125058
12644,0.00897899999836227
12645,0.009241600000677863
12646,0.007238099999085534
12647,0.00765049999972689
12648,0.007735200000752229
12649,0.008920000000216532
12650,0.009245900000678375
12651,0.009105699999054195
12652,0.009395799999765586
12653,0.006247699999221368
12654,0.00629809999736608
12655,0.008843499999784399
12656,0.009271700000681449
12657,0.008567199998651631
12658,0.008802500000456348
12659,0.008534499997040257
12660,0.008487200000672601
12661,0.007682600000407547
12662,0.00832549999904586
12663,0.0077309999978751875
12664,0.008377699999982724
12665,0.007771100001264131
12666,0.008331799999723444
12667,0.007715299998380942
12668,0.009008599998196587
12669,0.009060699998372002
12670,0.009130399997957284
12671,0.009364099998492748
12672,0.006275899999309331
12673,0.006177699997351738
12674,0.007799500002874993
12675,0.007738399999652756
12676,0.008805299999949057
12677,0.008497899998474168
12678,0.0071290000014414545
12679,0.006209099999978207
12680,0.00788480000119307
12681,0.00900529999853461
12682,0.008663799999339972
12683,0.008189600001060171
12684,0.0081054000002041
12685,0.007661599996936275
12686,0.007090700000844663
12687,0.006204599998454796
12688,0.00798430000213557
12689,0.009164199997030664
12690,0.009158799999568146
12691,0.00917710000067018
12692,0.008682000003318535
12693,0.00842929999998887
12694,0.006238199999643257
12695,0.006192900000314694
12696,0.007773099998303223
12697,0.007701799997448688
12698,0.008910600001399871
12699,0.008934199999202974
12700,0.009201500000926899
12701,0.009034299997438211
12702,0.009052899997186614
12703,0.00941659999807598
12704,0.0089908000009018
12705,0.009374400000524474
12706,0.00926890000118874
12707,0.008909100000892067
12708,0.008464799997454975
12709,0.008948299997427966
12710,0.008588400000007823
12711,0.00739140000223415
12712,0.0073701000001165085
12713,0.0059624999994412065
12714,0.006118099998275284
12715,0.008848599998600548
12716,0.008522699998138705
12717,0.007819699996616691
12718,0.008282499999040738
12719,0.008319900000060443
12720,0.007635499998286832
12721,0.007707299999310635
12722,0.008040699998673517
12723,0.00826260000030743
12724,0.008639499999844702
12725,0.008188799998606555
12726,0.007835100001102546
12727,0.005936400000791764
12728,0.005927499998506391
12729,0.007793200002197409
12730,0.007547500001237495
12731,0.007660499999474268
12732,0.007704299998295028
12733,0.008909799998946255
12734,0.008553400002710987
12735,0.009287000000767875
12736,0.008960600000136765
12737,0.007369599999947241
12738,0.007698499997786712
12739,0.0074194000007992145
12740,0.0071363999995810445
12741,0.008784500001638662
12742,0.008889799999451498
12743,0.006018600000970764
12744,0.006153599999379367
12745,0.008069999999861466
12746,0.008219600000302307
12747,0.008475700000417419
12748,0.008197499999369029
12749,0.00855529999898863
12750,0.008156399999279529
12751,0.009957700000086334
12752,0.009097699999983888
12753,0.007918100000097184
12754,0.008218599999963772
12755,0.007376699999440461
12756,0.00849000000016531
12757,0.008609600001364015
12758,0.008920299998862902
12759,0.008613900001364527
12760,0.008843699997669319
12761,0.008466100000077859
12762,0.008993999999802327
12763,0.009013599999889266
12764,0.006275299998378614
12765,0.006219700000656303
12766,0.009590599998773541
12767,0.008146700001816498
12768,0.009070000000065193
12769,0.009190800003125332
12770,0.008228399998188252
12771,0.008629500000097323
12772,0.008527899997716304
12773,0.008709500001714332
12774,0.007830400001694215
12775,0.00839320000159205
12776,0.009001700000226265
12777,0.009425000000192085
12778,0.009025100000144448
12779,0.008590900000854162
12780,0.00784850000127335
12781,0.005960599999525584
12782,0.0059086999972350895
12783,0.008522600001015235
12784,0.00852870000016992
12785,0.00795990000187885
12786,0.00789210000220919
12787,0.008397400000831112
12788,0.008566399999835994
12789,0.008161699999618577
12790,0.008023599999432918
12791,0.007391999999526888
12792,0.007672499999898719
12793,0.006016800001816591
12794,0.005904900001041824
12795,0.008121800001390511
12796,0.008954900000389898
12797,0.008228200000303332
12798,0.0076889000010851305
12799,0.008024099999602186
12800,0.007662600000912789
12801,0.007970099999511149
12802,0.00712299999941024
12803,0.007642600001418032
12804,0.007718900000327267
12805,0.00973570000132895
12806,0.008015100000193343
12807,0.007028200001514051
12808,0.006097500001487788
12809,0.007761299999401672
12810,0.009073599998373538
12811,0.008181200002582045
12812,0.007645999998203479
12813,0.009442399998079054
12814,0.007759099997201702
12815,0.008169200002157595
12816,0.00785139999788953
12817,0.009121700000832789
12818,0.007714399998803856
12819,0.008609500000602566
12820,0.008637799997814
12821,0.007814299999154173
12822,0.008160299999872223
12823,0.006202500000654254
12824,0.006231799998204224
12825,0.008877200001734309
12826,0.009585699997842312
12827,0.009055799997440772
12828,0.009072299999388633
12829,0.007707099997787736
12830,0.008332000001246342
12831,0.007668299997021677
12832,0.008170199998858152
12833,0.007749200001853751
12834,0.008353299999726005
12835,0.008213299999624724
12836,0.008675200002471684
12837,0.008191500000975793
12838,0.008216000001993962
12839,0.008202600001823157
12840,0.008248799997090828
12841,0.00758529999802704
12842,0.007988099998328835
12843,0.008190600001398707
12844,0.009406599998328602
12845,0.00897169999734615
12846,0.006054800000129035
12847,0.005902299999434035
12848,0.007300400000531226
12849,0.007663899999897694
12850,0.008319200002006255
12851,0.007675700002437225
12852,0.007613199999468634
12853,0.006197500002599554
12854,0.0065174000010301825
12855,0.006343500001094071
12856,0.006163199999718927
12857,0.006887699997605523
12858,0.006229800001165131
12859,0.006841499998699874
12860,0.006236099998204736
12861,0.006171799999719951
12862,0.00765279999905033
12863,0.007639500003278954
12864,0.00820920000114711
12865,0.007689900001423666
12866,0.009045099999639206
12867,0.00816589999885764
12868,0.006901500000822125
12869,0.00622049999947194
12870,0.00751499999751104
12871,0.008590900000854162
12872,0.008675100001710234
12873,0.008224900000641355
12874,0.008860500001901528
12875,0.00853859999915585
12876,0.009381799998664064
12877,0.009373900000355206
12878,0.009333800000604242
12879,0.009532500000204891
12880,0.007483100001991261
12881,0.009952999997040024
12882,0.011220399999729125
12883,0.009420200000022305
12884,0.00799610000103712
12885,0.009623900001315633
12886,0.008411500002694083
12887,0.007770299998810515
12888,0.008188299998437287
12889,0.007808499998645857
12890,0.008092899999610381
12891,0.007418299999699229
12892,0.007744399998045992
12893,0.007659100003365893
12894,0.00807870000062394
12895,0.007659899998543551
12896,0.008360499999980675
12897,0.007668599999306025
12898,0.007116799999494106
12899,0.006219899998541223
12900,0.006799300001148367
12901,0.006214599998202175
12902,0.006212499996763654
12903,0.008859999998094281
12904,0.008928699997341027
12905,0.007699699999648146
12906,0.008040800003072945
12907,0.008963299998868024
12908,0.009286799999244977
12909,0.00904660000014701
12910,0.008967899997514905
12911,0.00905620000048657
12912,0.009256299999833573
12913,0.009064099998795427
12914,0.008946499998273794
12915,0.008958400001574773
12916,0.007699499998125248
12917,0.00807379999969271
12918,0.0062026000014157034
12919,0.006416700001864228
12920,0.008009600001969375
12921,0.007799800001521362
12922,0.009214400000928435
12923,0.009360599997307872
12924,0.008234799999627285
12925,0.009235999998054467
12926,0.009158300003036857
12927,0.009217400001944043
12928,0.009231799998815404
12929,0.008590500001446344
12930,0.008590900000854162
12931,0.008118900001136353
12932,0.00751029999810271
12933,0.007859099998313468
12934,0.008109899998089531
12935,0.00861839999924996
12936,0.00904179999997723
12937,0.008192500001314329
12938,0.008029000000533415
12939,0.007317399999010377
12940,0.007983899999089772
12941,0.007770799998979783
12942,0.008310299999720883
12943,0.007425899999361718
12944,0.007443300000886666
12945,0.008602199999586446
12946,0.008921399999962887
12947,0.00830119999955059
12948,0.008561400001781294
12949,0.00826260000030743
12950,0.008786300000792835
12951,0.008167199997842545
12952,0.0072261999994225334
12953,0.006194100002176128
12954,0.007777499999065185
12955,0.008197700000891928
12956,0.009099900002183858
12957,0.008974699998361757
12958,0.006945400000404334
12959,0.006194900000991765
12960,0.007409699999698205
12961,0.00830370000039693
12962,0.007588200001919176
12963,0.006218900001840666
12964,0.006511000003229128
12965,0.008312300000397954
12966,0.008522899999661604
12967,0.008197899998776847
12968,0.008177499999874271
12969,0.006237500001589069
12970,0.006231800001842203
12971,0.009142999999312451
12972,0.009180099998047808
12973,0.00898830000005546
12974,0.008975400000053924
12975,0.007661999999982072
12976,0.00847300000168616
12977,0.008982299998024246
12978,0.00887460000012652
12979,0.008524900000338675
12980,0.009151299997029128
12981,0.009291800000937656
12982,0.008300699999381322
12983,0.008338100000401028
12984,0.006230699997104239
12985,0.006257899996853666
12986,0.007893199999671197
12987,0.007715200001257472
12988,0.009187200001179008
12989,0.009258699999918463
12990,0.0063016999993124045
12991,0.0061647000002267305
12992,0.008364600002096267
12993,0.008969800001068506
12994,0.00813919999927748
12995,0.007646400001249276
12996,0.008935400001064409
12997,0.008909500000299886
12998,0.008294499999465188
12999,0.00923250000050757
13000,0.00805939999918337
13001,0.008633900000859285
13002,0.009402600000612438
13003,0.009355700000014622
13004,0.009290000001783483
13005,0.009064000001671957
13006,0.00865930000145454
13007,0.009091600000829203
13008,0.008766599999944447
13009,0.007733100002951687
13010,0.00789210000220919
13011,0.007325400001718663
13012,0.007788999999320367
13013,0.007363900000200374
13014,0.007918799998151371
13015,0.007374400000117021
13016,0.007818099998985417
13017,0.00787779999882332
13018,0.008530700000846991
13019,0.007853099999920232
13020,0.008287600001494866
13021,0.009666300000390038
13022,0.0091673000024457
13023,0.007676599998376332
13024,0.006948599999304861
13025,0.006248199999390636
13026,0.007073099997796817
13027,0.006217000001925044
13028,0.006193699999130331
13029,0.007033199999568751
13030,0.006243100000574486
13031,0.006691600003250642
13032,0.006252400002267677
13033,0.006546000000525964
13034,0.009096000001591165
13035,0.008713800001714844
13036,0.00907770000048913
13037,0.009028599997691344
13038,0.008270199999969918
13039,0.0076200000003154855
13040,0.006236200002604164
13041,0.007458500000211643
13042,0.008175000002665911
13043,0.009072500000911532
13044,0.009065499998541782
13045,0.008810399998765206
13046,0.00819960000080755
13047,0.008604599999671336
13048,0.007719000001088716
13049,0.008275600001070416
13050,0.008239399998274166
13051,0.009389300001203083
13052,0.009384300003148383
13053,0.008986100001493469
13054,0.009325099999841768
13055,0.009015399999043439
13056,0.008384400000068126
13057,0.007205499998235609
13058,0.007821799998055212
13059,0.0076632000018435065
13060,0.00895910000326694
13061,0.008089499999186955
13062,0.009739799999806564
13063,0.009149099998467136
13064,0.007786099999066209
13065,0.008326200000738027
13066,0.007714200000918936
13067,0.008128900000883732
13068,0.008460299999569543
13069,0.0072946000000229105
13070,0.00593970000045374
13071,0.006029899999703048
13072,0.007729400000243913
13073,0.007685600001423154
13074,0.00738189999901806
13075,0.006195299996761605
13076,0.007453299996996066
13077,0.0077562000005855225
13078,0.008386500001506647
13079,0.008986799999547657
13080,0.009350899999844842
13081,0.008991900002001785
13082,0.00831839999955264
13083,0.00824540000030538
13084,0.009244500000932021
13085,0.008249300000898074
13086,0.005951400002231821
13087,0.0058976000000257045
13088,0.008496899998135632
13089,0.008926400001655566
13090,0.009168099997623358
13091,0.008973199997853953
13092,0.006214299999555806
13093,0.00615980000293348
13094,0.008379499999136897
13095,0.008577300002798438
13096,0.008909899999707704
13097,0.008482299999741372
13098,0.009030900000652764
13099,0.008734899998671608
13100,0.008558199999242788
13101,0.0075923999975202605
13102,0.005955799999355804
13103,0.0062336000009963755
13104,0.009066900001926115
13105,0.00920149999728892
13106,0.009000999998534098
13107,0.007974199997988762
13108,0.006208199996763142
13109,0.006645600002229912
13110,0.008312499998282874
13111,0.008333599998877617
13112,0.006212999996932922
13113,0.006186299997352762
13114,0.008899500000552507
13115,0.009289499997976236
13116,0.006330100000923267
13117,0.006199699997523567
13118,0.007910600001196144
13119,0.008183500001905486
13120,0.008323100002598949
13121,0.009698400001070695
13122,0.008246400000643916
13123,0.008085200002824422
13124,0.008250999999290798
13125,0.009139600002527004
13126,0.006666400000540307
13127,0.006511399998998968
13128,0.007956599998578895
13129,0.008129699999699369
13130,0.008286099997349083
13131,0.008680599999934202
13132,0.008980300000985153
13133,0.008815799999865703
13134,0.008944299999711802
13135,0.008444800001598196
13136,0.007699400001001777
13137,0.009778899999218993
13138,0.011474700000690063
13139,0.007812200001353631
13140,0.010218999999779044
13141,0.010395699999207864
13142,0.006801199997426011
13143,0.0066169999990961514
13144,0.0073325000012118835
13145,0.006630399999266956
13146,0.008660600000439445
13147,0.009977499998058192
13148,0.009681200001068646
13149,0.010023499999078922
13150,0.009066999999049585
13151,0.008099700000457233
13152,0.006848400000308175
13153,0.009173000002192566
13154,0.0081462999987707
13155,0.00878749999901629
13156,0.008179699998436263
13157,0.008268800000223564
13158,0.00805479999689851
13159,0.009601500001735985
13160,0.009374000001116656
13161,0.008872899998095818
13162,0.009256400000595022
13163,0.008585300001868745
13164,0.008138299999700394
13165,0.006775300000299467
13166,0.007274800002051052
13167,0.007508300001063617
13168,0.009616300001653144
13169,0.00953990000198246
13170,0.00987389999863808
13171,0.009394000000611413
13172,0.009015999999974156
13173,0.008641099997475976
13174,0.007706500000494998
13175,0.008179199998266995
13176,0.007733699996606447
13177,0.007627099999808706
13178,0.007710199999564793
13179,0.008648499999253545
13180,0.009093099997699028
13181,0.008489499999996042
13182,0.007670700000744546
13183,0.008060500000283355
13184,0.007661300001927884
13185,0.008997299999464303
13186,0.006775300000299467
13187,0.009056999999302207
13188,0.009444499999517575
13189,0.009154999999736901
13190,0.00925940000161063
13191,0.009006100000988226
13192,0.008892999998352025
13193,0.008237300000473624
13194,0.008753199999773642
13195,0.008243099997343961
13196,0.007316100000025472
13197,0.006986199998209486
13198,0.007302699999854667
13199,0.006588000000192551
13200,0.007390699996904004
13201,0.006551700000272831
13202,0.00667559999783407
13203,0.00839280000218423
13204,0.008631200002128026
13205,0.00863759999992908
13206,0.009262799998396076
13207,0.006876600000396138
13208,0.007707600001594983
13209,0.008685100001457613
13210,0.009455899999011308
13211,0.008609399999841116
13212,0.008698699999513337
13213,0.008074299999861978
13214,0.008503999997628853
13215,0.008063100001891144
13216,0.009361899999930756
13217,0.007920799998828443
13218,0.006316400002106093
13219,0.006309200001851423
13220,0.008414600000833161
13221,0.008953900000051362
13222,0.009335300001112046
13223,0.009248800000932533
13224,0.009040300003107404
13225,0.00927400000000489
13226,0.006233700001757825
13227,0.007896299997810274
13228,0.007856200001697289
13229,0.00848260000202572
13230,0.007668400001421105
13231,0.008162199999787845
13232,0.009001599999464815
13233,0.01069179999831249
13234,0.008209800002077827
13235,0.00842689999990398
13236,0.00911150000320049
13237,0.008750799999688752
13238,0.00919429999703425
13239,0.00821899999937159
13240,0.009314099999755854
13241,0.009431599999516038
13242,0.007135399999242509
13243,0.006202799999300623
13244,0.007897999999840977
13245,0.008634600002551451
13246,0.008325899998453679
13247,0.00657590000264463
13248,0.008241200001066318
13249,0.009430699999938952
13250,0.009174900002108188
13251,0.00812950000181445
13252,0.008994800002255943
13253,0.009000999998534098
13254,0.006294799997704104
13255,0.006233000000065658
13256,0.007190100001025712
13257,0.006540099999256199
13258,0.008147799999278504
13259,0.008765200000198092
13260,0.009841299997788155
13261,0.009634299996832851
13262,0.009091699997952674
13263,0.008684799999173265
13264,0.007703900002525188
13265,0.00763320000260137
13266,0.006208999999216758
13267,0.0063473000009253155
13268,0.0065997999990941025
13269,0.0062111000006552786
13270,0.0087682000012137
13271,0.009528800001135096
13272,0.009785500002180925
13273,0.009768299998540897
13274,0.00897889999760082
13275,0.007771099997626152
13276,0.006228199999895878
13277,0.007151800000428921
13278,0.0077202000029501505
13279,0.008384199998545228
13280,0.008561400001781294
13281,0.008762199999182485
13282,0.008522399999492336
13283,0.007811899999069283
13284,0.006297299998550443
13285,0.007360499999776948
13286,0.008599799999501556
13287,0.008875200001057237
13288,0.008507499998813728
13289,0.009272900002542883
13290,0.0089908000009018
13291,0.009899700002279133
13292,0.008375699999305652
13293,0.00799610000103712
13294,0.00826500000039232
13295,0.00777120000202558
13296,0.00778100000025006
13297,0.007777200000418816
13298,0.007956000001286156
13299,0.007742700003291247
13300,0.008191500000975793
13301,0.009076999998796964
13302,0.009203400000842521
13303,0.009065099999133963
13304,0.009200999997119652
13305,0.009105599998292746
13306,0.010138699999515666
13307,0.009299800000007963
13308,0.008916999999200925
13309,0.007743499998468906
13310,0.008588699998654192
13311,0.008242600000812672
13312,0.007753199999569915
13313,0.007529700000304729
13314,0.006265299998631235
13315,0.007391700000880519
13316,0.009071099997527199
13317,0.00915549999990617
13318,0.008990400001493981
13319,0.007448099997418467
13320,0.006235100001504179
13321,0.007687999997870065
13322,0.009033100002852734
13323,0.009199700001772726
13324,0.008909000000130618
13325,0.008350199997948948
13326,0.008303300000989111
13327,0.00790670000060345
13328,0.007752800000162097
13329,0.0063876000021991786
13330,0.006194300000061048
13331,0.007561300000816118
13332,0.0076705999999830965
13333,0.008576100000937004
13334,0.00822360000165645
13335,0.008408399997279048
13336,0.007665500001166947
13337,0.008254100001067854
13338,0.007710000001679873
13339,0.009053100002347492
13340,0.009055300000909483
13341,0.009119300000747899
13342,0.00929320000068401
13343,0.009038700001838151
13344,0.008469700002024183
13345,0.007673599997360725
13346,0.008108600002742605
13347,0.007713900002272567
13348,0.009664599998359336
13349,0.008433000002696645
13350,0.009391299998242175
13351,0.009372999997140141
13352,0.009090700001252117
13353,0.009081000000151107
13354,0.008592700000008335
13355,0.008239499999035615
13356,0.007370800001808675
13357,0.007783099998050602
13358,0.007358800001384225
13359,0.007731099998636637
13360,0.007357100002991501
13361,0.0077228000009199604
13362,0.00738410000121803
13363,0.007774999998218846
13364,0.007380399998510256
13365,0.008006799998838687
13366,0.007424300001730444
13367,0.008213999997678911
13368,0.008129399997415021
13369,0.007703800001763739
13370,0.007928099999844562
13371,0.008496800001012161
13372,0.008619500000349944
13373,0.008201500000723172
13374,0.007866899999498855
13375,0.008577700002206257
13376,0.008613999998487998
13377,0.008987699999124743
13378,0.008632000000943663
13379,0.008938700000726385
13380,0.008636999998998363
13381,0.0063665999987279065
13382,0.0059172000001126435
13383,0.006776700000045821
13384,0.006189499999891268
13385,0.0063269000020227395
13386,0.009094500001083361
13387,0.009138600002188468
13388,0.009043300000485033
13389,0.009070200001588091
13390,0.007750699998723576
13391,0.008834500000375556
13392,0.008974299998953938
13393,0.00715449999916018
13394,0.006190100000821985
13395,0.006937999998626765
13396,0.006229599999642232
13397,0.006299700002273312
13398,0.009215099998982623
13399,0.008727899999939837
13400,0.0062930000021879096
13401,0.006184599998960039
13402,0.009156000000075437
13403,0.009174999999231659
13404,0.008544199998141266
13405,0.008212000000639819
13406,0.006265899999561952
13407,0.006196599999384489
13408,0.009550899998430395
13409,0.009038200001668883
13410,0.008368700000573881
13411,0.008909000000130618
13412,0.009105599998292746
13413,0.009114500000578118
13414,0.008950200000981567
13415,0.009063099998456892
13416,0.008893499998521293
13417,0.008954799999628449
13418,0.008057899998675566
13419,0.005943899999692803
13420,0.005922000000282424
13421,0.00676739999835263
13422,0.006191600001329789
13423,0.007755399998131907
13424,0.008222000000387197
13425,0.008957499998359708
13426,0.00899310000022524
13427,0.008031100001971936
13428,0.007648300001164898
13429,0.008445399998890935
13430,0.008198899999115383
13431,0.008232000000134576
13432,0.006203900000400608
13433,0.008023599999432918
13434,0.00902950000090641
13435,0.009294300001783995
13436,0.008564300002035452
13437,0.006402499999239808
13438,0.006196900001668837
13439,0.0078125
13440,0.007701300000917399
13441,0.008395099997869693
13442,0.008188800002244534
13443,0.00730430000112392
13444,0.006175499998789746
13445,0.006979999998293351
13446,0.006267299999308307
13447,0.006179099997098092
13448,0.00809819999994943
13449,0.007675199998629978
13450,0.008720800000446616
13451,0.008313700000144308
13452,0.006571099998836871
13453,0.006187100003444357
13454,0.0075552999987849034
13455,0.007670799997868016
13456,0.008705800002644537
13457,0.008533700001862599
13458,0.008451099998637801
13459,0.008168399999703979
13460,0.007794699999067234
13461,0.007637800001248252
13462,0.009107799996854737
13463,0.009257999998226296
13464,0.009000999998534098
13465,0.00953270000172779
13466,0.009030400000483496
13467,0.009701200000563404
13468,0.007834500000171829
13469,0.00906339999710326
13470,0.008991099999548169
13471,0.00905149999744026
13472,0.00842929999998887
13473,0.008972300001914846
13474,0.009151199999905657
13475,0.00854320000144071
13476,0.008790699997916818
13477,0.008501500000420492
13478,0.007035000002360903
13479,0.006209200000739656
13480,0.007471799999620998
13481,0.008242899999459041
13482,0.008728999997401843
13483,0.007704600000579376
13484,0.008256299999629846
13485,0.007678800000576302
13486,0.008884299997589551
13487,0.008951300002081553
13488,0.007747600000584498
13489,0.007304599999770289
13490,0.008639300001959782
13491,0.008044900001550559
13492,0.007694600000831997
13493,0.007341900000028545
13494,0.009178799999062903
13495,0.007368700000370154
13496,0.008583100003306754
13497,0.008168799999111798
13498,0.008831700000882847
13499,0.008692899999005022
13500,0.008607499999925494
13501,0.008489399999234593
13502,0.008172300000296673
13503,0.008719199999177363
13504,0.008606399998825509
13505,0.008722899998247158
13506,0.008664500001032138
13507,0.007854600000428036
13508,0.006195199999638135
13509,0.00781490000008489
13510,0.008572799997637048
13511,0.008312400001159403
13512,0.007808599999407306
13513,0.00850699999864446
13514,0.007053299999824958
13515,0.007637300001078984
13516,0.00847290000092471
13517,0.008798899998510024
13518,0.00854310000067926
13519,0.009111999999731779
13520,0.009306399999331916
13521,0.00607529999979306
13522,0.005886499999178341
13523,0.007591500001581153
13524,0.007672600000660168
13525,0.00890110000182176
13526,0.009134700001595775
13527,0.009362799999507843
13528,0.009272600000258535
13529,0.008299599998281337
13530,0.008467499999824213
13531,0.007363600001554005
13532,0.0077133000013418496
13533,0.007379800001217518
13534,0.0075233000025036745
13535,0.0059755000002041925
13536,0.006156700001156423
13537,0.007779100000334438
13538,0.008198799998353934
13539,0.007353199998760829
13540,0.006247500001336448
13541,0.007274700001289602
13542,0.00767949999863049
13543,0.008161000001564389
13544,0.0076681999998982064
13545,0.008210700001654914
13546,0.007695200001762714
13547,0.008314300001075026
13548,0.007786800000758376
13549,0.008382699998037424
13550,0.00855270000101882
13551,0.009174399998300942
13552,0.009018000000651227
13553,0.008795300000201678
13554,0.008693600000697188
13555,0.008962199997768039
13556,0.010016399999585701
13557,0.008345800000824966
13558,0.008393799998884788
13559,0.008637099999759812
13560,0.008953900000051362
13561,0.008720199999515899
13562,0.008774499998253305
13563,0.008621400000265567
13564,0.00871259999985341
13565,0.009024800001498079
13566,0.00643090000085067
13567,0.005916099999012658
13568,0.008518500002537621
13569,0.008247299996583024
13570,0.008863299997756258
13571,0.009125399999902584
13572,0.008609200001956197
13573,0.008822100000543287
13574,0.00866669999959413
13575,0.008801500000117812
13576,0.008599499997217208
13577,0.009341900000435999
13578,0.008623499998066109
13579,0.007751400000415742
13580,0.007327700001042103
13581,0.008676099998410791
13582,0.008015100000193343
13583,0.00961259999894537
13584,0.00765049999972689
13585,0.008709800000360701
13586,0.008719999997993
13587,0.008644499997899402
13588,0.009057200000825105
13589,0.008173700000043027
13590,0.0073418000029050745
13591,0.0059542999988480005
13592,0.006543899999087444
13593,0.0085384999983944
13594,0.00886489999902551
13595,0.00853840000127093
13596,0.007927899998321664
13597,0.00898589999997057
13598,0.009123499999986961
13599,0.008537199999409495
13600,0.007784400000673486
13601,0.007368400001723785
13602,0.007087199999659788
13603,0.005950899998424575
13604,0.007001699999818811
13605,0.008545099997718353
13606,0.008835500000714092
13607,0.008503699998982484
13608,0.008776000002399087
13609,0.008540000002540182
13610,0.008329399999638554
13611,0.007455499999196036
13612,0.00868819999959669
13613,0.00813689999995404
13614,0.007978300000104355
13615,0.007309900000109337
13616,0.009640199998102617
13617,0.009004700001241872
13618,0.00840270000117016
13619,0.008760099997743964
13620,0.008621799999673385
13621,0.008040400000027148
13622,0.007379999999102438
13623,0.008281599999463651
13624,0.00871510000069975
13625,0.007915000001958106
13626,0.007367000001977431
13627,0.00801339999816264
13628,0.008624899997812463
13629,0.009074600002350053
13630,0.008540399998310022
13631,0.008129699999699369
13632,0.007371600000624312
13633,0.009255100001610117
13634,0.008563600000343286
13635,0.009080999996513128
13636,0.008904500002245186
13637,0.009014000002935063
13638,0.008371800002350938
13639,0.006221900002856273
13640,0.00618179999946733
13641,0.009933700002875412
13642,0.008008900000277208
13643,0.007758899999316782
13644,0.008237900001404341
13645,0.008254000000306405
13646,0.008588500000769272
13647,0.007704600000579376
13648,0.008131099999445723
13649,0.007678099998884136
13650,0.00813189999826136
13651,0.008461299999908078
13652,0.008254199998191325
13653,0.008147000000462867
13654,0.0076029999981983565
13655,0.00598339999851305
13656,0.006081100000301376
13657,0.009165399998892099
13658,0.009210600001097191
13659,0.00772040000083507
13660,0.008114799999020761
13661,0.0077488000024459325
13662,0.007944299999508075
13663,0.006238199999643257
13664,0.006191700002091238
13665,0.008441299996775342
13666,0.008555599997635
13667,0.00882149999961257
13668,0.008447399999568006
13669,0.009014300001581432
13670,0.007947699999931501
13671,0.008578700002544792
13672,0.008766200000536628
13673,0.00816090000080294
13674,0.008181799999874784
13675,0.007346200000029057
13676,0.00790910000068834
13677,0.007369800001470139
13678,0.008365599998796824
13679,0.00789489999806392
13680,0.008737800002563745
13681,0.008984000000054948
13682,0.009270999998989282
13683,0.00909479999972973
13684,0.00888209999902756
13685,0.008469000000332016
13686,0.005952100000286009
13687,0.005904800000280375
13688,0.0077435000021068845
13689,0.0077088000034564175
13690,0.008529999999154825
13691,0.008192699999199249
13692,0.008077999998931773
13693,0.007629799998539966
13694,0.007133200000680517
13695,0.006195900001330301
13696,0.007404199997836258
13697,0.007738799999060575
13698,0.00839059999998426
13699,0.009527499998512212
13700,0.01083210000069812
13701,0.009565600001224084
13702,0.009207700000843033
13703,0.008627399998658802
13704,0.008297500000480795
13705,0.00824079999802052
13706,0.007716000000073109
13707,0.008911599998100428
13708,0.008931699998356635
13709,0.009355299996968824
13710,0.009263100000680424
13711,0.00900059999912628
13712,0.009105199998884927
13713,0.008543300002202159
13714,0.007525199998781318
13715,0.006205699999554781
13716,0.0066299999998591375
13717,0.006306400002358714
13718,0.006187299997691298
13719,0.007701700000325218
13720,0.007642099997610785
13721,0.00860820000161766
13722,0.008206099999370053
13723,0.008874200000718702
13724,0.008541300001525087
13725,0.009359300001960946
13726,0.008872400001564529
13727,0.006208999999216758
13728,0.006174900001497008
13729,0.008287600001494866
13730,0.008190799999283627
13731,0.008457500000076834
13732,0.008566199998313095
13733,0.007762700002786005
13734,0.007859599998482736
13735,0.007748399999400135
13736,0.008071000000200002
13737,0.008197600000130478
13738,0.008433300001343014
13739,0.006233500000234926
13740,0.0061830000013287645
13741,0.008952799998951377
13742,0.0068489000004774425
13743,0.007357399997999892
13744,0.0066287000008742325
13745,0.008501500000420492
13746,0.00810039999851142
13747,0.007419800000207033
13748,0.006502699998236494
13749,0.0070843999965291005
13750,0.006500899999082321
13751,0.006580199999007164
13752,0.009049599997524638
13753,0.008967400000983616
13754,0.008150399997248314
13755,0.007585999999719206
13756,0.006616400001803413
13757,0.006635500001721084
13758,0.00964409999869531
13759,0.009687499998108251
13760,0.008839800000714604
13761,0.00888420000046608
13762,0.008180900000297697
13763,0.009130200000072364
13764,0.008212699998694006
13765,0.009134199997788528
13766,0.008783000001130858
13767,0.008218799997848691
13768,0.008718199998838827
13769,0.0077039999996486586
13770,0.0077068999999028165
13771,0.006216699999640696
13772,0.006153999998787185
13773,0.007978400000865804
13774,0.007327600000280654
13775,0.0087610999980825
13776,0.00870299999951385
13777,0.007000599998718826
13778,0.009091399999306304
13779,0.006228800000826595
13780,0.006163299996842397
13781,0.007693299998209113
13782,0.007689100002608029
13783,0.008067799997661496
13784,0.0071796000011090655
13785,0.007915800000773743
13786,0.007683200001338264
13787,0.008091499999864027
13788,0.007724300001427764
13789,0.008287699998618336
13790,0.00772050000159652
13791,0.007007600001088576
13792,0.006196800000907388
13793,0.006856100000732113
13794,0.006515900000522379
13795,0.006476500002463581
13796,0.009322699999756878
13797,0.009729199999128468
13798,0.008710300000529969
13799,0.008994399999210145
13800,0.00908020000133547
13801,0.008661199997732183
13802,0.00820219999877736
13803,0.008801100000709994
13804,0.006179600000905339
13805,0.009167099997284822
13806,0.008278499997686595
13807,0.009183499998471234
13808,0.009146599997620797
13809,0.007779699997627176
13810,0.007992599999852246
13811,0.007739299999229843
13812,0.007969300000695512
13813,0.009044400001585018
13814,0.009042199999385048
13815,0.008505599998898106
13816,0.00890100000106031
13817,0.009013700000650715
13818,0.010333999998692889
13819,0.009587199998350115
13820,0.008898500000213971
13821,0.009628399999201065
13822,0.009657300000981195
13823,0.009194800000841497
13824,0.009969499998987885
13825,0.009516499998426298
13826,0.010253399999783142
13827,0.010588300003291806
13828,0.009664699999120785
13829,0.009941899999830639
13830,0.009710800000902964
13831,0.014043900002434384
13832,0.014870999999402557
13833,0.01134230000025127
13834,0.010675300000002608
13835,0.008738700002140831
13836,0.010004899999330519
13837,0.010184300001128577
13838,0.010178200001973892
13839,0.010265199998684693
13840,0.00997060000008787
13841,0.01001650000034715
13842,0.008302100002765656
13843,0.009887000000162516
13844,0.010251700001390418
13845,0.009824599997955374
13846,0.006934799999726238
13847,0.006518599999253638
13848,0.00917969999863999
13849,0.009867599997960497
13850,0.01014009999926202
13851,0.010853699997824151
13852,0.008887700001650956
13853,0.010046799998235656
13854,0.009573600000294391
13855,0.008626400001958245
13856,0.00930309999966994
13857,0.008984600000985665
13858,0.010286500000802334
13859,0.00995139999940875
13860,0.009582700000464683
13861,0.009575000000040745
13862,0.008533299998816801
13863,0.008950600000389386
13864,0.009071500000572996
13865,0.007760699998470955
13866,0.008397199999308214
13867,0.009551700000884011
13868,0.009049500000401167
13869,0.007748900003207382
13870,0.008846799999446375
13871,0.008987000001070555
13872,0.009090499999729218
13873,0.009064900001249043
13874,0.009006200001749676
13875,0.008348100000148406
13876,0.010639199997967808
13877,0.00892540000131703
13878,0.008246400000643916
13879,0.008676599998580059
13880,0.007318399999348912
13881,0.008213400000386173
13882,0.008158000000548782
13883,0.008816499997919891
13884,0.00867360000120243
13885,0.00854579999941052
13886,0.008620199998404132
13887,0.007745099999738159
13888,0.008266499997262144
13889,0.009028100001160055
13890,0.009226100002706517
13891,0.00854070000059437
13892,0.008417000000918051
13893,0.007523600001150044
13894,0.008438599998044083
13895,0.008931799999118084
13896,0.008485899998049717
13897,0.008230399998865323
13898,0.008418999997957144
13899,0.008498900002450682
13900,0.008208699997339863
13901,0.008625200000096811
13902,0.009042499998031417
13903,0.009477999999944586
13904,0.008904499998607207
13905,0.0068762000009883195
13906,0.005937199999607401
13907,0.006816199998866068
13908,0.006209899998793844
13909,0.0061700000005657785
13910,0.007913699999335222
13911,0.007663399999728426
13912,0.007454700000380399
13913,0.006233399999473477
13914,0.008164800001395633
13915,0.009031699999468401
13916,0.009802000000490807
13917,0.00988110000253073
13918,0.007789899998897454
13919,0.008830099999613594
13920,0.009136799999396317
13921,0.008748399999603862
13922,0.007719799999904353
13923,0.00866620000306284
13924,0.009062699999049073
13925,0.008405500000662869
13926,0.007749099997454323
13927,0.009667300000728574
13928,0.009667599999374943
13929,0.008270099999208469
13930,0.008912700002838392
13931,0.008295900002849521
13932,0.009615699997084448
13933,0.007805400000506779
13934,0.010284400003001792
13935,0.010334800001146505
13936,0.009587599997757934
13937,0.00859159999890835
13938,0.006561299996974412
13939,0.008070300002145814
13940,0.009623300000384916
13941,0.00983030000134022
13942,0.009594000002834946
13943,0.009485899998253444
13944,0.007314800001040567
13945,0.008999699999549193
13946,0.008275500000308966
13947,0.006213099997694371
13948,0.006439799999498064
13949,0.006398400000762194
13950,0.006367599999066442
13951,0.007903300000180025
13952,0.008035499999095919
13953,0.007712899998296052
13954,0.006547900000441587
13955,0.008331500001077075
13956,0.009497999999439344
13957,0.008350000000064028
13958,0.007971500002895482
13959,0.009092700001929188
13960,0.008899399999791058
13961,0.009061999997356907
13962,0.00945769999816548
13963,0.009061600001587067
13964,0.008010300000023562
13965,0.006211799998709466
13966,0.0071809000000939704
13967,0.008993700001155958
13968,0.009094299999560462
13969,0.008197899998776847
13970,0.0077056000009179115
13971,0.006224099997780286
13972,0.007312800000363495
13973,0.007682499999646097
13974,0.007858799999667099
13975,0.0061789999999746215
13976,0.006169500000396511
13977,0.009771499997441424
13978,0.009342600002128165
13979,0.008304900002258364
13980,0.008617600000434322
13981,0.007688500001677312
13982,0.009159000001091044
13983,0.00992949999999837
13984,0.008315900002344279
13985,0.007802299998729723
13986,0.008927399998356123
13987,0.008756599996559089
13988,0.008524199998646509
13989,0.00851189999957569
13990,0.00906820000091102
13991,0.009337600000435486
13992,0.008567699998820899
13993,0.008933199998864438
13994,0.008496400001604343
13995,0.007143500002712244
13996,0.006250900001759874
13997,0.007515799999964656
13998,0.008518599999661092
13999,0.00909269999829121
14000,0.008938599999964936
14001,0.007073999997373903
14002,0.006188299998029834
14003,0.006763900000805734
14004,0.006261200000153622
14005,0.006192500000906875
14006,0.009233199998561759
14007,0.009281400001782458
14008,0.008519599999999627
14009,0.008631400000012945
14010,0.007678099998884136
14011,0.00844140000117477
14012,0.008976900000561727
14013,0.008299699999042787
14014,0.007658299997274298
14015,0.008206499998777872
14016,0.007666699999390403
14017,0.008450900000752881
14018,0.008210900003177812
14019,0.008759600001212675
14020,0.008156899999448797
14021,0.008201599997846643
14022,0.007682399998884648
14023,0.006949900001927745
14024,0.006197899998369394
14025,0.007544100000814069
14026,0.00899320000098669
14027,0.007728199998382479
14028,0.00619619999997667
14029,0.007002300000749528
14030,0.008522299998730887
14031,0.008777299997746013
14032,0.008508000002620975
14033,0.00882859999910579
14034,0.008530499999324093
14035,0.009064199999556877
14036,0.00880440000037197
14037,0.008607299998402596
14038,0.008519399998476729
14039,0.009212699998897733
14040,0.008463900001515867
14041,0.008188899999368005
14042,0.007691999999224208
14043,0.005985099996905774
14044,0.006369899998389883
14045,0.008432599999650847
14046,0.00858900000093854
14047,0.008249099999375176
14048,0.008319199998368276
14049,0.009085400000913069
14050,0.00930050000170013
14051,0.007654499997443054
14052,0.007869100001698826
14053,0.006200800002261531
14054,0.006908399998792447
14055,0.00899089999802527
14056,0.00934419999975944
14057,0.008948700000473764
14058,0.008846900000207825
14059,0.008794100001978222
14060,0.009282200000598095
14061,0.010316100000636652
14062,0.009427400000276975
14063,0.009352799999760464
14064,0.01087550000011106
14065,0.011888900000485592
14066,0.010503800000151386
14067,0.009280500002205372
14068,0.010046899998997105
14069,0.00839339999947697
14070,0.008686299999681069
14071,0.008369800001673866
14072,0.006515000000945292
14073,0.00830359999963548
14074,0.008973299998615403
14075,0.008169900000211783
14076,0.006584000002476387
14077,0.008300699999381322
14078,0.009674299999460345
14079,0.00840799999787123
14080,0.00956699999733246
14081,0.010460900000907714
14082,0.010487400002602953
14083,0.010482100002263905
14084,0.010688400001527043
14085,0.010255900000629481
14086,0.010151200000109384
14087,0.00971890000073472
14088,0.009748200001922669
14089,0.010565599997789832
14090,0.01040399999692454
14091,0.009365300000354182
14092,0.009209799998643575
14093,0.008816099998512072
14094,0.010042000001703855
14095,0.010903000002144836
14096,0.01012790000095265
14097,0.009923800000251504
14098,0.009860499998467276
14099,0.010037200001534075
14100,0.008534900000086054
14101,0.008980400001746602
14102,0.008295600000565173
14103,0.008912500001315493
14104,0.008679800001118565
14105,0.008518699996784562
14106,0.00807129999884637
14107,0.008429900000919588
14108,0.008055400001467206
14109,0.008931399999710266
14110,0.007837600001948886
14111,0.009654499997850507
14112,0.009641100001317682
14113,0.00866140000289306
14114,0.009049799999047536
14115,0.00863730000128271
14116,0.009662500000558794
14117,0.009927799997967668
14118,0.00906839999879594
14119,0.009488199997576885
14120,0.008989900001324713
14121,0.00923250000050757
14122,0.009466700001212303
14123,0.009050500000739703
14124,0.008729199998924742
14125,0.006234699998458382
14126,0.006160299999464769
14127,0.00906340000074124
14128,0.009159000001091044
14129,0.008195300000807038
14130,0.008705799999006558
14131,0.009011300000565825
14132,0.007810999999492196
14133,0.00626650000049267
14134,0.006650100000115344
14135,0.006338700000924291
14136,0.006168699997942895
14137,0.00822379999954137
14138,0.008970799997769063
14139,0.007591000001411885
14140,0.00630779999846709
14141,0.007418599998345599
14142,0.006227599998965161
14143,0.007036899998638546
14144,0.008955699999205535
14145,0.008524599998054327
14146,0.008197600000130478
14147,0.009159599998383783
14148,0.009679999999207212
14149,0.00940910000281292
14150,0.009493300000031013
14151,0.009029499997268431
14152,0.00828709999768762
14153,0.007680800001253374
14154,0.008974899999884656
14155,0.008495699999912176
14156,0.00848039999982575
14157,0.0076709000022674445
14158,0.008404799998970702
14159,0.008060100000875536
14160,0.007902499997726409
14161,0.0076652999996440485
14162,0.008082899999863002
14163,0.007821199997124495
14164,0.008055899997998495
14165,0.0076842000016768
14166,0.008813199998257915
14167,0.008539700000255834
14168,0.006945099998119986
14169,0.006177300001581898
14170,0.0077758000006724615
14171,0.008464800001092954
14172,0.009022899997944478
14173,0.008951100000558654
14174,0.009303300001192838
14175,0.009144499999820255
14176,0.008989999998448184
14177,0.009074100002180785
14178,0.008258199999545468
14179,0.007662399999389891
14180,0.008562999999412568
14181,0.007597700001497287
14182,0.006238000001758337
14183,0.007066499998472864
14184,0.008963500000390923
14185,0.009417599998414516
14186,0.008992699997179443
14187,0.009442799997486873
14188,0.009028799999214243
14189,0.007923200002551312
14190,0.007935699999507051
14191,0.007238100002723513
14192,0.006211800002347445
14193,0.008138099998177495
14194,0.008170700002665399
14195,0.008116600001812913
14196,0.007652100000996143
14197,0.00804739999875892
14198,0.007664400000066962
14199,0.008191199998691445
14200,0.008240300001489231
14201,0.008343000001332257
14202,0.006222099997103214
14203,0.007850599999073893
14204,0.007671600000321632
14205,0.009047899999131914
14206,0.007136199998058146
14207,0.007968300000356976
14208,0.007230700000945944
14209,0.008525699999154313
14210,0.009045300001162104
14211,0.009336699997220421
14212,0.008625800001027528
14213,0.008162199999787845
14214,0.008308000000397442
14215,0.006971899998461595
14216,0.005994200000714045
14217,0.009162999998807209
14218,0.009272900002542883
14219,0.009037299998453818
14220,0.007561800000985386
14221,0.008540399998310022
14222,0.008883400001650443
14223,0.008936799997172784
14224,0.009120599999732804
14225,0.008659799997985829
14226,0.008790600000793347
14227,0.008986100001493469
14228,0.008597599997301586
14229,0.008933600001910236
14230,0.008140000001731096
14231,0.008599299999332288
14232,0.008523000000423053
14233,0.00909479999972973
14234,0.008978099998785183
14235,0.007031500001176028
14236,0.006294400001934264
14237,0.007948200000100769
14238,0.008804199998849072
14239,0.009150399997452041
14240,0.008528499998647021
14241,0.007647700000234181
14242,0.007320900000195252
14243,0.008229300001403317
14244,0.00813170000037644
14245,0.007828800000424962
14246,0.007339799998590024
14247,0.007706799999141367
14248,0.007086400000844151
14249,0.008187200000975281
14250,0.008810000002995366
14251,0.009323499998572515
14252,0.009091500000067754
14253,0.008631500000774395
14254,0.008648999999422813
14255,0.00821150000047055
14256,0.00850920000084443
14257,0.008131399998092093
14258,0.008537100002286024
14259,0.00811009999961243
14260,0.008915399997931672
14261,0.008621200002380647
14262,0.009455600000364939
14263,0.008960499999375315
14264,0.008703200001036748
14265,0.008622500001365552
14266,0.006124800001998665
14267,0.005999699998938013
14268,0.0074674000024970155
14269,0.007322000001295237
14270,0.008867799999279669
14271,0.008689099999173777
14272,0.007049799998640083
14273,0.0060124999981781
14274,0.0075890000007348135
14275,0.008215099998778896
14276,0.009914499998558313
14277,0.007712899998296052
14278,0.007182700002886122
14279,0.006261200000153622
14280,0.007972600000357488
14281,0.008519799997884547
14282,0.007242199997563148
14283,0.006216000001586508
14284,0.006887300001835683
14285,0.008250999999290798
14286,0.008663100001285784
14287,0.009054699999978766
14288,0.009306200001446996
14289,0.008953299999120645
14290,0.009174999999231659
14291,0.009049600001162617
14292,0.008627000002888963
14293,0.008489399999234593
14294,0.006237800000235438
14295,0.006191600001329789
14296,0.007937399997899774
14297,0.008088600003247848
14298,0.009243000000424217
14299,0.009085599998797989
14300,0.00898340000276221
14301,0.008231399999203859
14302,0.00893999999971129
14303,0.00929790000009234
14304,0.008711299997230526
14305,0.008055900001636473
14306,0.007336900001973845
14307,0.007955799999763258
14308,0.007834000000002561
14309,0.008106700002826983
14310,0.007331100001465529
14311,0.008097000001725974
14312,0.007815100001607789
14313,0.007306600000447361
14314,0.006177600000228267
14315,0.0069512000009126496
14316,0.007697799999732524
14317,0.008165699997334741
14318,0.008526500001607928
14319,0.008565600001020357
14320,0.008240099999966333
14321,0.008205599999200786
14322,0.006215900000825059
14323,0.006332400000246707
14324,0.009109999999054708
14325,0.007806400000845315
14326,0.007759699998132419
14327,0.00779790000160574
14328,0.00911650000125519
14329,0.009000099998957012
14330,0.009003700000903336
14331,0.00885779999953229
14332,0.008500799998728326
14333,0.006999200002610451
14334,0.006237500001589069
14335,0.007784500001434935
14336,0.009021300000313204
14337,0.008417600001848768
14338,0.0076539000001503155
14339,0.009984600001189392
14340,0.008988899997348199
14341,0.00746169999911217
14342,0.006523799998831237
14343,0.007187600000179373
14344,0.005960500002402114
14345,0.0074830000012298115
14346,0.007698100002016872
14347,0.007692700000916375
14348,0.007668300000659656
14349,0.008643699999083765
14350,0.008977299999969546
14351,0.008366999998543179
14352,0.007743699999991804
14353,0.007410499998513842
14354,0.006184599998960039
14355,0.006970700000238139
14356,0.009093199998460477
14357,0.008781700002145953
14358,0.00880680000045686
14359,0.008674400000018068
14360,0.008167699998011813
14361,0.008417799999733688
14362,0.008140699999785284
14363,0.007902800000010757
14364,0.007331900000281166
14365,0.007738700001937104
14366,0.007387999998172745
14367,0.007928299997729482
14368,0.007357800001045689
14369,0.008181699999113334
14370,0.007696100001339801
14371,0.008225199999287724
14372,0.00769399999990128
14373,0.007650199997442542
14374,0.006194300000061048
14375,0.006826199998613447
14376,0.007709300003625685
14377,0.00795540000035544
14378,0.00623500000074273
14379,0.006198300001415191
14380,0.008445399998890935
14381,0.008880499997758307
14382,0.010040000001026783
14383,0.009285699998144992
14384,0.008223000000725733
14385,0.00947470000028261
14386,0.009128399997280212
14387,0.008851300000969786
14388,0.008551399998395937
14389,0.008641799999168143
14390,0.008906899998692097
14391,0.0065214000023843255
14392,0.006207900001754751
14393,0.008166000003257068
14394,0.007710500001849141
14395,0.008492600001773098
14396,0.007654799999727402
14397,0.009233200002199737
14398,0.009251600000425242
14399,0.008492699998896569
14400,0.00822889999835752
14401,0.008991099999548169
14402,0.010097599999426166
14403,0.009045300001162104
14404,0.009197799998219125
14405,0.00902209999912884
14406,0.009107199999561999
14407,0.009503199999016942
14408,0.008926300000894116
14409,0.008757899999181973
14410,0.008639400002721231
14411,0.008644100002129562
14412,0.00817060000190395
14413,0.008233900000050198
14414,0.008338699997693766
14415,0.007982400002219947
14416,0.00816570000097272
14417,0.008568100001866696
14418,0.008650600000692066
14419,0.007701500002440298
14420,0.008623899997473927
14421,0.00835930000175722
14422,0.009022999998705927
14423,0.008595399998739595
14424,0.00880200000028708
14425,0.008518799997546012
14426,0.008565699998143828
14427,0.008227400001487695
14428,0.007946699999592965
14429,0.0077642000032938085
14430,0.007886100000177976
14431,0.0071392999998352025
14432,0.006766499998775544
14433,0.006195000001753215
14434,0.007617100000061328
14435,0.0085456000015256
14436,0.009187199997541029
14437,0.00895709999895189
14438,0.00992489999771351
14439,0.009169100001599872
14440,0.007763400000840193
14441,0.00891340000089258
14442,0.00785629999882076
14443,0.007987000000866828
14444,0.006336200000077952
14445,0.006498400001873961
14446,0.007840399997803615
14447,0.007695300002524164
14448,0.008580700003221864
14449,0.0084102000000712
14450,0.006234000000404194
14451,0.006166900002426701
14452,0.006904399997438304
14453,0.006199600000400096
14454,0.0075290999993740115
14455,0.008958299997175345
14456,0.00912860000244109
14457,0.008977900000900263
14458,0.007972999999765307
14459,0.007707400000072084
14460,0.007387800000287825
14461,0.006187099999806378
14462,0.007327699997404125
14463,0.0077092999999877065
14464,0.009325999999418855
14465,0.007711400001426227
14466,0.009158899996691616
14467,0.009154300001682714
14468,0.009117500001593726
14469,0.009441900001547765
14470,0.008985100001154933
14471,0.009115000000747386
14472,0.008905599999707192
14473,0.009104199998546392
14474,0.00832020000234479
14475,0.00930010000229231
14476,0.008967100002337247
14477,0.008545299999241251
14478,0.008693300002050819
14479,0.00785370000085095
14480,0.008241100000304868
14481,0.008179299999028444
14482,0.00818749999962165
14483,0.007320500000787433
14484,0.006668499998340849
14485,0.0059392000002844725
14486,0.006098300000303425
14487,0.007018000000243774
14488,0.006237100002181251
14489,0.00715949999721488
14490,0.007734299997537164
14491,0.008299600001919316
14492,0.008543500000087079
14493,0.008056699996814132
14494,0.006231800001842203
14495,0.007000800000241725
14496,0.006275899999309331
14497,0.006239000002096873
14498,0.00934409999899799
14499,0.009158200002275407
14500,0.00902210000276682
14501,0.009221000000252388
14502,0.008283600000140723
14503,0.009127199999056756
14504,0.008981800001492957
14505,0.00907770000048913
14506,0.00883350000003702
14507,0.008336399998370325
14508,0.008491399999911664
14509,0.008304800001496915
14510,0.008476699997117976
14511,0.009147600001597311
14512,0.009180900000501424
14513,0.008477400002448121
14514,0.008300699999381322
14515,0.007627899998624343
14516,0.007291300000360934
14517,0.00733580000087386
14518,0.00812210000003688
14519,0.008565500000258908
14520,0.00896189999912167
14521,0.008610400000179652
14522,0.0070360000026994385
14523,0.006120999998529442
14524,0.008028700001887046
14525,0.009027399999467889
14526,0.007658099999389378
14527,0.0062825999993947335
14528,0.0078295999992406
14529,0.009039399999892339
14530,0.00786560000051395
14531,0.006315599999652477
14532,0.007227400001283968
14533,0.007702300001255935
14534,0.00792169999840553
14535,0.006198200000653742
14536,0.006174899997859029
14537,0.007862499998736894
14538,0.00771579999855021
14539,0.009602699999959441
14540,0.00939719999951194
14541,0.007305600000108825
14542,0.00617719999718247
14543,0.008464099999400787
14544,0.008383100001083221
14545,0.009170000001176959
14546,0.009047399998962646
14547,0.008535400000255322
14548,0.00869059999968158
14549,0.008501500000420492
14550,0.009149599998636404
14551,0.008991999999125255
14552,0.009244400000170572
14553,0.009457200001634192
14554,0.00819469999987632
14555,0.008455600000161212
14556,0.007318599997233832
14557,0.007054300000163494
14558,0.009033499998622574
14559,0.009262600000511156
14560,0.009048500000062631
14561,0.00807159999749274
14562,0.007649499999388354
14563,0.008374400000320747
14564,0.007915800000773743
14565,0.006768200000806246
14566,0.00593970000045374
14567,0.006728899999870919
14568,0.006261800001084339
14569,0.0061491000014939345
14570,0.008332000001246342
14571,0.008526099998562131
14572,0.00865929999781656
14573,0.008351300002686912
14574,0.007801599997037556
14575,0.0077664999989792705
14576,0.006299200002104044
14577,0.006177299997943919
14578,0.007974199997988762
14579,0.008971800001745578
14580,0.009247999998478917
14581,0.009255799999664305
14582,0.009000699999887729
14583,0.009113199997955235
14584,0.008759699998336146
14585,0.00814159999936237
14586,0.0073415000006207265
14587,0.008430500001850305
14588,0.006225199998880271
14589,0.006757800001651049
14590,0.006255199998122407
14591,0.006229300000995863
14592,0.009006899999803863
14593,0.008970599999884143
14594,0.009040699998877244
14595,0.008776000002399087
14596,0.006226099998457357
14597,0.00616489999811165
14598,0.007872899997892091
14599,0.007694100000662729
14600,0.006810900002164999
14601,0.006190000000060536
14602,0.00761919999786187
14603,0.007699599998886697
14604,0.008855000000039581
14605,0.00903180000022985
14606,0.009308799999416806
14607,0.009406599998328602
14608,0.007391099999949802
14609,0.007509899998694891
14610,0.007540599999629194
14611,0.007215300000098068
14612,0.008240499999374151
14613,0.007834700001694728
14614,0.008259599999291822
14615,0.0076093999996373896
14616,0.012372199998935685
14617,0.008335599999554688
14618,0.00630760000058217
14619,0.007842700000765035
14620,0.007761700002447469
14621,0.008623499998066109
14622,0.00903920000200742
14623,0.009124100000917679
14624,0.009067899998626672
14625,0.008940899999288376
14626,0.009075399997527711
14627,0.007395000000542495
14628,0.0074320999992778525
14629,0.008053199999267235
14630,0.007764499998302199
14631,0.008709199999429984
14632,0.009153799997875467
14633,0.00861820000136504
14634,0.008826999997836538
14635,0.007873300000937888
14636,0.0076192000014998484
14637,0.006118000001151813
14638,0.006513899999845307
14639,0.00832309999896097
14640,0.008568000001105247
14641,0.008217700000386685
14642,0.008868100001564017
14643,0.007669900001928909
14644,0.008284700001240708
14645,0.007752699999400647
14646,0.008193199999368517
14647,0.008931000000302447
14648,0.00855769999907352
14649,0.0073435999984212685
14650,0.009174800001346739
14651,0.00857249999899068
14652,0.008503900000505382
14653,0.00823110000055749
14654,0.007909899999503978
14655,0.007494800000131363
14656,0.008334500002092682
14657,0.0076665999986289535
14658,0.009127299999818206
14659,0.0093127000000095
14660,0.008255799999460578
14661,0.008702099999936763
14662,0.008931400003348244
14663,0.008497999999235617
14664,0.008713200000784127
14665,0.008937200000218581
14666,0.008642099997814512
14667,0.007692800001677824
14668,0.007344100002228515
14669,0.0076330000010784715
14670,0.0059542999988480005
14671,0.007332100001804065
14672,0.008585300001868745
14673,0.007844600000680657
14674,0.005937500001891749
14675,0.006218899998202687
14676,0.009451800000533694
14677,0.00835670000014943
14678,0.009031699999468401
14679,0.008997400000225753
14680,0.008532600000762613
14681,0.00818269999945187
14682,0.007678000001760665
14683,0.007181700002547586
14684,0.006225699999049539
14685,0.006756800001312513
14686,0.009008699998958036
14687,0.00934409999899799
14688,0.008927400001994101
14689,0.008156600000802428
14690,0.007700900001509581
14691,0.008911300003092038
14692,0.00894469999911962
14693,0.008074500001384877
14694,0.007329000000027008
14695,0.008406600001762854
14696,0.008164400001987815
14697,0.008591000001615612
14698,0.008158900000125868
14699,0.0075013000023318455
14700,0.0068191999998816755
14701,0.007687900000746595
14702,0.007660499999474268
14703,0.00907270000243443
14704,0.009520800002064789
14705,0.008634699999674922
14706,0.008317899999383371
14707,0.006234500000573462
14708,0.00619379999989178
14709,0.007804199998645345
14710,0.00765769999998156
14711,0.008041799999773502
14712,0.007692999999562744
14713,0.00815629999851808
14714,0.006223699998372467
14715,0.0077264999999897555
14716,0.007711300000664778
14717,0.007384000000456581
14718,0.00622750000184169
14719,0.006677100001979852
14720,0.007741099998384016
14721,0.00799149999875226
14722,0.006228700000065146
14723,0.006171700002596481
14724,0.007482299999537645
14725,0.007682800001930445
14726,0.008347799997864058
14727,0.0076955000004090834
14728,0.008506400001351722
14729,0.00719319999916479
14730,0.008266400000138674
14731,0.008998400000564288
14732,0.009196800001518568
14733,0.009314200000517303
14734,0.00905639999837149
14735,0.009475800001382595
14736,0.009376500001962995
14737,0.009421899998415029
14738,0.009257699999579927
14739,0.008317200001329184
14740,0.008337999999639578
14741,0.00856009999915841
14742,0.008804799999779789
14743,0.008989099998871097
14744,0.008667699999932665
14745,0.00766730000032112
14746,0.008485700000164798
14747,0.007712299997365335
14748,0.008050200001889607
14749,0.007710400001087692
14750,0.00898339999912423
14751,0.009006400003272574
14752,0.011376999998901738
14753,0.010112100000696955
14754,0.008443200000328943
14755,0.008549999998649582
14756,0.007700999998633051
14757,0.006872800000564894
14758,0.0062189999989641365
14759,0.006817199999204604
14760,0.006199799998285016
14761,0.006420000001526205
14762,0.008567000000766711
14763,0.00865699999849312
14764,0.00973379999777535
14765,0.009684700002253521
14766,0.008336300001246855
14767,0.008126799999445211
14768,0.006192400000145426
14769,0.0068538999985321425
14770,0.008197600000130478
14771,0.00850669999999809
14772,0.008991999999125255
14773,0.009737500000483124
14774,0.008146000000124332
14775,0.0093075000004319
14776,0.00851189999957569
14777,0.008782200002315221
14778,0.008411800001340453
14779,0.009104900000238558
14780,0.009069599997019395
14781,0.00850669999999809
14782,0.008253399999375688
14783,0.00767430000269087
14784,0.0074357999983476475
14785,0.0061997000011615455
14786,0.0064497999992454425
14787,0.009035999999468913
14788,0.008522899999661604
14789,0.00620119999803137
14790,0.006179700001666788
14791,0.00918190000083996
14792,0.009329299999080831
14793,0.009287800003221491
14794,0.008842399998684414
14795,0.008299399996758439
14796,0.009094100001675542
14797,0.008948400001827395
14798,0.008821899999020388
14799,0.009071799999219365
14800,0.009055099999386584
14801,0.007741800000076182
14802,0.006250200000067707
14803,0.006177900002512615
14804,0.00701169999956619
14805,0.006253200001083314
14806,0.007317199997487478
14807,0.007693399998970563
14808,0.008307800002512522
14809,0.007720399997197092
14810,0.008302000002004206
14811,0.008228099999541882
14812,0.0090027000005648
14813,0.009008799999719486
14814,0.00836449999769684
14815,0.00765039999896544
14816,0.009124700001848396
14817,0.00795540000035544
14818,0.00934899999992922
14819,0.009337100000266219
14820,0.008999000001495006
14821,0.008933599998272257
14822,0.007688400000915863
14823,0.008329700001922902
14824,0.008188600000721635
14825,0.008299799999804236
14826,0.00766010000006645
14827,0.008459500000753906
14828,0.008201699998608092
14829,0.009180199998809258
14830,0.008956699999544071
14831,0.008823500000289641
14832,0.008813600001303712
14833,0.007377599999017548
14834,0.007822899999155197
14835,0.009224699999322183
14836,0.008756799998081988
14837,0.007380099999863887
14838,0.008070200001384364
14839,0.007373699998424854
14840,0.008108199999696808
14841,0.007850400001188973
14842,0.008389700000407174
14843,0.0073415000006207265
14844,0.007830300000932766
14845,0.008572799997637048
14846,0.00862559999950463
14847,0.008562000002712011
14848,0.008353200002602534
14849,0.007361900003161281
14850,0.008345500002178596
14851,0.008331900000484893
14852,0.008186499999283114
14853,0.007697400000324706
14854,0.008466100000077859
14855,0.00820949999979348
14856,0.0074034999997820705
14857,0.0061814000000595115
14858,0.0073472999974910636
14859,0.008207899998524226
14860,0.008731699999771081
14861,0.008207700000639306
14862,0.007957199999509612
14863,0.007682299998123199
14864,0.00871480000205338
14865,0.008181000001059147
14866,0.008416900000156602
14867,0.00817760000063572
14868,0.007219999999506399
14869,0.006214400000317255
14870,0.007789200000843266
14871,0.008200499996746657
14872,0.008645500001875916
14873,0.008223100001487182
14874,0.008394500000576954
14875,0.007679800000914838
14876,0.008346499998879153
14877,0.007735599996522069
14878,0.007444800001394469
14879,0.006231299998034956
14880,0.007047899998724461
14881,0.008213999997678911
14882,0.008864000003086403
14883,0.008216199999878881
14884,0.008615499998995801
14885,0.008197999999538297
14886,0.008259100002760533
14887,0.008308700002089608
14888,0.007497099999454804
14889,0.006283799997618189
14890,0.007289599998330232
14891,0.00908500000150525
14892,0.009446600000956096
14893,0.008971999999630498
14894,0.007789100000081817
14895,0.007736399998975685
14896,0.007297200001630699
14897,0.006226500001503155
14898,0.007932199998322176
14899,0.008336200000485405
14900,0.008997799999633571
14901,0.009000800000649178
14902,0.008764999998675194
14903,0.007963500000187196
14904,0.007971500002895482
14905,0.007657400001335191
14906,0.008150300000124844
14907,0.0068932000031054486
14908,0.008018799999263138
14909,0.007665400000405498
14910,0.009349200001452118
14911,0.006722699999954784
14912,0.009096300000237534
14913,0.009478500000113854
14914,0.007747499999823049
14915,0.007577799999126
14916,0.008604599999671336
14917,0.0088264000005438
14918,0.00901970000268193
14919,0.008987400000478374
14920,0.008580099998653168
14921,0.008673599997564452
14922,0.00811500000054366
14923,0.006620299998758128
14924,0.0059188000013818964
14925,0.00731640000230982
14926,0.008980700000392972
14927,0.008639200001198333
14928,0.007678000001760665
14929,0.008830899998429231
14930,0.008539300000848016
14931,0.00915539999914472
14932,0.008556099997804267
14933,0.007948499998747138
14934,0.007839699999749428
14935,0.008336199996847427
14936,0.007891799999924842
14937,0.007018399999651592
14938,0.006091999999625841
14939,0.007527199999458389
14940,0.00768170000083046
14941,0.008689700000104494
14942,0.008214900000893977
14943,0.008794299999863142
14944,0.008427799999481067
14945,0.008841800001391675
14946,0.009000699999887729
14947,0.008620199998404132
14948,0.00850449999779812
14949,0.007331199998589
14950,0.0076676999997289386
14951,0.007348299997829599
14952,0.007412999999360181
14953,0.007549700003437465
14954,0.0066796000028261915
14955,0.0074010999996971805
14956,0.007311099998332793
14957,0.007713599999988219
14958,0.007571499998448417
14959,0.008740399996895576
14960,0.008517400001437636
14961,0.010310000001481967
14962,0.00939970000035828
14963,0.006644000000960659
14964,0.00626410000040778
14965,0.009117000001424458
14966,0.009141300000919728
14967,0.009071399999811547
14968,0.009468300002481556
14969,0.009150099998805672
14970,0.008103399999527028
14971,0.005979400000796886
14972,0.007564700001239544
14973,0.00825260000056005
14974,0.008870199999364559
14975,0.008269099998869933
14976,0.007916200000181561
14977,0.008179199998266995
14978,0.009178799999062903
14979,0.00889380000080564
14980,0.006919099996594014
14981,0.00613109999903827
14982,0.007439699998940341
14983,0.0062242999993031844
14984,0.007467999999789754
14985,0.0076869999975315295
14986,0.007915300000604475
14987,0.007709000001341337
14988,0.00807870000062394
14989,0.008532299998478265
14990,0.008979800000815885
14991,0.00849979999838979
14992,0.009228800001437776
14993,0.008572599999752128
14994,0.00898840000081691
14995,0.009352799999760464
14996,0.007698500001424691
14997,0.00770340000235592
14998,0.00789230000009411
14999,0.00804259999858914
15000,0.008527199999662116
15001,0.008370300001843134
15002,0.007727399999566842
15003,0.008126499997160863
15004,0.007702700000663754
15005,0.007971500002895482
15006,0.0076819999994768295
15007,0.008444900002359645
15008,0.009127199999056756
15009,0.00931499999933294
15010,0.00889140000072075
15011,0.007840499998565065
15012,0.007345000001805602
15013,0.008541299997887108
15014,0.008157500000379514
15015,0.00801339999816264
15016,0.007327600000280654
15017,0.007692200000747107
15018,0.0073484000022290275
15019,0.008063799999945331
15020,0.007676799999899231
15021,0.008525100001861574
15022,0.008171800000127405
15023,0.009869299999991199
15024,0.009375700003147358
15025,0.009125100001256214
15026,0.009566800003085518
15027,0.006786499998270301
15028,0.007216599999082973
15029,0.009064699999726145
15030,0.009158299999398878
15031,0.009063999998033978
15032,0.008261200000561075
15033,0.00739409999732743
15034,0.008558399997127708
15035,0.009036299998115283
15036,0.006849100002000341
15037,0.0061956999998074025
15038,0.006893500001751818
15039,0.006189499999891268
15040,0.006967099998291815
15041,0.00827710000157822
15042,0.00880709999910323
15043,0.008984500000224216
15044,0.008787999999185558
15045,0.008157600001140963
15046,0.008311999998113606
15047,0.007709800000156974
15048,0.0074064000000362284
15049,0.006200299998454284
15050,0.0069785000014235266
15051,0.007671300001675263
15052,0.00784909999856609
15053,0.007681400002184091
15054,0.008107000001473352
15055,0.007715299998380942
15056,0.008167799998773262
15057,0.007720300000073621
15058,0.00815599999987171
15059,0.007691700000577839
15060,0.008019699998840224
15061,0.007758200001262594
15062,0.006808000001910841
15063,0.007985100000951206
15064,0.0077965000018593855
15065,0.00915030000032857
15066,0.009050000000570435
15067,0.008222899999964284
15068,0.008040700002311496
15069,0.007692000002862187
15070,0.007721499998297077
15071,0.006213900000147987
15072,0.0061810999977751635
15073,0.007953899999847636
15074,0.007679099999222672
15075,0.008471799999824725
15076,0.008322500001668232
15077,0.00824809999903664
15078,0.008243899999797577
15079,0.007743800000753254
15080,0.008048900002904702
15081,0.008975700002338272
15082,0.008984899999632034
15083,0.008972300001914846
15084,0.008914400001231115
15085,0.0081363000026613
15086,0.008363600001757732
15087,0.00934179999967455
15088,0.00898120000056224
15089,0.00810769999952754
15090,0.008663900000101421
15091,0.008753000001888722
15092,0.008660100000270177
15093,0.008825000000797445
15094,0.008962100000644568
15095,0.008205099999031518
15096,0.008196499999030493
15097,0.00917699999990873
15098,0.006451000001106877
15099,0.00852130000203033
15100,0.009085800000320887
15101,0.007629899999301415
15102,0.00592049999977462
15103,0.008087099999102065
15104,0.008495800000673626
15105,0.009048599997186102
15106,0.008833899999444839
15107,0.006461699998908443
15108,0.006192500000906875
15109,0.008301500001834938
15110,0.008517800000845455
15111,0.00914320000083535
15112,0.00836179999896558
15113,0.00880210000104853
15114,0.007434399998601293
15115,0.008293499999126652
15116,0.008288000000902684
15117,0.0062173999976948835
15118,0.006176299997605383
15119,0.007653600001503946
15120,0.007675099997868529
15121,0.008056599999690661
15122,0.007667199999559671
15123,0.008994100000563776
15124,0.00853090000236989
15125,0.008462099998723716
15126,0.007759099997201702
15127,0.008661800002300879
15128,0.008582599999499507
15129,0.009206900002027396
15130,0.009205700000165962
15131,0.009050600001501152
15132,0.008426500000496162
15133,0.007646699999895645
15134,0.008309299999382347
15135,0.0077162000015960075
15136,0.007267900000442751
15137,0.006241999999474501
15138,0.006961600000067847
15139,0.0062673000029462855
15140,0.006181000000651693
15141,0.008493999997881474
15142,0.008534399999916786
15143,0.008572800001275027
15144,0.00944080000044778
15145,0.00950850000299397
15146,0.009087200000067241
15147,0.007917400002042996
15148,0.00833509999938542
15149,0.008051400000113063
15150,0.007948699996632058
15151,0.007641399999556597
15152,0.008517100002791267
15153,0.008176600000297185
15154,0.00867870000001858
15155,0.008656599999085302
15156,0.009070899999642279
15157,0.009110300001339056
15158,0.008505499998136656
15159,0.008940700001403457
15160,0.00898129999768571
15161,0.007548499997938052
15162,0.006168900003103772
15163,0.007368000002315966
15164,0.00895680000030552
15165,0.00917959999787854
15166,0.008911400000215508
15167,0.008402300001762342
15168,0.008213400000386173
15169,0.008585399998992216
15170,0.008300999998027692
15171,0.00850170000194339
15172,0.008494400000927271
15173,0.007749899999907939
15174,0.008006600000953767
15175,0.007723699996859068
15176,0.008087099999102065
15177,0.006214500001078704
15178,0.006177299997943919
15179,0.007950700000947108
15180,0.00817309999911231
15181,0.008188100000552367
15182,0.007677400000829948
15183,0.008538299996871501
15184,0.00819249999767635
15185,0.00813679999919259
15186,0.00765769999998156
15187,0.007808700000168756
15188,0.007653600001503946
15189,0.008379599999898346
15190,0.00817079999978887
15191,0.007973600000696024
15192,0.007659799997782102
15193,0.0069968000025255606
15194,0.006163599999126745
15195,0.0073215999982494395
15196,0.007671600000321632
15197,0.008179899999959162
15198,0.0076485999998112675
15199,0.008088099999440601
15200,0.007694500000070548
15201,0.007801899999321904
15202,0.006214799999725074
15203,0.0061887999981991015
15204,0.009461699999519624
15205,0.007915300000604475
15206,0.0063975999983085785
15207,0.006226700003026053
15208,0.008841400001983857
15209,0.009091099997021956
15210,0.007493899996916298
15211,0.006236699999135453
15212,0.00988869999855524
15213,0.009965400000510272
15214,0.00925920000008773
15215,0.009901599998556776
15216,0.010306799998943461
15217,0.010102399999595946
15218,0.011079699997935677
15219,0.009938600000168663
15220,0.011037899999791989
15221,0.010412999999971362
15222,0.009009599998535123
15223,0.010912599998846417
15224,0.01099429999885615
15225,0.008174899998266483
15226,0.008240999999543419
15227,0.006588600001123268
15228,0.0086689000017941
15229,0.006572099999175407
15230,0.008125500000460306
15231,0.008036700000957353
15232,0.009768299998540897
15233,0.009719300000142539
15234,0.009185300001263386
15235,0.009566000000631902
15236,0.006574399998498848
15237,0.008325099999638041
15238,0.009469200002058642
15239,0.009210699998220662
15240,0.006784400000469759
15241,0.00914819999889005
15242,0.00964370000292547
15243,0.009471299999859184
15244,0.009412299998075468
15245,0.006565899999259273
15246,0.007676500001252862
15247,0.0066197000014653895
15248,0.006529300000693183
15249,0.010238399998343084
15250,0.01002610000068671
15251,0.008679399998072768
15252,0.009583899998688139
15253,0.008998799999972107
15254,0.010203800000454066
15255,0.009371299998747418
15256,0.0065821000025607646
15257,0.008683700001711259
15258,0.009991599999921164
15259,0.010367200000473531
15260,0.010443800001667114
15261,0.008735300001717405
15262,0.00902940000014496
15263,0.006577400003152434
15264,0.00796759999866481
15265,0.00809819999994943
15266,0.009686900000815513
15267,0.00862579999738955
15268,0.010145200001716148
15269,0.0103503999998793
15270,0.00813650000054622
15271,0.009571099999448052
15272,0.008410599999479018
15273,0.008504100002028281
15274,0.00623260000065784
15275,0.008258300000306917
15276,0.008998999997857027
15277,0.009037600000738166
15278,0.007706799999141367
15279,0.00934870000128285
15280,0.008981499999208609
15281,0.006852200000139419
15282,0.006193000001076143
15283,0.009391999999934342
15284,0.009283299998060102
15285,0.007971700000780402
15286,0.008343399997102097
15287,0.008369900002435315
15288,0.009401499999512453
15289,0.008985600001324201
15290,0.009454699997149874
15291,0.008000699999684002
15292,0.009364699999423465
15293,0.008754300000873627
15294,0.008005399999092333
15295,0.008716800002730452
15296,0.008508499999152264
15297,0.008839000001898967
15298,0.006221799998456845
15299,0.006997599997703219
15300,0.007786000001942739
15301,0.008497899998474168
15302,0.008571999998821411
15303,0.009164700000837911
15304,0.008498999999574153
15305,0.008941100000811275
15306,0.008491000000503846
15307,0.00888910000139731
15308,0.007902599998487858
15309,0.008776599999691825
15310,0.007826499997463543
15311,0.007058399998641107
15312,0.006172600002173567
15313,0.0104786999982025
15314,0.010438000001158798
15315,0.00979640000150539
15316,0.009659100000135368
15317,0.007792399999743793
15318,0.009673900000052527
15319,0.009378100003232248
15320,0.006441800000175135
15321,0.00619130000268342
15322,0.00948670000070706
15323,0.009773999998287763
15324,0.00858169999992242
15325,0.009321800000179792
15326,0.009049600001162617
15327,0.010421099999803118
15328,0.009727000000566477
15329,0.0063473000009253155
15330,0.006212200001755264
15331,0.009504899997409666
15332,0.009369499999593245
15333,0.008738499996979954
15334,0.009523799999442417
15335,0.008407400000578491
15336,0.009812599997530924
15337,0.009023900001920993
15338,0.00991749999957392
15339,0.00948959999732324
15340,0.00900030000047991
15341,0.00912149999930989
15342,0.00772059999871999
15343,0.008389799997530645
15344,0.007690399997954955
15345,0.00928589999966789
15346,0.008303200000227662
15347,0.009948599999916041
15348,0.010282399998686742
15349,0.009088500002690125
15350,0.009771199998795055
15351,0.007478300001821481
15352,0.007513900000049034
15353,0.0062226999980339315
15354,0.008392099996854085
15355,0.008546099998056889
15356,0.010167500000534346
15357,0.009460599998419639
15358,0.00861579999764217
15359,0.008931500000471715
15360,0.00769149999905494
15361,0.009020000001328299
15362,0.007713099999818951
15363,0.008630700001958758
15364,0.00622769999972661
15365,0.0069794999981240835
15366,0.006288399999903049
15367,0.00616979999904288
15368,0.009857799999736017
15369,0.010257200003252365
15370,0.009457099997234764
15371,0.009252699997887248
15372,0.009062799999810522
15373,0.007108500001777429
15374,0.006165200000395998
15375,0.007369800001470139
15376,0.007719500001257984
15377,0.008392300002014963
15378,0.008996200002002297
15379,0.008507400001690257
15380,0.007676400000491412
15381,0.008557000001019333
15382,0.00851689999763039
15383,0.008723999999347143
15384,0.008752900001127273
15385,0.00860370000009425
15386,0.007550500002253102
15387,0.006343400000332622
15388,0.006255399999645306
15389,0.008761500001128297
15390,0.008413999999902444
15391,0.00877559999935329
15392,0.008776200000284007
15393,0.008275000000139698
15394,0.008803299999271985
15395,0.008997299999464303
15396,0.00930280000102357
15397,0.008868500000971835
15398,0.0077521999992313795
15399,0.0077133000013418496
15400,0.008083299999270821
15401,0.007683100000576815
15402,0.007369200000539422
15403,0.006189699997776188
15404,0.007167600000684615
15405,0.007680000002437737
15406,0.00786819999848376
15407,0.006260699999984354
15408,0.006200399999215733
15409,0.008000800000445452
15410,0.007663700002012774
15411,0.008087900001555681
15412,0.007091600000421749
15413,0.007833499999833293
15414,0.007702200000494486
15415,0.008123700001306133
15416,0.007662399999389891
15417,0.008877300002495758
15418,0.008515200002875645
15419,0.00875359999918146
15420,0.008189100000890903
15421,0.006307800002105068
15422,0.006169000000227243
15423,0.007703900002525188
15424,0.007660399998712819
15425,0.007475599999452243
15426,0.0062067999970167875
15427,0.007245199998578755
15428,0.008423100000072736
15429,0.008893500002159271
15430,0.009599000000889646
15431,0.009911199998896336
15432,0.009337599996797508
15433,0.006280099998548394
15434,0.006162500001664739
15435,0.007746799998130882
15436,0.008201999997254461
15437,0.009252600000763778
15438,0.009010800000396557
15439,0.009238399998139357
15440,0.008759700001974124
15441,0.008531700001185527
15442,0.008991200000309618
15443,0.00894469999911962
15444,0.009399999999004649
15445,0.009000800000649178
15446,0.00666310000087833
15447,0.006194599998707417
15448,0.008333899997523986
15449,0.007697699998971075
15450,0.008438999997451901
15451,0.007709800000156974
15452,0.008448699998552911
15453,0.007726700001512654
15454,0.008409799997025402
15455,0.00820430000021588
15456,0.009143999999650987
15457,0.009029199998622062
15458,0.009087200000067241
15459,0.009066499998880317
15460,0.007724700000835583
15461,0.008348300001671305
15462,0.008203100001992425
15463,0.00887460000012652
15464,0.009015800002089236
15465,0.00920860000042012
15466,0.0085505999995803
15467,0.009436799999093637
15468,0.00916030000007595
15469,0.008222699998441385
15470,0.008649800001876429
15471,0.007673500000237254
15472,0.008367900001758244
15473,0.008488299998134607
15474,0.008336599999893224
15475,0.0076865000010002404
15476,0.008658499999000924
15477,0.008609900000010384
15478,0.008850399997754721
15479,0.00868810000247322
15480,0.008866899999702582
15481,0.009045499999047024
15482,0.0073798999983409885
15483,0.007437799999024719
15484,0.009285500000260072
15485,0.008828499998344341
15486,0.008668599999509752
15487,0.007350099996983772
15488,0.00791670000035083
15489,0.008200399999623187
15490,0.007455899998603854
15491,0.006540599999425467
15492,0.006236900000658352
15493,0.006203000000823522
15494,0.007841200000257231
15495,0.007677900000999216
15496,0.007699499998125248
15497,0.00769149999905494
15498,0.008341000000655185
15499,0.008202599998185178
15500,0.008475200000248151
15501,0.008222399999795016
15502,0.008542799998394912
15503,0.008383100001083221
15504,0.006429900000512134
15505,0.0061736999996355735
15506,0.007566299998870818
15507,0.007703499999479391
15508,0.009662100001150975
15509,0.009018000000651227
15510,0.009107199999561999
15511,0.008846000000630738
15512,0.0062650999971083365
15513,0.006211799998709466
15514,0.007111800001439406
15515,0.006213700002263067
15516,0.007356000001891516
15517,0.009011000001919456
15518,0.008135299998684786
15519,0.0085213999991538
15520,0.008875200001057237
15521,0.008506799997121561
15522,0.009486499999184161
15523,0.008969599999545608
15524,0.006199499999638647
15525,0.006169399999635061
15526,0.008402300001762342
15527,0.009010900001158006
15528,0.009084599998459453
15529,0.009100399998715147
15530,0.008993899999040877
15531,0.007371600000624312
15532,0.007721699999819975
15533,0.008217599999625236
15534,0.00853360000110115
15535,0.008454400001937756
15536,0.00899530000242521
15537,0.008936500002164394
15538,0.008560799997212598
15539,0.008148000000801403
15540,0.007697000000916887
15541,0.00884079999741516
15542,0.008215800000471063
15543,0.009383399999933317
15544,0.008085299999947893
15545,0.006269999998039566
15546,0.006236199998966185
15547,0.008487099999911152
15548,0.008282900002086535
15549,0.00933199999781209
15550,0.009414500000275439
15551,0.008975200002169004
15552,0.008031699999264674
15553,0.006200799998623552
15554,0.006445800001529278
15555,0.009061200002179248
15556,0.007901999997557141
15557,0.006202599997777725
15558,0.0061447999978554435
15559,0.006990900001255795
15560,0.006220200000825571
15561,0.007685999997192994
15562,0.008554799998819362
15563,0.008664600001793588
15564,0.007745899998553796
15565,0.007000300000072457
15566,0.00620129999879282
15567,0.0066780000015569385
15568,0.008612499997980194
15569,0.008816800000204239
15570,0.007732099998975173
15571,0.009041299999807961
15572,0.009227099999407073
15573,0.009347200000775047
15574,0.009345599999505794
15575,0.007909600000857608
15576,0.007429699999192962
15577,0.009161400001175934
15578,0.008515299999999115
15579,0.0062136999986250885
15580,0.00617680000141263
15581,0.007246999997732928
15582,0.006520299997646362
15583,0.008474600002955412
15584,0.009579900000971975
15585,0.007540899998275563
15586,0.006475899997894885
15587,0.008221100000810111
15588,0.008634300000267103
15589,0.009918300002027536
15590,0.009571500002493849
15591,0.007918499999505002
15592,0.006759799998690141
15593,0.0095231999985117
15594,0.009505099998932565
15595,0.009030699999129865
15596,0.007777599999826634
15597,0.006219999999302672
15598,0.007530299997597467
15599,0.009016900003189221
15600,0.007063400000333786
15601,0.006564800001797266
15602,0.00769399999990128
15603,0.009991799997806083
15604,0.010403800002677599
15605,0.00991960000101244
15606,0.00955660000181524
15607,0.009574299998348579
15608,0.009191199998895172
15609,0.008225900000979891
15610,0.00820190000013099
15611,0.008517399997799657
15612,0.008176299998012837
15613,0.009272699997382006
15614,0.009408800000528572
15615,0.0077635999987251125
15616,0.008162800000718562
15617,0.009090399998967769
15618,0.009360299998661503
15619,0.009033099999214755
15620,0.009323300000687595
15621,0.009001499998703366
15622,0.009260400001949165
15623,0.008092600000964012
15624,0.009011699999973644
15625,0.009201600001688348
15626,0.009019000000989763
15627,0.009025200000905897
15628,0.008560500002204208
15629,0.009110700000746874
15630,0.008766400002059527
15631,0.009767800002009608
15632,0.009311999998317333
15633,0.009093399999983376
15634,0.008820799997920403
15635,0.008214699999371078
15636,0.008525599998392863
15637,0.007637499998963904
15638,0.00798170000052778
15639,0.007703199997195043
15640,0.009180000000924338
15641,0.009383000000525499
15642,0.009035600000061095
15643,0.009021399997436674
15644,0.008956300000136252
15645,0.007948999998916406
15646,0.0062152999998943415
15647,0.007161000001360662
15648,0.009004199997434625
15649,0.009379999999509891
15650,0.00897649999751593
15651,0.009175700000923825
15652,0.008930500000133179
15653,0.007910799999081064
15654,0.007622600001923274
15655,0.006430100002035033
15656,0.005919500003074063
15657,0.008160400000633672
15658,0.009450800000195159
15659,0.006775200003175996
15660,0.006275300002016593
15661,0.009274299998651259
15662,0.009084699999220902
15663,0.008039100001042243
15664,0.007693399998970563
15665,0.008864299998094793
15666,0.008868500000971835
15667,0.008983700001408579
15668,0.009021800000482472
15669,0.008986600001662737
15670,0.009136600001511397
15671,0.008978100002423162
15672,0.008075800000369782
15673,0.007820399998308858
15674,0.007770299998810515
15675,0.007429799999954412
15676,0.007147799999074778
15677,0.006118400000559632
15678,0.007309699998586439
15679,0.0076832999984617345
15680,0.008230500003264751
15681,0.007662600000912789
15682,0.008110999999189517
15683,0.007714999999734573
15684,0.008396400000492577
15685,0.008508599999913713
15686,0.008962799998698756
15687,0.0077039999996486586
15688,0.008409699999901932
15689,0.008218500002840301
15690,0.00922540000101435
15691,0.008550899998226669
15692,0.010370799998781877
15693,0.009234400000423193
15694,0.008658800001285272
15695,0.008892600002582185
15696,0.007890600001701387
15697,0.008118599998852005
15698,0.00853579999966314
15699,0.007670099999813829
15700,0.005971500002488028
15701,0.00757520000115619
15702,0.008921900000132155
15703,0.009083200002351077
15704,0.008542399998987094
15705,0.008116100001643645
15706,0.0077052999986335635
15707,0.008021299996471498
15708,0.0076812000006611925
15709,0.007426299998769537
15710,0.006203800003277138
15711,0.007366800000454532
15712,0.00851209999746061
15713,0.0086617999986629
15714,0.00847079999948619
15715,0.008573600000090664
15716,0.008365900001081172
15717,0.007194900001195492
15718,0.006279100001847837
15719,0.007832399998733308
15720,0.007715300002018921
15721,0.00790670000060345
15722,0.007685100001253886
15723,0.008458200001769
15724,0.009065099999133963
15725,0.009265000000596046
15726,0.009016300002258504
15727,0.008740299999772105
15728,0.007997200002137106
15729,0.00787050000144518
15730,0.007823099997040117
15731,0.0079068000013649
15732,0.007946899997477885
15733,0.006329600000753999
15734,0.006166899998788722
15735,0.006855600000562845
15736,0.006224900000233902
15737,0.0070674999988113996
15738,0.008996900000056485
15739,0.008236900001065806
15740,0.006208099999639671
15741,0.006505699999252101
15742,0.008578600001783343
15743,0.008604399998148438
15744,0.008464000002277317
15745,0.008526500001607928
15746,0.00896909999937634
15747,0.009123199997702613
15748,0.008926600003178464
15749,0.007295200000953628
15750,0.006212600001163082
15751,0.0067044999996142
15752,0.0062127000019245315
15753,0.006192099997861078
15754,0.008352999997441657
15755,0.008566199998313095
15756,0.009289199999329867
15757,0.008763800000451738
15758,0.008559400001104223
15759,0.00944339999841759
15760,0.009083099997951649
15761,0.009199399999488378
15762,0.009185300001263386
15763,0.00921830000152113
15764,0.009675900000729598
15765,0.009477899999183137
15766,0.009460400000534719
15767,0.009203300000081072
15768,0.009045300001162104
15769,0.0074230999998690095
15770,0.00907050000023446
15771,0.009465399998589419
15772,0.009479199998168042
15773,0.010410300001240103
15774,0.009820299997954862
15775,0.009548899997753324
15776,0.009557699999277247
15777,0.009101200001168763
15778,0.009258699999918463
15779,0.00916249999863794
15780,0.00901490000251215
15781,0.00906580000082613
15782,0.008121299997583264
15783,0.00946509999994305
15784,0.009432299997570226
15785,0.009679999999207212
15786,0.009557200002745958
15787,0.009916599999996834
15788,0.010653400000592228
15789,0.009551099999953294
15790,0.010087200000270968
15791,0.009773800000402844
15792,0.008979300000646617
15793,0.008006500000192318
15794,0.007238700000016252
15795,0.007722000002104323
15796,0.006978800000069896
15797,0.007826199998817174
15798,0.007063199998810887
15799,0.0088603999975021
15800,0.009960600000340492
15801,0.010346099999878788
15802,0.010085699999763165
15803,0.009920899999997346
15804,0.010339299999031937
15805,0.010054600003059022
15806,0.007174599999416387
15807,0.007684000000153901
15808,0.01016900000104215
15809,0.010564299998804927
15810,0.010265400000207592
15811,0.010020100002293475
15812,0.010498700001335237
15813,0.010008000001107575
15814,0.010032599999249214
15815,0.009507899998425273
15816,0.009473599999182625
15817,0.009340900000097463
15818,0.008597299998655217
15819,0.010999600002833176
15820,0.01031180000063614
15821,0.008807500002149027
15822,0.007987000000866828
15823,0.007278099998075049
15824,0.010399700000562007
15825,0.01038410000182921
15826,0.010029299999587238
15827,0.010108800001034979
15828,0.00954019999699085
15829,0.04456449999997858
15830,0.01754340000115917
15831,0.011368699997547083
15832,0.009836999997787643
15833,0.007318600000871811
15834,0.00828180000098655
15835,0.010425000000395812
15836,0.010492000001249835
15837,0.010309000001143431
15838,0.010036699997726828
15839,0.010153399998671375
15840,0.009080899999389658
15841,0.009616600000299513
15842,0.01010610000230372
15843,0.0094020000033197
15844,0.009763900001416914
15845,0.009492299999692477
15846,0.009523500000796048
15847,0.009538900001643924
15848,0.008703400002559647
15849,0.00908290000006673
15850,0.009096400000998983
15851,0.009015400002681417
15852,0.008830700000544311
15853,0.009390200000780169
15854,0.0095813999978418
15855,0.008483199999318458
15856,0.008859800000209361
15857,0.008523399999830872
15858,0.009693999996670755
15859,0.009019000000989763
15860,0.009168599997792626
15861,0.009528999999020016
15862,0.009550999999191845
15863,0.016852699998707976
15864,0.008947600003011758
15865,0.006930700001248624
15866,0.009120200000324985
15867,0.009470200002397178
15868,0.008502499997121049
15869,0.00942869999926188
15870,0.009675099998275982
15871,0.00907030000234954
15872,0.008337000002939021
15873,0.009845399999903748
15874,0.009770600001502316
15875,0.009470199998759199
15876,0.008195299997169059
15877,0.006530999999085907
15878,0.008084499997494277
15879,0.009423699997569202
15880,0.00929300000279909
15881,0.008645300000353018
15882,0.008878100001311395
15883,0.008943699998781085
15884,0.008140199999616016
15885,0.008606600000348408
15886,0.009958600003301399
15887,0.009136600001511397
15888,0.008060000000114087
15889,0.008484399997541914
15890,0.007648499999049818
15891,0.009122700001171324
15892,0.009766600000148173
15893,0.009492200002569007
15894,0.009390700000949437
15895,0.008641500000521773
15896,0.007915300000604475
15897,0.006519400001707254
15898,0.007190300002548611
15899,0.006538199999340577
15900,0.007220199997391319
15901,0.006862100002763327
15902,0.006508799997391179
15903,0.00941660000171396
15904,0.009229100000084145
15905,0.009619000000384403
15906,0.008749500000703847
15907,0.006541099999594735
15908,0.007513399999879766
15909,0.008249399998021545
15910,0.009281499998905929
15911,0.00977240000065649
15912,0.009834699998464203
15913,0.010025200001109624
15914,0.008818199999950593
15915,0.011226899998291628
15916,0.011794199999712873
15917,0.008800700001302175
15918,0.009662600001320243
15919,0.009096199999476084
15920,0.009715000000142027
15921,0.009007099997688783
15922,0.008864400002494222
15923,0.010205900001892587
15924,0.010206399998423876
15925,0.010671899999579182
15926,0.009766999999555992
15927,0.008818899998004781
15928,0.010138100002222927
15929,0.010610099998302758
15930,0.010447700002259808
15931,0.01073289999840199
15932,0.010763800000859192
15933,0.010499299998627976
15934,0.010614800001349067
15935,0.010659600000508362
15936,0.009967399997549364
15937,0.010567599998466903
15938,0.010657200000423472
15939,0.010530299998208648
15940,0.010685000001103617
15941,0.01057329999821377
15942,0.009961899999325396
15943,0.010777299998153467
15944,0.01068900000245776
15945,0.011646799997834023
15946,0.010254500000883127
15947,0.009800899999390822
15948,0.009752300000400282
15949,0.011012099999788916
15950,0.01102069999978994
15951,0.010484399997949367
15952,0.010248400001728442
15953,0.009449999997741543
15954,0.009517300000879914
15955,0.009452000002056593
15956,0.0076762000026064925
15957,0.010948600000119768
15958,0.011418199999752687
15959,0.009567000000970438
15960,0.009347799998067785
15961,0.007214000001113163
15962,0.00879730000087875
15963,0.008916599999793107
15964,0.009336200000689132
15965,0.00987370000075316
15966,0.009912999998050509
15967,0.010201400000369176
15968,0.010380699997767806
15969,0.008567199998651631
15970,0.009306599997216836
15971,0.009055899998202221
15972,0.009813799999392359
15973,0.009920399999828078
15974,0.009999199999583652
15975,0.01047389999803272
15976,0.009543899999698624
15977,0.00970919999963371
15978,0.009091299998544855
15979,0.009052400000655325
15980,0.008482599998387741
15981,0.006592699999600882
15982,0.007324999998672865
15983,0.006605100003071129
15984,0.006502099997305777
15985,0.009473400001297705
15986,0.0099512999986473
15987,0.00943829999960144
15988,0.009629000000131782
15989,0.009037200001330348
15990,0.008318899999721907
15991,0.008189099997252924
15992,0.008710999998584157
15993,0.007550500002253102
15994,0.006894400001328904
15995,0.006546399999933783
15996,0.00801570000112406
15997,0.008065199999691686
15998,0.008403899999393616
15999,0.008128399997076485
16000,0.00968279999869992
16001,0.00980850000269129
16002,0.008879900000465568
16003,0.009204899997712346
16004,0.008967800000391435
16005,0.008452099998976337
16006,0.007738300002529286
16007,0.008122500003082678
16008,0.007652200001757592
16009,0.008415500000410248
16010,0.006780100000469247
16011,0.008349900002940558
16012,0.008961999999883119
16013,0.008726500000193482
16014,0.007535900000220863
16015,0.00913139999829582
16016,0.009084500001335982
16017,0.009008099998027319
16018,0.00884099999893806
16019,0.008244500000728294
16020,0.009076999998796964
16021,0.009005800002341857
16022,0.008707900000445079
16023,0.007357900001807138
16024,0.008194299996830523
16025,0.006208000002516201
16026,0.00851189999957569
16027,0.006828599998698337
16028,0.008857400000124471
16029,0.009235699999408098
16030,0.008633800000097835
16031,0.008661900003062328
16032,0.00853600000118604
16033,0.007697500001086155
16034,0.008624899997812463
16035,0.008747200001380406
16036,0.008518399998138193
16037,0.009057400002348004
16038,0.009022700000059558
16039,0.008706799999345094
16040,0.008574599996791221
16041,0.008553499999834457
16042,0.008565600001020357
16043,0.008505800000421004
16044,0.00783630000296398
16045,0.0075021000011474825
16046,0.006477999999333406
16047,0.008392200001253514
16048,0.008525999997800682
16049,0.007693200001085643
16050,0.008095199998933822
16051,0.007705300002271542
16052,0.007860599998821272
16053,0.008953399999882095
16054,0.00815850000071805
16055,0.008988199999294011
16056,0.008992700000817422
16057,0.007662900003197137
16058,0.008780500000284519
16059,0.008951700001489371
16060,0.008500600000843406
16061,0.007678100002522115
16062,0.008070100000622915
16063,0.007695300002524164
16064,0.00905119999879389
16065,0.010310800000297604
16066,0.008060500000283355
16067,0.009283900002628798
16068,0.00923999999940861
16069,0.009432599999854574
16070,0.009543500000290805
16071,0.009747200001584133
16072,0.010155399999348447
16073,0.009296199998061638
16074,0.010020100002293475
16075,0.010313700000551762
16076,0.00955919999978505
16077,0.009186100000079023
16078,0.008167600000888342
16079,0.00794060000043828
16080,0.007637499998963904
16081,0.01001870000254712
16082,0.011623499998677289
16083,0.009486300001299242
16084,0.00848989999940386
16085,0.009804400000575697
16086,0.007603099998959806
16087,0.0069667999996454455
16088,0.009074900000996422
16089,0.00884339999902295
16090,0.009977200003049802
16091,0.010637000003043795
16092,0.011029400000552414
16093,0.009567299999616807
16094,0.009088799997698516
16095,0.007665500001166947
16096,0.010172199999942677
16097,0.008779700001468882
16098,0.00914550000015879
16099,0.008983899999293499
16100,0.008550000002287561
16101,0.010028000000602333
16102,0.01098439999987022
16103,0.009013099999719998
16104,0.00920380000025034
16105,0.008521800002199598
16106,0.009810799998376751
16107,0.010039099997811718
16108,0.010235300000204006
16109,0.010041800000180956
16110,0.009472400000959169
16111,0.010098499999003252
16112,0.01005299999815179
16113,0.010124200001882855
16114,0.010323099999368424
16115,0.009949300001608208
16116,0.010344100002839696
16117,0.009603500002413057
16118,0.011926800001674565
16119,0.01027329999851645
16120,0.011177499996847473
16121,0.010827599999174709
16122,0.010409900001832284
16123,0.009384099997987505
16124,0.007641500000318047
16125,0.008631700002297293
16126,0.0076310000004014
16127,0.009042800000315765
16128,0.0085916999996698
16129,0.00831570000082138
16130,0.007830299997294787
16131,0.009482200002821628
16132,0.009144699997705175
16133,0.009955699999409262
16134,0.009537299996736692
16135,0.0077354999993985984
16136,0.010458200002176454
16137,0.010441999998874962
16138,0.008492900000419468
16139,0.008635300000605639
16140,0.007625700000062352
16141,0.009829900001932401
16142,0.01058730000295327
16143,0.00854320000144071
16144,0.009357900002214592
16145,0.008511300002282951
16146,0.01024169999800506
16147,0.01030680000258144
16148,0.008131000002322253
16149,0.008557000001019333
16150,0.009122700001171324
16151,0.009805699999560602
16152,0.00911659999837866
16153,0.009804799999983516
16154,0.009611199999199016
16155,0.00858660000085365
16156,0.009799300001759548
16157,0.008518899998307461
16158,0.008847200002492173
16159,0.007607199997437419
16160,0.008376900001167087
16161,0.007624700003361795
16162,0.0091842000001634
16163,0.008595499999501044
16164,0.009645800000726013
16165,0.009933599998475984
16166,0.00943829999960144
16167,0.010260099999868544
16168,0.010468000000400934
16169,0.009071699998457916
16170,0.010410700000647921
16171,0.010034100003394997
16172,0.00862290000077337
16173,0.009251799998310162
16174,0.008186200000636745
16175,0.008872900001733797
16176,0.008160500001395121
16177,0.010964100001729093
16178,0.01031180000063614
16179,0.009745900002599228
16180,0.008595899998908862
16181,0.007603800000651972
16182,0.012024099996779114
16183,0.010157400000025518
16184,0.009408900001290021
16185,0.010356900002079783
16186,0.010120099999767262
16187,0.009987199999159202
16188,0.010864500000025146
16189,0.008553899999242276
16190,0.012021800001093652
16191,0.010248400001728442
16192,0.0077769000017724466
16193,0.007684300002438249
16194,0.006642500000452856
16195,0.008342899996932829
16196,0.009076999998796964
16197,0.00957179999750224
16198,0.009667599999374943
16199,0.00914300000295043
16200,0.010014499999670079
16201,0.010143800001969794
16202,0.009449299999687355
16203,0.009198499999911292
16204,0.007568800003355136
16205,0.008491000000503846
16206,0.007501399999455316
16207,0.008481199998641387
16208,0.007528900001489092
16209,0.008764399997744476
16210,0.010827800000697607
16211,0.00890849999996135
16212,0.008723099999770056
16213,0.010738200002379017
16214,0.009902899997541681
16215,0.009113199997955235
16216,0.010442700000567129
16217,0.01055130000167992
16218,0.010052599998743972
16219,0.008408199999394128
16220,0.006945799999812152
16221,0.00971459999709623
16222,0.010213700003077975
16223,0.010089899999002228
16224,0.009931199998391094
16225,0.009418000001460314
16226,0.01021259999834001
16227,0.010062299999844981
16228,0.009992000002966961
16229,0.00932700000339537
16230,0.00851179999881424
16231,0.00955469999826164
16232,0.010154399999009911
16233,0.010032800000772113
16234,0.009993700001359684
16235,0.009686000001238426
16236,0.010004700001445599
16237,0.010472699999809265
16238,0.009961699997802498
16239,0.010138599998754216
16240,0.010047700001450721
16241,0.00954490000003716
16242,0.010360099997342331
16243,0.009001200000056997
16244,0.006693800001812633
16245,0.006727199997840216
16246,0.007603199999721255
16247,0.0074421999997866806
16248,0.010412199997517746
16249,0.009441700000024866
16250,0.007469599997421028
16251,0.008768799998506438
16252,0.009798399998544483
16253,0.011275700002443045
16254,0.011276199998974334
16255,0.01049340000099619
16256,0.010356299997511087
16257,0.010153900002478622
16258,0.009833699998125667
16259,0.010286000000633067
16260,0.010165199997572927
16261,0.009591699999873526
16262,0.00985930000024382
16263,0.009678700000222307
16264,0.00956900000164751
16265,0.009625299997424008
16266,0.00950379999994766
16267,0.009540600000036648
16268,0.008931399999710266
16269,0.008245900000474649
16270,0.008640300002298318
16271,0.009616399998776615
16272,0.009720900001411792
16273,0.009518199996819021
16274,0.009294400002545444
16275,0.009262700001272606
16276,0.008918999999877997
16277,0.009242600001016399
16278,0.00905129999955534
16279,0.010019900000770576
16280,0.01073990000077174
16281,0.011073500001657521
16282,0.013291199997183867
16283,0.011608900000283029
16284,0.011469400000351015
16285,0.00858669999797712
16286,0.009408300000359304
16287,0.00858900000093854
16288,0.010421899998618755
16289,0.009349599997221958
16290,0.008590800000092713
16291,0.009625099999539088
16292,0.00994419999915408
16293,0.009345400001620874
16294,0.008666300000186311
16295,0.010194499998760875
16296,0.010532600001170067
16297,0.009441400001378497
16298,0.009351799999421928
16299,0.00934380000035162
16300,0.008576200001698453
16301,0.00944819999858737
16302,0.008574399998906301
16303,0.009238199996616459
16304,0.008651000000099884
16305,0.011049599997932091
16306,0.010301500002242392
16307,0.00857929999983753
16308,0.010315900002751732
16309,0.010008299999753945
16310,0.008524699998815777
16311,0.009601500001735985
16312,0.008470100001432002
16313,0.011431599999923492
16314,0.010528399998293025
16315,0.009676899997430155
16316,0.010241399999358691
16317,0.009809200000745477
16318,0.009649799998442177
16319,0.010652599998138612
16320,0.010543599997618003
16321,0.010182500001974404
16322,0.009967699999833712
16323,0.009035999999468913
16324,0.009582299997418886
16325,0.010020499998063315
16326,0.009473199999774806
16327,0.008853499999531778
16328,0.006581300000107149
16329,0.007397800000035204
16330,0.006573599999683211
16331,0.008328700001584366
16332,0.008295799998450093
16333,0.008263899999292335
16334,0.009491900000284659
16335,0.010385400000814116
16336,0.00984239999888814
16337,0.009916599999996834
16338,0.010313099999621045
16339,0.009983699997974327
16340,0.011514900001202477
16341,0.010087300001032418
16342,0.008705700001883088
16343,0.00929329999780748
16344,0.009163300001091557
16345,0.008702399998583132
16346,0.009925599999405676
16347,0.007403399999020621
16348,0.009033199999976205
16349,0.009171899997454602
16350,0.01022450000164099
16351,0.010346099999878788
16352,0.009995699998398777
16353,0.009443700000701938
16354,0.007370600000285776
16355,0.010014400002546608
16356,0.009920100001181709
16357,0.006913100001838757
16358,0.008084200002485886
16359,0.009857299999566749
16360,0.009049299998878269
16361,0.007372399999439949
16362,0.008372899999812944
16363,0.00733580000087386
16364,0.008403400002862327
16365,0.007314700000279117
16366,0.008489600000757491
16367,0.007471500000974629
16368,0.009088299997529248
16369,0.009132099999987986
16370,0.008057900002313545
16371,0.006902100001752842
16372,0.007987299999513198
16373,0.006916700000147102
16374,0.00942130000112229
16375,0.010360400003264658
16376,0.006939599999896018
16377,0.007003399998211535
16378,0.0112870999982988
16379,0.009075899997696979
16380,0.006857999997009756
16381,0.008626599999843165
16382,0.009975199998734752
16383,0.009867499997199047
16384,0.009916499999235384
16385,0.009550599999784026
16386,0.010644099998899037
16387,0.010232599997834768
16388,0.010628299998643342
16389,0.010629000000335509
16390,0.009798499999305932
16391,0.006885099999635713
16392,0.006899299998622155
16393,0.008086899997579167
16394,0.006838400000560796
16395,0.009345499998744344
16396,0.009466600000450853
16397,0.007396699998935219
16398,0.007567100001324434
16399,0.009219199997460237
16400,0.010387300000729738
16401,0.013047299999016104
16402,0.009029099997860612
16403,0.010940299998765113
16404,0.010893999999098014
16405,0.00947690000248258
16406,0.010281000002578367
16407,0.009227199996530544
16408,0.009793699999136152
16409,0.009816100002353778
16410,0.008532799998647533
16411,0.010410099999717204
16412,0.011083399997005472
16413,0.009915599999658298
16414,0.010335700000723591
16415,0.009969300001102965
16416,0.010204199999861885
16417,0.01036029999886523
16418,0.009969599999749335
16419,0.010874200001126155
16420,0.010375599998951657
16421,0.010360800002672477
16422,0.010336699997424148
16423,0.009926499998982763
16424,0.00952549999783514
16425,0.010806500002217945
16426,0.009773599998879945
16427,0.008531600000424078
16428,0.009342299999843817
16429,0.008642699998745229
16430,0.00967289999971399
16431,0.009115699998801574
16432,0.010706700002629077
16433,0.010617000003549038
16434,0.010561899998720037
16435,0.009000800000649178
16436,0.009343600002466701
16437,0.00955460000113817
16438,0.010128399997483939
16439,0.009584399998857407
16440,0.009616299998015165
16441,0.0095642999986012
16442,0.009420000002137385
16443,0.009828699996432988
16444,0.00951119999808725
16445,0.010174899998673936
16446,0.010176799998589559
16447,0.009938099999999395
16448,0.009917199997289572
16449,0.010191299999860348
16450,0.010557699999480974
16451,0.009897200001432793
16452,0.01026570000249194
16453,0.009642600001825485
16454,0.011142700001073536
16455,0.01018349999867496
16456,0.009955599998647813
16457,0.0104377999996359
16458,0.0104979000025196
16459,0.008582999998907326
16460,0.009430400001292583
16461,0.009902000001602573
16462,0.009892700003547361
16463,0.010266000001138309
16464,0.008624000001873355
16465,0.009446000000025379
16466,0.009437400000024354
16467,0.010100200001033954
16468,0.010460599998623366
16469,0.010364699999627192
16470,0.010216499998932704
16471,0.010615600000164704
16472,0.008604300001024967
16473,0.00970450000022538
16474,0.008495699999912176
16475,0.009107500001846347
16476,0.008162099999026395
16477,0.008264500000223052
16478,0.007385799999610754
16479,0.009078399998543318
16480,0.008628699997643707
16481,0.009967500001948792
16482,0.010731999998824904
16483,0.010629500000504777
16484,0.009534000000712695
16485,0.009877000000415137
16486,0.009949399998731678
16487,0.010014099996624282
16488,0.01006240000060643
16489,0.008582699996622978
16490,0.009405900000274414
16491,0.009052999997948064
16492,0.010588700002699625
16493,0.00989579999804846
16494,0.009480100001383107
16495,0.009638399998948444
16496,0.009477300001890399
16497,0.01003130000026431
16498,0.00916000000142958
16499,0.008465399998385692
16500,0.009214400000928435
16501,0.0077208999973663595
16502,0.010210899999947287
16503,0.008635300000605639
16504,0.009839400001510512
16505,0.010113800002727658
16506,0.008611599998403108
16507,0.01092870000138646
16508,0.009480699998675846
16509,0.010150400001293747
16510,0.009764899998117471
16511,0.008643900000606664
16512,0.00908269999854383
16513,0.008507200000167359
16514,0.008244900000136113
16515,0.007324900001549395
16516,0.010264100001222687
16517,0.010027399999671616
16518,0.010104900000442285
16519,0.009584600000380306
16520,0.00984969999990426
16521,0.009059399999387097
16522,0.009864999999990687
16523,0.008593599999585422
16524,0.010198300002230098
16525,0.010173599999689031
16526,0.00987869999880786
16527,0.011266699999396224
16528,0.011106399997515837
16529,0.010006199998315424
16530,0.010197199997492135
16531,0.00961000000097556
16532,0.011031800000637304
16533,0.009707600002002437
16534,0.009573200000886573
16535,0.010256800000206567
16536,0.01093629999741097
16537,0.01156539999647066
16538,0.011357999999745516
16539,0.010253499996906612
16540,0.009420599999430124
16541,0.00916499999948428
16542,0.009909899999911431
16543,0.010054899998067413
16544,0.010238700000627432
16545,0.009983899999497226
16546,0.00907050000023446
16547,0.010247300000628456
16548,0.0100285000007716
16549,0.00864970000111498
16550,0.009095500001421897
16551,0.008635599999252008
16552,0.00981350000074599
16553,0.009582200000295416
16554,0.00809550000121817
16555,0.00722210000094492
16556,0.009124300002440577
16557,0.008979899997939356
16558,0.010794599998916965
16559,0.011233100001845742
16560,0.008938599999964936
16561,0.010120399998413632
16562,0.010392000000138069
16563,0.010076899998239242
16564,0.010260199996992014
16565,0.010044999999081483
16566,0.0099463000005926
16567,0.01007220000246889
16568,0.01036039999962668
16569,0.009657499998866115
16570,0.009666800000559306
16571,0.009512199998425785
16572,0.009648499999457272
16573,0.009697600002255058
16574,0.009538900001643924
16575,0.008037899999180809
16576,0.0065431000002718065
16577,0.00782450000042445
16578,0.0073349000012967736
16579,0.008571400001528673
16580,0.009898799999064067
16581,0.010787600000185193
16582,0.01050759999998263
16583,0.009981199997127987
16584,0.010319499997422099
16585,0.010288900000887224
16586,0.00942880000002333
16587,0.009531100000458537
16588,0.009367099999508355
16589,0.010537900001509115
16590,0.010237099999358179
16591,0.010036799998488277
16592,0.009515000001556473
16593,0.008725399999093497
16594,0.007606499999383232
16595,0.00729710000086925
16596,0.00799159999951371
16597,0.007323099998757243
16598,0.008159299999533687
16599,0.007352199998422293
16600,0.009910099997796351
16601,0.010335700000723591
16602,0.009930200001690537
16603,0.008567900000343798
16604,0.006901699998707045
16605,0.009553899999446003
16606,0.01050299999769777
16607,0.00853839999763295
16608,0.009995700002036756
16609,0.010727200002293102
16610,0.010078200000862125
16611,0.010489500000403496
16612,0.010099400002218317
16613,0.00931990000026417
16614,0.009115500000916654
16615,0.008722900001885137
16616,0.010007500000938307
16617,0.01075709999713581
16618,0.010471900000993628
16619,0.010048399999504909
16620,0.008507599999575177
16621,0.01005530000111321
16622,0.010101799998665228
16623,0.010060800002975157
16624,0.010164400002395269
16625,0.008493200002703816
16626,0.009152099999482743
16627,0.008482499997626292
16628,0.0102441999988514
16629,0.00970220000090194
16630,0.008512499996868428
16631,0.011021500002243556
16632,0.009751699999469565
16633,0.010099400002218317
16634,0.010641599998052698
16635,0.00969989999794052
16636,0.00719799999933457
16637,0.006884300000820076
16638,0.010423600000649458
16639,0.010275800003000768
16640,0.009447000000363914
16641,0.010042899997642962
16642,0.010233900000457652
16643,0.009425599997484824
16644,0.009613599999283906
16645,0.009213500001351349
16646,0.008609200001956197
16647,0.006968100002268329
16648,0.009826000001339708
16649,0.010523699998884695
16650,0.009703200001240475
16651,0.00897880000047735
16652,0.007316800001717638
16653,0.009232000000338303
16654,0.009134399999311427
16655,0.009803400000237161
16656,0.009825900000578258
16657,0.009978499998396728
16658,0.009290499998314772
16659,0.008645900001283735
16660,0.010476100000232691
16661,0.010727400000178022
16662,0.010888000000704778
16663,0.008691399998497218
16664,0.009975000000849832
16665,0.010141599999769824
16666,0.009588199998688651
16667,0.009290000001783483
16668,0.010311100002581952
16669,0.009187499999825377
16670,0.008592599999246886
16671,0.011123500000394415
16672,0.009760400000232039
16673,0.00942399999985355
16674,0.00972380000166595
16675,0.00911179999820888
16676,0.009766700000909623
16677,0.010032299996964866
16678,0.008609399999841116
16679,0.009489899999607587
16680,0.008482200002617901
16681,0.010720499998569721
16682,0.010206599999946775
16683,0.01170760000240989
16684,0.010400099999969825
16685,0.010218800001894124
16686,0.00909970000066096
16687,0.00992720000067493
16688,0.009809800001676194
16689,0.009103799999138573
16690,0.009581900001649046
16691,0.009576000000379281
16692,0.010023000002547633
16693,0.009971299998142058
16694,0.009405900000274414
16695,0.009723600000143051
16696,0.009370100000523962
16697,0.009688199999800418
16698,0.009655899997596862
16699,0.009418800000275951
16700,0.008751800000027288
16701,0.006964100000914186
16702,0.009037200001330348
16703,0.00992930000211345
16704,0.009208100000250852
16705,0.009411099999852013
16706,0.008578699998906814
16707,0.009221799999068025
16708,0.008639200001198333
16709,0.00867149999976391
16710,0.006866399999125861
16711,0.008849499998177635
16712,0.009935099998983787
16713,0.010136900000361493
16714,0.009974199998396216
16715,0.008561899998312583
16716,0.008240399998612702
16717,0.008264300002338132
16718,0.009998800000175834
16719,0.010165499999857275
16720,0.008708600002137246
16721,0.009563200001139194
16722,0.009076700000150595
16723,0.011244099998293677
16724,0.011482300000352552
16725,0.009998399997130036
16726,0.009574100000463659
16727,0.00920609999957378
16728,0.009127700002864003
16729,0.009064499998203246
16730,0.008924400000978494
16731,0.00981329999922309
16732,0.010091199997987133
16733,0.00768669999888516
16734,0.00736749999850872
16735,0.009317600000940729
16736,0.009632400000555208
16737,0.009033900001668371
16738,0.008916999999200925
16739,0.00736499999766238
16740,0.009285699998144992
16741,0.009175200000754558
16742,0.0103506000014022
16743,0.010186700001213467
16744,0.006909100000484614
16745,0.007673699998122174
16746,0.006919200000993442
16747,0.007880500001192559
16748,0.009996900000260212
16749,0.010148999997909414
16750,0.010092199998325668
16751,0.010027200001786696
16752,0.010216899998340523
16753,0.008727399999770569
16754,0.009768799998710165
16755,0.01024880000113626
16756,0.009961499999917578
16757,0.0086738999998488
16758,0.006895600003190339
16759,0.009084299999813084
16760,0.010620499997457955
16761,0.010664399997040164
16762,0.01016679999884218
16763,0.007511600000725593
16764,0.008695000000443542
16765,0.008517900001606904
16766,0.008234299999458017
16767,0.006915600002685096
16768,0.007760000000416767
16769,0.006845699997938937
16770,0.00875369999994291
16771,0.009408699999767123
16772,0.009638300001824973
16773,0.010162700000364566
16774,0.011641699999017874
16775,0.009330199998657918
16776,0.009342100001958897
16777,0.010005699998146156
16778,0.010311300000466872
16779,0.009504400000878377
16780,0.007984700001543388
16781,0.007268800000019837
16782,0.009215900001436239
16783,0.00953510000181268
16784,0.009552800001983996
16785,0.009716199998365482
16786,0.009129800000664545
16787,0.010539900002186187
16788,0.010084999998070998
16789,0.00995849999890197
16790,0.010048600001027808
16791,0.008352999997441657
16792,0.009113699998124503
16793,0.00976029999947059
16794,0.009079799998289673
16795,0.009889500001008855
16796,0.007782900000165682
16797,0.010092099997564219
16798,0.009122999999817694
16799,0.009857400000328198
16800,0.010782900000776863
16801,0.010364500001742272
16802,0.01001670000187005
16803,0.010596199997962685
16804,0.009487499999522697
16805,0.00724629999967874
16806,0.006975099997362122
16807,0.008026400002563605
16808,0.007342700002482161
16809,0.008378200000151992
16810,0.007321000000956701
16811,0.010144699997908901
16812,0.008845299998938572
16813,0.009198900002957089
16814,0.011067999999795575
16815,0.01113930000065011
16816,0.008530499999324093
16817,0.009560400001646485
16818,0.00997310000093421
16819,0.010321700003260048
16820,0.010492699999304023
16821,0.010008099998231046
16822,0.009447899999941
16823,0.008549299996957416
16824,0.009898600001179148
16825,0.009583399998518871
16826,0.009891900001093745
16827,0.010615500003041234
16828,0.009845299999142298
16829,0.009712200000649318
16830,0.009957999998732703
16831,0.009600600002158899
16832,0.010347600000386592
16833,0.009620600001653656
16834,0.009938499999407213
16835,0.009015700001327787
16836,0.008291099999041762
16837,0.010157299999264069
16838,0.010369499999796972
16839,0.009920399999828078
16840,0.009592800000973511
16841,0.009907999999995809
16842,0.008680599999934202
16843,0.00882600000113598
16844,0.007250499998917803
16845,0.008871900001395261
16846,0.009873200000583893
16847,0.009645699999964563
16848,0.009570000001986045
16849,0.008560899997974047
16850,0.009166300002107164
16851,0.00994160000118427
16852,0.01010390000010375
16853,0.009224699999322183
16854,0.007446999999956461
16855,0.007455899998603854
16856,0.009992700001021149
16857,0.010216000002401415
16858,0.00957399999970221
16859,0.010191199999098899
16860,0.00998500000059721
16861,0.00953769999978249
16862,0.009391899999172892
16863,0.008592099999077618
16864,0.00939959999959683
16865,0.009231600000930484
16866,0.008571600003051572
16867,0.008874999999534339
16868,0.007298500000615604
16869,0.008759799999097595
16870,0.009918399999151006
16871,0.009632799999963026
16872,0.009779199997865362
16873,0.00737930000104825
16874,0.007776700000249548
16875,0.00947720000112895
16876,0.010734500003309222
16877,0.010656700000254204
16878,0.007618100000399863
16879,0.007625999998708721
16880,0.009754200000315905
16881,0.009492299999692477
16882,0.009397800000442658
16883,0.010076500002469402
16884,0.010436900000058813
16885,0.010597699998470489
16886,0.010327100000722567
16887,0.01086339999892516
16888,0.011304699997708667
16889,0.009425600001122802
16890,0.008667400001286296
16891,0.008911699998861877
16892,0.009106199999223463
16893,0.008492699998896569
16894,0.00922799999898416
16895,0.009176200001093093
16896,0.010688400001527043
16897,0.010476999999809777
16898,0.009122399998886976
16899,0.01009160000103293
16900,0.008254400003352202
16901,0.011229100000491599
16902,0.010721200000261888
16903,0.008173300000635209
16904,0.009874600000330247
16905,0.009154499999567633
16906,0.00817779999852064
16907,0.008801600000879262
16908,0.007284300001629163
16909,0.008161500001733657
16910,0.007372699998086318
16911,0.008508700000675162
16912,0.009058899999217829
16913,0.010276099998009158
16914,0.01000459999704617
16915,0.010089799998240778
16916,0.009936499998730142
16917,0.00819009999759146
16918,0.008920100000977982
16919,0.009962500000256114
16920,0.010404399999970337
16921,0.009952000000339467
16922,0.008486700000503333
16923,0.009440199999517063
16924,0.008645800000522286
16925,0.009370599997055251
16926,0.008781199998338707
16927,0.011493300000438467
16928,0.009508399998594541
16929,0.0073565999991842546
16930,0.010121199997229269
16931,0.010470700002770172
16932,0.00998270000127377
16933,0.011377500002708985
16934,0.009991699997044634
16935,0.011792900000727968
16936,0.008800999999948544
16937,0.007593099999212427
16938,0.009306500000093365
16939,0.009699900001578499
16940,0.008483300000079907
16941,0.009437400000024354
16942,0.008515999998053303
16943,0.009981900002458133
16944,0.008504199999151751
16945,0.009188100000756094
16946,0.009429099998669699
16947,0.010406900000816677
16948,0.009793100001843413
16949,0.010019299999839859
16950,0.0069941000001563225
16951,0.006853999999293592
16952,0.008022099998925114
16953,0.006877100000565406
16954,0.008014800001546973
16955,0.006897600000229431
16956,0.007998299999599112
16957,0.006944699998712167
16958,0.008112200001050951
16959,0.007337200000620214
16960,0.00829150000208756
16961,0.007313799997064052
16962,0.009168000000499887
16963,0.009489899999607587
16964,0.010551900002610637
16965,0.009626200000639074
16966,0.00736259999757749
16967,0.008181400000466965
16968,0.007333000001381151
16969,0.008840000002237502
16970,0.009387300000526011
16971,0.01023939999868162
16972,0.00990280000041821
16973,0.00941919999968377
16974,0.010128300000360468
16975,0.009997999997722218
16976,0.009983700001612306
16977,0.010388399998191744
16978,0.009943199998815544
16979,0.009814199998800177
16980,0.00978959999702056
16981,0.009161300000414485
16982,0.009750299999723211
16983,0.008515299999999115
16984,0.008718400000361726
16985,0.008526400000846479
16986,0.009490000000369037
16987,0.010042300000350224
16988,0.01024409999808995
16989,0.011560800001461757
16990,0.010617599997203797
16991,0.007450799999787705
16992,0.008958099999290425
16993,0.010013600000092993
16994,0.009882600003038533
16995,0.010317300002498087
16996,0.009406299999682233
16997,0.010354699999879813
16998,0.010516400001506554
16999,0.009446699998079566
17000,0.009713399998872774
17001,0.009105400000407826
17002,0.010907700001553167
17003,0.009582800001226133
17004,0.01091880000240053
17005,0.009552600000461098
17006,0.00902959999802988
17007,0.008708100001967978
17008,0.010129400001460453
17009,0.010460699999384815
17010,0.00989349999872502
17011,0.009901599998556776
17012,0.00997760000245762
17013,0.011268099999142578
17014,0.01048850000006496
17015,0.00969480000276235
17016,0.0102030999987619
17017,0.010139599999092752
17018,0.009490700002061203
17019,0.010019500001362758
17020,0.009990499998821178
17021,0.010855300002731383
17022,0.010250900002574781
17023,0.010592200000246521
17024,0.01073059999907855
17025,0.010995900000125403
17026,0.01067989999864949
17027,0.011069799998949748
17028,0.010914599999523489
17029,0.01063860000067507
17030,0.008744399998249719
17031,0.0092354999978852
17032,0.007903600002464373
17033,0.009722599999804515
17034,0.010688499998650514
17035,0.011875599997438258
17036,0.012160600002971478
17037,0.01195499999812455
17038,0.010625800001434982
17039,0.011742200000298908
17040,0.01076169999942067
17041,0.010612599999149097
17042,0.01025879999724566
17043,0.011566900000616442
17044,0.01140319999831263
17045,0.010569699999905424
17046,0.010773699999845121
17047,0.010676300000341143
17048,0.010515500001929468
17049,0.009075099998881342
17050,0.007853900002373848
17051,0.010584100000414765
17052,0.010981500003254041
17053,0.011302399998385226
17054,0.010269499998685205
17055,0.011304400002700277
17056,0.011852000003273133
17057,0.010654000001522945
17058,0.012169899997388711
17059,0.010963600001559826
17060,0.009065399997780332
17061,0.011609699999098666
17062,0.011421200000768295
17063,0.010765800001536263
17064,0.011975500001426553
17065,0.012149700000009034
17066,0.011624599999777274
17067,0.009619399999792222
17068,0.010993500000040513
17069,0.011074899997765897
17070,0.01058539999939967
17071,0.011577799999940908
17072,0.012021899998217123
17073,0.01076199999806704
17074,0.010551700001087738
17075,0.01097239999944577
17076,0.00912880000032601
17077,0.011461800000688527
17078,0.014164000000164378
17079,0.011929200001759455
17080,0.01115379999828292
17081,0.01196939999863389
17082,0.01067719999991823
17083,0.01083199999993667
17084,0.010849400001461618
17085,0.008389099999476457
17086,0.008313700000144308
17087,0.011344500002451241
17088,0.0109000999982527
17089,0.009022500002174638
17090,0.0104207000003953
17091,0.010659300001861993
17092,0.010083900000608992
17093,0.00897629999963101
17094,0.009831200000917306
17095,0.009841300001426134
17096,0.010025100000348175
17097,0.0102974000001268
17098,0.010025999999925261
17099,0.008732499998586718
17100,0.007375100001809187
17101,0.007995400002982933
17102,0.0069145999987085816
17103,0.008678000001964392
17104,0.008497699996951269
17105,0.00922809999974561
17106,0.008565299998736009
17107,0.008996499997010687
17108,0.009267499997804407
17109,0.00854819999949541
17110,0.010402299998531817
17111,0.010068199997476768
17112,0.011549799997737864
17113,0.011868699999467935
17114,0.01064060000135214
17115,0.009969199996703537
17116,0.009169500001007691
17117,0.0072265000017068814
17118,0.011065099999541417
17119,0.010509100000490434
17120,0.010400400002254173
17121,0.010664199999155244
17122,0.010425000000395812
17123,0.00943820000247797
17124,0.010244699999020668
17125,0.010662199998478172
17126,0.009921699998812983
17127,0.009714899999380577
17128,0.008531999999831896
17129,0.009154399998806184
17130,0.009096099998714635
17131,0.007390600003418513
17132,0.007840399997803615
17133,0.01086320000104024
17134,0.012173200000688666
17135,0.010566699998889817
17136,0.00827969999954803
17137,0.009737699998368043
17138,0.010688500002288492
17139,0.010540299997956026
17140,0.010400799998024013
17141,0.009022400001413189
17142,0.011016399999789428
17143,0.010601800000586081
17144,0.010475499999301974
17145,0.009437100001377985
17146,0.009600199999113102
17147,0.007711800000834046
17148,0.008815900000627153
17149,0.010475499999301974
17150,0.009812499996769475
17151,0.009146100001089508
17152,0.00898099999903934
17153,0.009938299997884315
17154,0.008924400000978494
17155,0.010547400001087226
17156,0.010211700002400903
17157,0.008095100001810351
17158,0.008072500000707805
17159,0.006891400000313297
17160,0.007730699999228818
17161,0.010375199999543838
17162,0.010777600000437815
17163,0.010529000002861721
17164,0.01044489999912912
17165,0.010694900000089547
17166,0.009317600000940729
17167,0.007589199998619733
17168,0.007663500000489876
17169,0.007563600000139559
17170,0.007593299997097347
17171,0.010292900002241367
17172,0.010730899997724919
17173,0.010150400001293747
17174,0.011546699999598786
17175,0.011512299999594688
17176,0.010848499998246552
17177,0.010475499999301974
17178,0.011054300000978401
17179,0.01000719999865396
17180,0.007412400002067443
17181,0.008585800002038013
17182,0.0099564999982249
17183,0.010194000002229586
17184,0.009764399997948203
17185,0.009417499997653067
17186,0.011711399998603156
17187,0.010088499999255873
17188,0.010942400000203634
17189,0.010136299999430776
17190,0.009259099999326281
17191,0.009723099999973783
17192,0.009601500001735985
17193,0.00734819999706815
17194,0.008251799998106435
17195,0.007329599997319747
17196,0.008405900000070687
17197,0.009943699998984812
17198,0.010175300001719734
17199,0.010242400003335206
17200,0.008577500000683358
17201,0.008435100000497187
17202,0.009457399999519112
17203,0.008744599999772618
17204,0.0068664000027638394
17205,0.008841499999107327
17206,0.009434999999939464
17207,0.009812199998123106
17208,0.009963199998310301
17209,0.009890499997709412
17210,0.01020539999808534
17211,0.008272999999462627
17212,0.010483300000487361
17213,0.01090950000070734
17214,0.010617100000672508
17215,0.008953299999120645
17216,0.009226099999068538
17217,0.00856999999814434
17218,0.009680899998784298
17219,0.010002500002883608
17220,0.010518700000829995
17221,0.009760900000401307
17222,0.006923099997948157
17223,0.008381200001167599
17224,0.009930000000167638
17225,0.010717799999838462
17226,0.009811500000068918
17227,0.010024499999417458
17228,0.010173599999689031
17229,0.009464300001127413
17230,0.009584199997334508
17231,0.009804299999814248
17232,0.010785700000269571
17233,0.009368800001539057
17234,0.009215099998982623
17235,0.008579100001952611
17236,0.009628000003431225
17237,0.008186900002328912
17238,0.009260500002710614
17239,0.010047299998404924
17240,0.010127100002137013
17241,0.010255599998345133
17242,0.009510400002909591
17243,0.010661000000254717
17244,0.01020559999960824
17245,0.006949300000997027
17246,0.008425799998803996
17247,0.009079599996766774
17248,0.010150799997063586
17249,0.009523600001557497
17250,0.009804999997868435
17251,0.009335899998404784
17252,0.009441599999263417
17253,0.009947099999408238
17254,0.009164799997961381
17255,0.01094089999969583
17256,0.009958100003132131
17257,0.008970599999884143
17258,0.009179999997286359
17259,0.009144200001173886
17260,0.008985500000562752
17261,0.00984479999897303
17262,0.010763599999336293
17263,0.00917470000058529
17264,0.00918439999804832
17265,0.010030099998402875
17266,0.009737099997437326
17267,0.008625999998912448
17268,0.00926659999822732
17269,0.008919099997001467
17270,0.00889870000173687
17271,0.00952780000079656
17272,0.008527400001185015
17273,0.00952569999935804
17274,0.009088300001167227
17275,0.011336700001265854
17276,0.010681299998395843
17277,0.00859889999992447
17278,0.009286399999837158
17279,0.009112200001254678
17280,0.008908099996915553
17281,0.009496500002569519
17282,0.009938500003045192
17283,0.009073799999896437
17284,0.00653260000035516
17285,0.008646099999168655
17286,0.008961399998952402
17287,0.009047599996847566
17288,0.008969400001660688
17289,0.008806500001810491
17290,0.009396599998581223
17291,0.010004700001445599
17292,0.011007000000972766
17293,0.010467200001585297
17294,0.008631500000774395
17295,0.010444799998367671
17296,0.009910600001603598
17297,0.00929089999772259
17298,0.009008699998958036
17299,0.009074400000827154
17300,0.011200900000403635
17301,0.010988400001224363
17302,0.00920359999872744
17303,0.01064300000143703
17304,0.00664159999723779
17305,0.008994700001494493
17306,0.009365400001115631
17307,0.010311199999705423
17308,0.00935600000229897
17309,0.008566599997720914
17310,0.010093499997310573
17311,0.009858999997959472
17312,0.009549200000037672
17313,0.009891900001093745
17314,0.010102799999003764
17315,0.009368799997901078
17316,0.009520100000372622
17317,0.01077409999925294
17318,0.010286400000040885
17319,0.007527199999458389
17320,0.010254599998006597
17321,0.01063609999982873
17322,0.010043999998742947
17323,0.008352599998033838
17324,0.007382200001302408
17325,0.010085000001708977
17326,0.009145800002443139
17327,0.01000209999983781
17328,0.01049090000014985
17329,0.009851700000581332
17330,0.009669199997006217
17331,0.010263299998769071
17332,0.01015220000044792
17333,0.009280099999159575
17334,0.009136900000157766
17335,0.009143499999481719
17336,0.010278400000970578
17337,0.00994610000270768
17338,0.007798999999067746
17339,0.006863499998871703
17340,0.008140900001308182
17341,0.006889100000989856
17342,0.009972899999411311
17343,0.010319599998183548
17344,0.007366699999693083
17345,0.008495400001265807
17346,0.009990499998821178
17347,0.009606500003428664
17348,0.0084634000013466
17349,0.009863999999652151
17350,0.009238599999662256
17351,0.00739389999944251
17352,0.008400700000493089
17353,0.008525099998223595
17354,0.009915300001011929
17355,0.009118099998886464
17356,0.01013750000129221
17357,0.011029000001144595
17358,0.011285900000075344
17359,0.008090499999525491
17360,0.0070300999977916945
17361,0.00797450000027311
17362,0.0069427000016730744
17363,0.008756400002312148
17364,0.008600299999670824
17365,0.008415799999056617
17366,0.0073574000016378704
17367,0.010809999999764841
17368,0.009777999999641906
17369,0.009446899999602465
17370,0.010048999996797647
17371,0.010122099996806355
17372,0.009916399998473935
17373,0.010139500001969282
17374,0.009921900000335881
17375,0.01017890000002808
17376,0.010305699997843476
17377,0.010866399999940768
17378,0.00961739999911515
17379,0.010370200001489138
17380,0.011337199997797143
17381,0.010385099998529768
17382,0.010026699997979449
17383,0.00859140000102343
17384,0.009633600002416642
17385,0.010061000000860076
17386,0.01079540000137058
17387,0.010344800000893883
17388,0.009830599999986589
17389,0.011417999998229789
17390,0.010525499998038867
17391,0.009852900002442766
17392,0.006986000000324566
17393,0.006934799999726238
17394,0.007825999997294275
17395,0.006909499999892432
17396,0.009552800001983996
17397,0.009608399999706307
17398,0.009990100003051339
17399,0.010525199999392498
17400,0.010267699999531033
17401,0.010059399999590823
17402,0.011130499999126187
17403,0.010255199998937314
17404,0.009258300000510644
17405,0.010075999998662155
17406,0.010055599999759579
17407,0.007951899999170564
17408,0.006882400000904454
17409,0.008297899999888614
17410,0.007332999997743173
17411,0.009090699997614138
17412,0.008668000002217013
17413,0.011045200000808109
17414,0.011171300000569317
17415,0.010743300001195166
17416,0.009424299998499919
17417,0.010226300000795163
17418,0.010049699998489814
17419,0.009726500000397209
17420,0.009613400001398986
17421,0.009014499999466352
17422,0.009303200000431389
17423,0.008929199997510295
17424,0.009654900000896305
17425,0.010014799998316448
17426,0.009435500000108732
17427,0.009001800000987714
17428,0.008574100000259932
17429,0.00965399999768124
17430,0.00961740000275313
17431,0.009991099999751896
17432,0.010341100001824088
17433,0.00987149999855319
17434,0.010083600001962623
17435,0.010180799999943702
17436,0.009929200001352001
17437,0.009330799999588635
17438,0.008641399999760324
17439,0.009522400003334042
17440,0.009942300002876436
17441,0.009082599997782381
17442,0.011212400000658818
17443,0.011083900000812719
17444,0.008077700000285404
17445,0.008676599998580059
17446,0.010034699997049756
17447,0.010227899998426437
17448,0.009867400000075577
17449,0.00733100000070408
17450,0.008124899999529589
17451,0.00857249999899068
17452,0.009399499998835381
17453,0.008604499998909887
17454,0.010064399997645523
17455,0.00698519999787095
17456,0.010024999999586726
17457,0.01010859999951208
17458,0.007439000000886153
17459,0.00874860000112676
17460,0.0073913000014727
17461,0.008090399998764042
17462,0.007317399999010377
17463,0.00848059999771067
17464,0.011350000000675209
17465,0.010480099997948855
17466,0.010282399998686742
17467,0.009987499997805571
17468,0.01032429999759188
17469,0.010613100002956344
17470,0.009468600001127925
17471,0.012851799998315983
17472,0.010110700000950601
17473,0.01078350000170758
17474,0.010518800001591444
17475,0.010900900000706315
17476,0.01039659999878495
17477,0.008746100000280421
17478,0.007361399999354035
17479,0.011353900001267903
17480,0.011045800001738826
17481,0.00939959999959683
17482,0.010769500000606058
17483,0.011300900001515402
17484,0.008585100000345847
17485,0.009205800000927411
17486,0.008645800000522286
17487,0.010364300000219373
17488,0.012630300003365846
17489,0.008774100002483465
17490,0.010127000001375563
17491,0.010433200000989018
17492,0.010237099999358179
17493,0.008979199999885168
17494,0.008794100001978222
17495,0.008466100000077859
17496,0.00929570000153035
17497,0.008099999999103602
17498,0.009023999999044463
17499,0.008397000001423294
17500,0.009627400002500508
17501,0.008687400000781054
17502,0.010283100000378909
17503,0.010726500000600936
17504,0.009985900000174297
17505,0.010131700000783894
17506,0.010651900000084424
17507,0.008616899998742156
17508,0.010501600001589395
17509,0.010232600001472747
17510,0.011502699999255128
17511,0.011031500001990935
17512,0.010387700000137556
17513,0.009012099999381462
17514,0.00809070000104839
17515,0.006563899998582201
17516,0.008425199997873278
17517,0.009536599998682505
17518,0.009348399998998502
17519,0.008662500000355067
17520,0.009534199998597614
17521,0.009458500000619097
17522,0.007301100002223393
17523,0.00828910000200267
17524,0.007314899998164037
17525,0.009880300000077114
17526,0.00827710000157822
17527,0.008314999999129213
17528,0.006930400002602255
17529,0.008078200000454672
17530,0.007381299998087343
17531,0.010285800002748147
17532,0.010505700000067009
17533,0.009467700001550838
17534,0.010153499999432825
17535,0.010159899997233879
17536,0.010129799997230293
17537,0.010099800001626136
17538,0.009921400000166614
17539,0.009568400000716792
17540,0.009765599999809638
17541,0.010064099998999154
17542,0.009988100002374267
17543,0.009146399999735877
17544,0.010612199999741279
17545,0.01035549999869545
17546,0.010003299998061266
17547,0.00968529999954626
17548,0.009709800000564428
17549,0.008562200000596931
17550,0.01040619999912451
17551,0.01003580000178772
17552,0.00942130000112229
17553,0.009037600000738166
17554,0.006971999999223044
17555,0.008483100002194988
17556,0.009535900000628317
17557,0.010350900000048568
17558,0.010494499998458195
17559,0.009117599998717196
17560,0.010830399998667417
17561,0.010310400000889786
17562,0.008713999999599764
17563,0.009599599998182384
17564,0.00925439999991795
17565,0.010274199998093536
17566,0.00987140000142972
17567,0.009504900001047645
17568,0.009658099999796832
17569,0.009450199999264441
17570,0.00937319999866304
17571,0.009185500002786284
17572,0.009744099999807077
17573,0.009228999999322696
17574,0.007012499998381827
17575,0.00888430000122753
17576,0.010484200000064448
17577,0.011665099998936057
17578,0.010586200001853285
17579,0.009559000001900131
17580,0.01016190000154893
17581,0.00992489999771351
17582,0.009496700000454439
17583,0.009220200001436751
17584,0.007347700000536861
17585,0.00887230000080308
17586,0.008512500000506407
17587,0.010257199999614386
17588,0.010171000001719221
17589,0.00992200000109733
17590,0.009449499997572275
17591,0.009480799999437295
17592,0.009373599998070858
17593,0.009861300000920892
17594,0.010037799998826813
17595,0.00961029999962193
17596,0.009972399999242043
17597,0.009077000002434943
17598,0.009692800002085278
17599,0.009047300001839176
17600,0.010343099998863181
17601,0.010429999998450512
17602,0.00996569999915664
17603,0.01033109999843873
17604,0.010209600000962382
17605,0.009990999998990446
17606,0.011112199998024153
17607,0.010582000002614222
17608,0.009996500000852393
17609,0.010525599998800317
17610,0.009062000000994885
17611,0.011130799997772556
17612,0.01110790000166162
17613,0.008452200003375765
17614,0.009563800002069911
17615,0.009867900000244845
17616,0.00952060000054189
17617,0.008735100000194507
17618,0.00728739999976824
17619,0.00962699999945471
17620,0.00981560000218451
17621,0.00954019999699085
17622,0.009903999998641666
17623,0.009477499999775318
17624,0.010653800000000047
17625,0.010119700000359444
17626,0.01000670000212267
17627,0.0113232000003336
17628,0.010721799997554626
17629,0.009414699998160359
17630,0.008430800000496674
17631,0.007295700001122896
17632,0.008127500001137378
17633,0.006895099999383092
17634,0.008578799999668263
17635,0.008489300002111122
17636,0.010030500001448672
17637,0.010264600001391955
17638,0.00945789999968838
17639,0.009747299998707604
17640,0.010046800001873635
17641,0.00794300000052317
17642,0.007293899998330744
17643,0.009696700002677971
17644,0.009777999999641906
17645,0.009390200000780169
17646,0.009491700002399739
17647,0.009954099998140009
17648,0.009464400001888862
17649,0.010020400000939844
17650,0.00911179999820888
17651,0.009711499998957152
17652,0.009257800000341376
17653,0.011395000001357403
17654,0.011847800000396091
17655,0.011173999999300577
17656,0.008523100001184503
17657,0.010672500000509899
17658,0.010090800002217293
17659,0.009114699998463038
17660,0.009790800002519973
17661,0.00848500000211061
17662,0.009151999998721294
17663,0.008483500001602806
17664,0.011149799996928778
17665,0.011759900000470225
17666,0.009443800001463387
17667,0.010059299998829374
17668,0.00932479999755742
17669,0.00735759999952279
17670,0.008934800000133691
17671,0.009909399999742163
17672,0.009866399999737041
17673,0.010300900001311675
17674,0.00935110000136774
17675,0.009813900000153808
17676,0.00859639999907813
17677,0.010385100002167746
17678,0.010412199997517746
17679,0.009437100001377985
17680,0.010037100000772625
17681,0.00936330000331509
17682,0.008709699999599252
17683,0.009790299998712726
17684,0.009857299999566749
17685,0.0106433000000834
17686,0.008701799997652415
17687,0.0070870999988983385
17688,0.007007700001850026
17689,0.011281099999905564
17690,0.011152999999467283
17691,0.010388400001829723
17692,0.009620500000892207
17693,0.010316399999283021
17694,0.009906100000080187
17695,0.010515100002521649
17696,0.010497100000065984
17697,0.00998510000135866
17698,0.009273199997551274
17699,0.009423399998922832
17700,0.008973399999376852
17701,0.00910450000083074
17702,0.009026200001244433
17703,0.009921200002281694
17704,0.009522000000288244
17705,0.008339500000147382
17706,0.008067099999607308
17707,0.008571899998059962
17708,0.009638199997425545
17709,0.009242899999662768
17710,0.009530899998935638
17711,0.008563600000343286
17712,0.010828200000105426
17713,0.009821299998293398
17714,0.007332699999096803
17715,0.009182500001770677
17716,0.010072799999761628
17717,0.01071589999992284
17718,0.010201900000538444
17719,0.009978999998565996
17720,0.01065770000059274
17721,0.010105299999850104
17722,0.010753300000942545
17723,0.010912599998846417
17724,0.010987000001478009
17725,0.010286299999279436
17726,0.011181099998793798
17727,0.010738000000856118
17728,0.009548300000460586
17729,0.011015699998097261
17730,0.010444200001074933
17731,0.011358200001268415
17732,0.010843799998838222
17733,0.009800899999390822
17734,0.008627100000012433
17735,0.008960499999375315
17736,0.008226900001318427
17737,0.009096000001591165
17738,0.009206999999150867
17739,0.010686300000088522
17740,0.009715500000311295
17741,0.008713800001714844
17742,0.009382100000948412
17743,0.009688800000731135
17744,0.009989399997721193
17745,0.010179600001720246
17746,0.010394699998869328
17747,0.009956800000509247
17748,0.01003389999823412
17749,0.009587299999111565
17750,0.008006899999600137
17751,0.0069904000010865275
17752,0.009093000000575557
17753,0.010031699999672128
17754,0.009117999998125015
17755,0.010444699997606222
17756,0.010178099997574463
17757,0.010199499996815575
17758,0.010071599997900194
17759,0.010053499998321058
17760,0.009897299998556264
17761,0.01011579999976675
17762,0.010226799997326452
17763,0.009920699998474447
17764,0.00954499999716063
17765,0.008153499999025371
17766,0.007788099999743281
17767,0.009425000000192085
17768,0.01023410000198055
17769,0.009653000000980683
17770,0.00998750000144355
17771,0.010183100002905121
17772,0.010087300001032418
17773,0.01029479999851901
17774,0.009966400000848807
17775,0.009945800000423333
17776,0.009872000002360437
17777,0.009499499999947147
17778,0.009504500001639826
17779,0.009818700000323588
17780,0.009523900000203867
17781,0.009138899997196859
17782,0.008456899999146117
17783,0.011074699999880977
17784,0.009489699998084689
17785,0.006943600001250161
17786,0.008764499998505926
17787,0.006859000000986271
17788,0.008508999999321532
17789,0.009925800000928575
17790,0.010889699999097502
17791,0.010094299999764189
17792,0.00905839999904856
17793,0.01018119999935152
17794,0.010114100001374027
17795,0.008583899998484412
17796,0.009242000000085682
17797,0.00850660000287462
17798,0.009201099997881101
17799,0.007402600000204984
17800,0.008931600001233164
17801,0.008574800001952099
17802,0.009826000001339708
17803,0.009050600001501152
17804,0.00911429999905522
17805,0.00968750000174623
17806,0.009413700001459802
17807,0.010606499999994412
17808,0.009150999998382758
17809,0.009943099998054095
17810,0.009672000000136904
17811,0.008543899999494897
17812,0.009527100002742372
17813,0.008955199999036267
17814,0.008720999998331536
17815,0.00937569999950938
17816,0.00844649999999092
17817,0.009627700001146877
17818,0.00850709999940591
17819,0.01100880000012694
17820,0.010320299999875715
17821,0.011230500000237953
17822,0.011457000000518747
17823,0.010302800001227297
17824,0.00872489999892423
17825,0.010079299998324132
17826,0.01012070000069798
17827,0.009912000001349952
17828,0.010156000000279164
17829,0.009927700000844197
17830,0.010104299999511568
17831,0.01014959999884013
17832,0.009655499998189043
17833,0.00788529999772436
17834,0.0069863999997323845
17835,0.009098999998968793
17836,0.008973199997853953
17837,0.009839199999987613
17838,0.009988699999667006
17839,0.00815139999758685
17840,0.008982499999547144
17841,0.009455700001126388
17842,0.009541600000375183
17843,0.009732200000144076
17844,0.009091200001421385
17845,0.009896200001094257
17846,0.009055200000148034
17847,0.010038000000349712
17848,0.008077900001808302
17849,0.009577400000125635
17850,0.009360100000776583
17851,0.007290000001376029
17852,0.008425599997281097
17853,0.0073391000005358364
17854,0.008687300000019604
17855,0.008561400001781294
17856,0.010259599999699276
17857,0.010291999999026302
17858,0.0073932000013883226
17859,0.007859599998482736
17860,0.009978400001273258
17861,0.010230799998680595
17862,0.010086300000693882
17863,0.009091800002352102
17864,0.009175899998808745
17865,0.008506300000590272
17866,0.009870300000329735
17867,0.009081300002435455
17868,0.011211199998797383
17869,0.010102600001118844
17870,0.009121700000832789
17871,0.009897500000079162
17872,0.009519999999611173
17873,0.010005600001022685
17874,0.009281300001021009
17875,0.007355999998253537
17876,0.009118199999647914
17877,0.006907700000738259
17878,0.00945779999892693
17879,0.009438099998078542
17880,0.011041400000976864
17881,0.01002869999865652
17882,0.008554100000765175
17883,0.01109809999979916
17884,0.010648899999068817
17885,0.00857449999966775
17886,0.00944080000044778
17887,0.008520700001099613
17888,0.010663400000339607
17889,0.01155780000044615
17890,0.009978899997804547
17891,0.010295300002326258
17892,0.010136499997315696
17893,0.009903199999826029
17894,0.008367799997358816
17895,0.007310000000870787
17896,0.009770200002094498
17897,0.010223000001133187
17898,0.009418599998753052
17899,0.009892499998386484
17900,0.009612300000299001
17901,0.007979099998919992
17902,0.007318799998756731
17903,0.01020799999969313
17904,0.009785499998542946
17905,0.009376000001793727
17906,0.009766099999978906
17907,0.009421200000360841
17908,0.009770399999979418
17909,0.010012999999162275
17910,0.009927500002959277
17911,0.010421899998618755
17912,0.010274500000377884
17913,0.009476300001551863
17914,0.008559500001865672
17915,0.006923299999471055
17916,0.009305999999924097
17917,0.010075099999085069
17918,0.009568699999363162
17919,0.010078600000269944
17920,0.009923900001012953
17921,0.009339999996882398
17922,0.008790399999270448
17923,0.011334999999235151
17924,0.010138400000869296
17925,0.010061700002552243
17926,0.00949160000163829
17927,0.009819800001423573
17928,0.009982399998989422
17929,0.010680399998818757
17930,0.010281200000463286
17931,0.009567900000547525
17932,0.0102852999989409
17933,0.010159999997995328
17934,0.009079699997528223
17935,0.009023599999636644
17936,0.0068542000008164905
17937,0.009041999997862149
17938,0.010765200000605546
17939,0.009070599997357931
17940,0.009089499999390682
17941,0.00845860000117682
17942,0.008774500001891283
17943,0.008477600000333041
17944,0.009285399999498622
17945,0.007821999999578111
17946,0.009373799999593757
17947,0.009471000001212815
17948,0.008804000000964152
17949,0.009342599998490186
17950,0.008525200002623023
17951,0.010497600000235252
17952,0.011149300000397488
17953,0.00856019999991986
17954,0.009534000000712695
17955,0.00845580000168411
17956,0.009636099999625003
17957,0.008509700001013698
17958,0.010480499997356674
17959,0.0102924000020721
17960,0.009953299999324372
17961,0.00833029999921564
17962,0.00688589999845135
17963,0.008089099999779137
17964,0.0068872999981977046
17965,0.009086699999897974
17966,0.01000979999662377
17967,0.01001199999882374
17968,0.009444199997233227
17969,0.007372399999439949
17970,0.0089447000027576
17971,0.009877200001938036
17972,0.009001200000056997
17973,0.00866410000162432
17974,0.010404299999208888
17975,0.009851899998466251
17976,0.009604599999875063
17977,0.00957869999911054
17978,0.009646500002418179
17979,0.006910500000230968
17980,0.007767400002194336
17981,0.006920099996932549
17982,0.0069695000020146836
17983,0.011146800003189128
17984,0.009734200000821147
17985,0.007344400000874884
17986,0.008067700000538025
17987,0.006924199999048142
17988,0.008595300001616124
17989,0.008532800002285512
17990,0.010535400000662776
17991,0.010755600000265986
17992,0.009406699999090051
17993,0.009205399997881614
17994,0.0073455000019748695
17995,0.008342699999047909
17996,0.007726299998466857
17997,0.009028399999806425
17998,0.0076941999977862
17999,0.009491099997831043
18000,0.009433900002477458
18001,0.007744099999399623
18002,0.00863519999984419
18003,0.008956000001489883
18004,0.009647299997595837
18005,0.008859300000040093
18006,0.009935400001268135
18007,0.009847799999988638
18008,0.009404700002050959
18009,0.010273899999447167
18010,0.010768899999675341
18011,0.011188899999979185
18012,0.010133600000699516
18013,0.009397900001204107
18014,0.010242700001981575
18015,0.010887199998251162
18016,0.009888999997201608
18017,0.009961699997802498
18018,0.010150499998417217
18019,0.009859000001597451
18020,0.010117599998920923
18021,0.009981399998650886
18022,0.009376899997732835
18023,0.009663700002420228
18024,0.009396199999173405
18025,0.0115168000011181
18026,0.010471099998540012
18027,0.00944819999858737
18028,0.010323200000129873
18029,0.010272799998347182
18030,0.009524199998850236
18031,0.009662200001912424
18032,0.009078499999304768
18033,0.00944560000061756
18034,0.009206999999150867
18035,0.009114999997109408
18036,0.010767899999336805
18037,0.0100456000000122
18038,0.007896600000094622
18039,0.007974899999680929
18040,0.009596299998520408
18041,0.010012099999585189
18042,0.009182600002532126
18043,0.00978910000048927
18044,0.00977979999879608
18045,0.009117099998547928
18046,0.009623999998439103
18047,0.008507700000336627
18048,0.010292999999364838
18049,0.010239999999612337
18050,0.008614300000772346
18051,0.009136600001511397
18052,0.008529599999747006
18053,0.009954299999662908
18054,0.0086860000010347
18055,0.010015899999416433
18056,0.008793000000878237
18057,0.010058199997729389
18058,0.010524199999053963
18059,0.009450800000195159
18060,0.009443799997825408
18061,0.009516900001472095
18062,0.009366000002046349
18063,0.009942499997123377
18064,0.00998260000051232
18065,0.008226400001149159
18066,0.00884809999843128
18067,0.008158199998433702
18068,0.008302800000819843
18069,0.006598300002224278
18070,0.007561100002931198
18071,0.008514500001183478
18072,0.009414099997229641
18073,0.008461199999146629
18074,0.009372500000608852
18075,0.008498900002450682
18076,0.011433100000431295
18077,0.010804099998495076
18078,0.010074099998746533
18079,0.010940399999526562
18080,0.010346099999878788
18081,0.009376099998917198
18082,0.009656800000811927
18083,0.009187499999825377
18084,0.00999999999839929
18085,0.009954900000593625
18086,0.009567700002662605
18087,0.00920369999948889
18088,0.009163499998976476
18089,0.00904179999997723
18090,0.009768199997779448
18091,0.00841039999795612
18092,0.011530200001288904
18093,0.009558900001138682
18094,0.007070199997542659
18095,0.007856500000343658
18096,0.010758899999927962
18097,0.01003850000051898
18098,0.009095100002014078
18099,0.00798909999866737
18100,0.0073749000002862886
18101,0.007906200000434183
18102,0.00735759999952279
18103,0.007870900000852998
18104,0.006935299999895506
18105,0.009416199998668162
18106,0.009622099998523481
18107,0.01013510000120732
18108,0.00975779999862425
18109,0.009164600000076462
18110,0.010299199999280972
18111,0.010143399998923996
18112,0.010049999997136183
18113,0.009822799998801202
18114,0.009408699999767123
18115,0.009100200000830228
18116,0.009822599997278303
18117,0.00993430000016815
18118,0.010073500001453795
18119,0.010334800001146505
18120,0.00917200000185403
18121,0.009761500001332024
18122,0.009522499996819533
18123,0.011219600000913488
18124,0.009778999999980442
18125,0.007327700001042103
18126,0.009013099999719998
18127,0.00984020000032615
18128,0.010368999999627704
18129,0.010561499999312218
18130,0.009435799998755101
18131,0.010087300001032418
18132,0.009663900000305148
18133,0.009505300000455463
18134,0.010049399999843445
18135,0.009516100002656458
18136,0.011394100001780316
18137,0.010867900000448572
18138,0.009872199996607378
18139,0.01003599999967264
18140,0.010282499999448191
18141,0.00939730000027339
18142,0.010579500001767883
18143,0.01045449999946868
18144,0.009489500000199769
18145,0.009900100001686951
18146,0.009840599999733968
18147,0.00981090000277618
18148,0.010029399996710708
18149,0.009541799998260103
18150,0.010218200000963407
18151,0.009937399998307228
18152,0.008554400003049523
18153,0.009901500001433305
18154,0.00953020000088145
18155,0.00947979999909876
18156,0.009768300002178876
18157,0.009345399997982895
18158,0.009799600000405917
18159,0.008452000001852866
18160,0.007377199999609729
18161,0.0068762000009883195
18162,0.009930600001098355
18163,0.010131700000783894
18164,0.009924400001182221
18165,0.009742800000822172
18166,0.010303799997927854
18167,0.009477799998421688
18168,0.010973700002068654
18169,0.011120899998786626
18170,0.007047600000078091
18171,0.007008500000665663
18172,0.008619199998065596
18173,0.008689999998750864
18174,0.007223199998406926
18175,0.0075283000005583744
18176,0.009052699999301694
18177,0.00880709999910323
18178,0.009069500003533904
18179,0.010292999999364838
18180,0.01074240000161808
18181,0.009476600000198232
18182,0.009309700002631871
18183,0.007323400001041591
18184,0.009310900000855327
18185,0.009544500000629341
18186,0.01151190000018687
18187,0.011167699998622993
18188,0.008691499999258667
18189,0.010389800001576077
18190,0.010935599999356782
18191,0.009395199998834869
18192,0.010365699999965727
18193,0.010214300000370713
18194,0.009415900000021793
18195,0.009980800001358148
18196,0.009902400001010392
18197,0.009759600001416402
18198,0.009838499998295447
18199,0.008616900002380135
18200,0.01006979999874602
18201,0.010236000001896173
18202,0.0084562999982154
18203,0.010493699999642558
18204,0.010915799997746944
18205,0.008599599997978657
18206,0.009504800000286195
18207,0.008538699999917299
18208,0.010274899999785703
18209,0.009964400000171736
18210,0.010157500000786968
18211,0.010300699999788776
18212,0.009540799997921567
18213,0.009764399997948203
18214,0.00973340000200551
18215,0.00810510000155773
18216,0.008496200000081444
18217,0.009323499998572515
18218,0.009156600001006154
18219,0.008507799997460097
18220,0.01053429999956279
18221,0.01056600000083563
18222,0.010294499999872642
18223,0.008143400002154522
18224,0.006886200000735698
18225,0.010432699997181771
18226,0.007429000001138775
18227,0.008942700002080528
18228,0.009396500001457753
18229,0.010020199999416946
18230,0.008859200002916623
18231,0.007329199997911928
18232,0.009867199998552678
18233,0.010362900000473019
18234,0.011354499998560641
18235,0.010465100000146776
18236,0.010063000001537148
18237,0.009879799999907846
18238,0.008724200000870042
18239,0.006866100000479491
18240,0.008568799999920884
18241,0.009390700000949437
18242,0.010107300000527175
18243,0.010242699998343596
18244,0.011104900000646012
18245,0.009499399999185698
18246,0.008699199999682605
18247,0.009472999998251908
18248,0.010356599999795435
18249,0.010694599997805199
18250,0.010451999998622341
18251,0.00971179999760352
18252,0.007375799999863375
18253,0.008864100000209874
18254,0.008995000000140863
18255,0.010376700000051642
18256,0.010269200000038836
18257,0.009101299998292234
18258,0.010418099998787511
18259,0.00997040000220295
18260,0.009235400000761729
18261,0.009407900000951486
18262,0.008565699998143828
18263,0.00924010000017006
18264,0.008513400000083493
18265,0.008435900002950802
18266,0.006886600000143517
18267,0.010052699999505421
18268,0.011748799999622861
18269,0.010032199999841396
18270,0.010659999999916181
18271,0.010470099998201476
18272,0.008679700000357116
18273,0.008835000000544824
18274,0.0073582000004535075
18275,0.009212900000420632
18276,0.010346200000640238
18277,0.010145300002477597
18278,0.010439099998620804
18279,0.010073800000100164
18280,0.011351099998137215
18281,0.010856599998078309
18282,0.009539799997583032
18283,0.01016439999875729
18284,0.0101280000017141
18285,0.010710299997299444
18286,0.008318800002598437
18287,0.007338899999012938
18288,0.00802050000129384
18289,0.007320599997910904
18290,0.00842719999855035
18291,0.007325800001126481
18292,0.0083277999983693
18293,0.007351899999775924
18294,0.011814000001322711
18295,0.009466999999858672
18296,0.008492000000842381
18297,0.009226400001352886
18298,0.008524199998646509
18299,0.009779700001672609
18300,0.00976760000048671
18301,0.006909899999300251
18302,0.00691019999794662
18303,0.011313299997709692
18304,0.009476499999436783
18305,0.00730190000103903
18306,0.009343300000182353
18307,0.010011499998654472
18308,0.01009170000179438
18309,0.009809099999984028
18310,0.008457200001430465
18311,0.010381399999459973
18312,0.010044999999081483
18313,0.009100999999645865
18314,0.008964900000137277
18315,0.007286600000952603
18316,0.00898830000005546
18317,0.0089304999964952
18318,0.009737299998960225
18319,0.008950200000981567
18320,0.010928299998340663
18321,0.010162899998249486
18322,0.009506599999440368
18323,0.009794699999474688
18324,0.009636200000386452
18325,0.009898699998302618
18326,0.0106190999977116
18327,0.010590499998215819
18328,0.009099399998376612
18329,0.00994659999923897
18330,0.007450699999026256
18331,0.00960779999877559
18332,0.009945699999661883
18333,0.007793700002366677
18334,0.006843999999546213
18335,0.010629899999912595
18336,0.010189500000706175
18337,0.008479999996779952
18338,0.010902800000621937
18339,0.010765099999844097
18340,0.009986599998228485
18341,0.011038500000722706
18342,0.011095499998191372
18343,0.00992720000067493
18344,0.010763199999928474
18345,0.01039400000081514
18346,0.007342300003074342
18347,0.008409099998971215
18348,0.00850189999982831
18349,0.009136900000157766
18350,0.008468500000162749
18351,0.009436100001039449
18352,0.008505100002366817
18353,0.011111399999208516
18354,0.0111055999987002
18355,0.00990280000041821
18356,0.010157900000194786
18357,0.009314099999755854
18358,0.008645499998237938
18359,0.00989349999872502
18360,0.010116400000697467
18361,0.00866400000086287
18362,0.008190900000045076
18363,0.010044800001196563
18364,0.009637500003009336
18365,0.008482100001856452
18366,0.009223999997630017
18367,0.008691500002896646
18368,0.010257699999783654
18369,0.009408800000528572
18370,0.006869699998787837
18371,0.00858449999941513
18372,0.010009199999331031
18373,0.010461400001076981
18374,0.009957799997209804
18375,0.009609999997337582
18376,0.010553699998126831
18377,0.01078620000043884
18378,0.009956899997632718
18379,0.009367500002554152
18380,0.007393299998511793
18381,0.008735700001125224
18382,0.008471900000586174
18383,0.009333599999081343
18384,0.008670999999594642
18385,0.00711599999704049
18386,0.006899299998622155
18387,0.01067490000059479
18388,0.010188000000198372
18389,0.00997319999805768
18390,0.009490500000538304
18391,0.00975069999913103
18392,0.009177800002362346
18393,0.010527499998715939
18394,0.009980999999243068
18395,0.010292299997672671
18396,0.010119200000190176
18397,0.009838100002525607
18398,0.009744899998622714
18399,0.009727500000735745
18400,0.009991499999159714
18401,0.00994400000126916
18402,0.009391999999934342
18403,0.010213500001555076
18404,0.010317200001736637
18405,0.009920399999828078
18406,0.010380799998529255
18407,0.010141599999769824
18408,0.0107086000025447
18409,0.011540600000444101
18410,0.010828599999513244
18411,0.01095319999876665
18412,0.008897400002751965
18413,0.009192199999233708
18414,0.008488799998303875
18415,0.009824299999309005
18416,0.011191400000825524
18417,0.011789599997428013
18418,0.009937900002114475
18419,0.009302599999500671
18420,0.010381200001575053
18421,0.010059999996883562
18422,0.009012800001073629
18423,0.009519799998088274
18424,0.010547999998379964
18425,0.010608100001263665
18426,0.010614900002110517
18427,0.011004799998772796
18428,0.009894700000586454
18429,0.00940219999756664
18430,0.008475200000248151
18431,0.00948670000070706
18432,0.009410500002559274
18433,0.010129400001460453
18434,0.010262299998430535
18435,0.009026300002005883
18436,0.00950639999791747
18437,0.009660100000473903
18438,0.00903449999896111
18439,0.008795699999609496
18440,0.00850689999788301
18441,0.010029299999587238
18442,0.010336899998947047
18443,0.008587700001953635
18444,0.009811700001591817
18445,0.011378399998648092
18446,0.010327200001484016
18447,0.010821800002304371
18448,0.010219699997833231
18449,0.008143099999870174
18450,0.00735039999926812
18451,0.008261000002676155
18452,0.007377199999609729
18453,0.008304499999212567
18454,0.007353299999522278
18455,0.008228099999541882
18456,0.007342600001720712
18457,0.01045200000226032
18458,0.010373000000981847
18459,0.009957599999324884
18460,0.010392500000307336
18461,0.01057280000168248
18462,0.009859600002528168
18463,0.008914999998523854
18464,0.006954899999982445
18465,0.008183000001736218
18466,0.006994300001679221
18467,0.008958700000221143
18468,0.00852130000203033
18469,0.010211999997409293
18470,0.010207300001638941
18471,0.009105999997700565
18472,0.010251800002151867
18473,0.009658000002673361
18474,0.01028539999970235
18475,0.010529900002438808
18476,0.00999700000102166
18477,0.007932500000606524
18478,0.007381300001725322
18479,0.01125510000201757
18480,0.009771000000910135
18481,0.008506300000590272
18482,0.009971499999664957
18483,0.009559600002830848
18484,0.010005899999669055
18485,0.010614700000587618
18486,0.01000940000085393
18487,0.010221699998510303
18488,0.01069429999915883
18489,0.00991749999957392
18490,0.010199699998338474
18491,0.009570899997925153
18492,0.009532100000797072
18493,0.009388099999341648
18494,0.008677800000441493
18495,0.009182700003293576
18496,0.009254000000510132
18497,0.010709400001360336
18498,0.011117800000647549
18499,0.010538599999563303
18500,0.009431700000277488
18501,0.009643000001233304
18502,0.009499899999354966
18503,0.010159900000871858
18504,0.009800600000744453
18505,0.009548300000460586
18506,0.010995399999956135
18507,0.010254500000883127
18508,0.00994150000042282
18509,0.01069449999704375
18510,0.010153100000025006
18511,0.008598399999755202
18512,0.010433499999635387
18513,0.009942299999238458
18514,0.010155500000109896
18515,0.010969300001306692
18516,0.011017400000127964
18517,0.009654099998442689
18518,0.009795699999813223
18519,0.009568500001478242
18520,0.01090950000070734
18521,0.010548399997787783
18522,0.008559800000512041
18523,0.010010099998908117
18524,0.01095270000223536
18525,0.009958900001947768
18526,0.010266999997838866
18527,0.010115000000951113
18528,0.009894300001178635
18529,0.009955399997124914
18530,0.009877299999061506
18531,0.01010630000018864
18532,0.010305899999366375
18533,0.009944599998561898
18534,0.010130900001968257
18535,0.010133699997822987
18536,0.007438700002239784
18537,0.007479100000637118
18538,0.009153000002697809
18539,0.008660999999847263
18540,0.009968500002287328
18541,0.010489100000995677
18542,0.010202500001469161
18543,0.009892999998555752
18544,0.010184000002482207
18545,0.009428399996977532
18546,0.009848699999565724
18547,0.009552600000461098
18548,0.00951089999944088
18549,0.010366200000134995
18550,0.010547699999733595
18551,0.01078380000035395
18552,0.008778799998253817
18553,0.007292400001460919
18554,0.00920620000033523
18555,0.010037700001703342
18556,0.010051400000520516
18557,0.010590999998385087
18558,0.010175200000958284
18559,0.010414600001240615
18560,0.01120470000023488
18561,0.009925499998644227
18562,0.009105000001000008
18563,0.009758000000147149
18564,0.010503500001505017
18565,0.010447500000736909
18566,0.010131200000614626
18567,0.009633500001655193
18568,0.010280999998940388
18569,0.010787800001708092
18570,0.009991399998398265
18571,0.01019060000180616
18572,0.00985680000303546
18573,0.010188100000959821
18574,0.010446800002682721
18575,0.009944400000676978
18576,0.010218799998256145
18577,0.01028289999885601
18578,0.007800600000336999
18579,0.00876559999960591
18580,0.009052599998540245
18581,0.011593400002311682
18582,0.010792800003400771
18583,0.009118300000409363
18584,0.009649600000557257
18585,0.009225199999491451
18586,0.010036399999080459
18587,0.01032149999809917
18588,0.009177099997032201
18589,0.009211399999912828
18590,0.008729900000616908
18591,0.010244799999782117
18592,0.01043990000107442
18593,0.00999980000051437
18594,0.011409999999159481
18595,0.01119509999989532
18596,0.009585599997080863
18597,0.009505799996986752
18598,0.009195099999487866
18599,0.00741099999868311
18600,0.008862800001224969
18601,0.008503400000336114
18602,0.01032169999962207
18603,0.010222099997918122
18604,0.008556099997804267
18605,0.009527100002742372
18606,0.00867360000120243
18607,0.00966590000098222
18608,0.009224699999322183
18609,0.01049300000158837
18610,0.010310800000297604
18611,0.009452500002225861
18612,0.00976240000090911
18613,0.010185700000874931
18614,0.01004589999865857
18615,0.010901800000283401
18616,0.009778999999980442
18617,0.010150899997825036
18618,0.00994409999839263
18619,0.008742899997741915
18620,0.010341900000639725
18621,0.008808700000372482
18622,0.010052400000859052
18623,0.01061439999830327
18624,0.010064699999929871
18625,0.00943580000239308
18626,0.010513799999898765
18627,0.010132699997484451
18628,0.009066900001926115
18629,0.009355199999845354
18630,0.010783099998661783
18631,0.010604299997794442
18632,0.010532599997532088
18633,0.009963799999241019
18634,0.00889390000156709
18635,0.008597500000178115
18636,0.008185899998352397
18637,0.007384399999864399
18638,0.010066900002129842
18639,0.009826599998632446
18640,0.006959599999390775
18641,0.008289800000056857
18642,0.009081000000151107
18643,0.010429199999634875
18644,0.009209600000758655
18645,0.009091399999306304
18646,0.009056999999302207
18647,0.00950590000138618
18648,0.009978399997635279
18649,0.010044300001027295
18650,0.009790100000827806
18651,0.009618099997169338
18652,0.009459000000788365
18653,0.009777800001756987
18654,0.009420599999430124
18655,0.007906499999080552
18656,0.007341300002735807
18657,0.009107199999561999
18658,0.00940940000145929
18659,0.00857239999822923
18660,0.009625700000469806
18661,0.009611900000891183
18662,0.009141499998804647
18663,0.009111100000154693
18664,0.008652500000607688
18665,0.009303399998316308
18666,0.009086000001843786
18667,0.009709699999802979
18668,0.00895680000030552
18669,0.011923999998543877
18670,0.012131700001191348
18671,0.01033119999920018
18672,0.01053170000159298
18673,0.009506500002316898
18674,0.007721800000581425
18675,0.010695999997551553
18676,0.010203400001046248
18677,0.010080099997139769
18678,0.010668200000509387
18679,0.010253399999783142
18680,0.008568399996875087
18681,0.009710700000141514
18682,0.009422199997061398
18683,0.010356700000556884
18684,0.009984199998143595
18685,0.007397000001219567
18686,0.008420400001341477
18687,0.007347399998252513
18688,0.008239900002081413
18689,0.007347099999606144
18690,0.009019400000397582
18691,0.009706300003017532
18692,0.01069890000144369
18693,0.010871999998926185
18694,0.009917300001689
18695,0.00879250000070897
18696,0.007345900001382688
18697,0.00906119999854127
18698,0.008563499999581836
18699,0.010347300001740223
18700,0.010012700000515906
18701,0.008499999999912689
18702,0.009619100001145853
18703,0.009054999998625135
18704,0.009233900000253925
18705,0.009544299999106443
18706,0.00962690000233124
18707,0.008713600000191946
18708,0.007342100001551444
18709,0.008075399997323984
18710,0.006925599998794496
18711,0.008529899998393375
18712,0.0072416000002704095
18713,0.009553399999276735
18714,0.010509100000490434
18715,0.01061649999974179
18716,0.009522799999103881
18717,0.0077092999999877065
18718,0.008879999997589039
18719,0.008946000001742505
18720,0.008778499999607448
18721,0.007832300001609838
18722,0.010226000002148794
18723,0.009931799999321811
18724,0.009909299998980714
18725,0.00992240000050515
18726,0.009272100000089267
18727,0.010082299999339739
18728,0.008984600000985665
18729,0.007386900000710739
18730,0.008972999999969034
18731,0.008639299998321803
18732,0.009200499996950384
18733,0.008686900000611786
18734,0.010344800000893883
18735,0.010283399999025278
18736,0.009464700000535231
18737,0.01067709999915678
18738,0.010253399999783142
18739,0.01006280000001425
18740,0.009308699998655356
18741,0.008834399999614106
18742,0.007479399999283487
18743,0.007772199998726137
18744,0.008571000002120854
18745,0.009564799998770468
18746,0.010146799999347422
18747,0.010191199999098899
18748,0.009623400001146365
18749,0.009531899999274174
18750,0.009849099998973543
18751,0.009503599998424761
18752,0.009877299999061506
18753,0.009615200000553159
18754,0.009392899999511428
18755,0.00998999999865191
18756,0.009851599999819882
18757,0.009546900000714231
18758,0.00908519999939017
18759,0.006953199997951742
18760,0.008627600000181701
18761,0.009916499999235384
18762,0.009374700002808822
18763,0.007832299997971859
18764,0.007782699998642784
18765,0.006997800002864096
18766,0.010209500000200933
18767,0.010745399998995708
18768,0.008966999997937819
18769,0.009280800000851741
18770,0.007654499997443054
18771,0.008230300001741853
18772,0.0072379000012006145
18773,0.010538099999394035
18774,0.007339699997828575
18775,0.01074480000170297
18776,0.0106091000016022
18777,0.010660799998731818
18778,0.010530700001254445
18779,0.01103779999903054
18780,0.010554399999818997
18781,0.008532200001354795
18782,0.009309399996709544
18783,0.00845850000041537
18784,0.010122100000444334
18785,0.010104100001626648
18786,0.010100400002556853
18787,0.010906600000453182
18788,0.011077700000896584
18789,0.011421199997130316
18790,0.009793699999136152
18791,0.008620100001280662
18792,0.009310999997978797
18793,0.009139499998127576
18794,0.008571999998821411
18795,0.010160900001210393
18796,0.010114599997905316
18797,0.0088722999971651
18798,0.008880900000804104
18799,0.009622600002330728
18800,0.010627600000589155
18801,0.008993499999633059
18802,0.007830599999579135
18803,0.007718699998804368
18804,0.00980379999964498
18805,0.010047700001450721
18806,0.009572899998602225
18807,0.011134099997434532
18808,0.009001900001749163
18809,0.00689809999676072
18810,0.008148199998686323
18811,0.007267000000865664
18812,0.008629600000858773
18813,0.009671399999206187
18814,0.010710000002291054
18815,0.01146840000001248
18816,0.013587199999165023
18817,0.008829799997329246
18818,0.009396000001288485
18819,0.009942200002114987
18820,0.009726600001158658
18821,0.009129899997788016
18822,0.010129300000699004
18823,0.008312800000567222
18824,0.009126799999648938
18825,0.010152899998502107
18826,0.010010199999669567
18827,0.010169799999857787
18828,0.011171199999807868
18829,0.009119300000747899
18830,0.010954299999866635
18831,0.011464600000181235
18832,0.009851400001934962
18833,0.01054389999990235
18834,0.011530499999935273
18835,0.011350600001605926
18836,0.00894029999835766
18837,0.009425399999599904
18838,0.009038700001838151
18839,0.009331299999757903
18840,0.008662799999001436
18841,0.008798200000455836
18842,0.009032699999806937
18843,0.009068700001080288
18844,0.009623699999792734
18845,0.008800600000540726
18846,0.010427400000480702
18847,0.010629899999912595
18848,0.010405000000901055
18849,0.010526699999900302
18850,0.010642199998983415
18851,0.010009000001446111
18852,0.011174100000062026
18853,0.011050000000977889
18854,0.011289800000668038
18855,0.009265900000173133
18856,0.007462699999450706
18857,0.00977940000302624
18858,0.009204300000419607
18859,0.007341399999859277
18860,0.008611900000687456
18861,0.009986500001105014
18862,0.009567900000547525
18863,0.00848989999940386
18864,0.00898830000005546
18865,0.009047699997609016
18866,0.006938399998034583
18867,0.007002000002103159
18868,0.007505500001570908
18869,0.007191900000179885
18870,0.010719500001869164
18871,0.011428599998907885
18872,0.008095299999695271
18873,0.009306600000854814
18874,0.00954950000232202
18875,0.007614800000737887
18876,0.008629299998574425
18877,0.0076652999996440485
18878,0.00861810000060359
18879,0.008968799997091992
18880,0.01032370000029914
18881,0.010445300002174918
18882,0.008512699998391327
18883,0.008698500001628418
18884,0.010469799999555107
18885,0.011632199999439763
18886,0.011573100000532577
18887,0.010890500001551118
18888,0.010299100002157502
18889,0.010186999999859836
18890,0.010786900002131006
18891,0.010192999998253072
18892,0.010090700001455843
18893,0.009989700000005541
18894,0.008675299999595154
18895,0.007320100001379615
18896,0.008196300001145573
18897,0.007356399997661356
18898,0.009355300000606803
18899,0.009669499999290565
18900,0.007344999998167623
18901,0.007439899996825261
18902,0.007893599999079015
18903,0.008784199999354314
18904,0.008994399999210145
18905,0.008943900000303984
18906,0.0072608999980730005
18907,0.009534000000712695
18908,0.010554600001341896
18909,0.009737700002006022
18910,0.009759299999132054
18911,0.008876100000634324
18912,0.009663000000728061
18913,0.008567900000343798
18914,0.009054900001501665
18915,0.009081799998966744
18916,0.010103000000526663
18917,0.010385600002337014
18918,0.009954000001016539
18919,0.01048340000124881
18920,0.010636800001520896
18921,0.010904999999183929
18922,0.009976800000004005
18923,0.009535900000628317
18924,0.008575300002121367
18925,0.008715299998584669
18926,0.007457600000634557
18927,0.010146799999347422
18928,0.010554999997111736
18929,0.010772099998575868
18930,0.010569099998974707
18931,0.010446500000398373
18932,0.01007219999883091
18933,0.01115860000209068
18934,0.010734299998148344
18935,0.01022460000240244
18936,0.010480699998879572
18937,0.010178399999858811
18938,0.00912850000167964
18939,0.01126750000184984
18940,0.01147560000026715
18941,0.009142200000496814
18942,0.008860600002662977
18943,0.007417000000714324
18944,0.009663000000728061
18945,0.010113600001204759
18946,0.010011799997300841
18947,0.010238000002573244
18948,0.009122800001932774
18949,0.011496900002384791
18950,0.010618500000418862
18951,0.008501699998305412
18952,0.010195900002145208
18953,0.010252800002490403
18954,0.009976599998481106
18955,0.009587100001226645
18956,0.008506499998475192
18957,0.010202699999354081
18958,0.010397099998954218
18959,0.00996820000000298
18960,0.010199299998930655
18961,0.00958589999936521
18962,0.010041600002296036
18963,0.010155600000871345
18964,0.006882300000143005
18965,0.008479100000840845
18966,0.009081500000320375
18967,0.008627200000773882
18968,0.007312499998079147
18969,0.008295900002849521
18970,0.007377200003247708
18971,0.009178300002531614
18972,0.008060000000114087
18973,0.009981799998058705
18974,0.010088999999425141
18975,0.009128100002271822
18976,0.009395500001119217
18977,0.008532700001524063
18978,0.009023799997521564
18979,0.009541599996737204
18980,0.011334200000419514
18981,0.010109399998327717
18982,0.0096296000010625
18983,0.009921099997882266
18984,0.010112500000104774
18985,0.010129100002814084
18986,0.011050200002500787
18987,0.010884299997997005
18988,0.010320400000637164
18989,0.010163499999180203
18990,0.010334899998269975
18991,0.010683300002710894
18992,0.009332699999504257
18993,0.009979099999327445
18994,0.009903599999233847
18995,0.007751999997708481
18996,0.00651560000187601
18997,0.008863600000040606
18998,0.010027699998317985
18999,0.010927400002401555
19000,0.01072779999958584
19001,0.009994399999413872
19002,0.010302800001227297
19003,0.009737399999721674
19004,0.008620399999927031
19005,0.011208100000658305
19006,0.01123359999837703
19007,0.01079089999984717
19008,0.009387600002810359
19009,0.00930290000178502
19010,0.00869579999925918
19011,0.00972630000251229
19012,0.010771100001875311
19013,0.010124399999767775
19014,0.00970949999828008
19015,0.008960499999375315
19016,0.01081020000128774
19017,0.010964199998852564
19018,0.006945500001165783
19019,0.008421200000157114
19020,0.009043899997777771
19021,0.008927199996833224
19022,0.009986499997467035
19023,0.008617300001787953
19024,0.007584899998619221
19025,0.009937399998307228
19026,0.009545299999444978
19027,0.006878899999719579
19028,0.008050899999943795
19029,0.0090950999983761
19030,0.010201199998846278
19031,0.00995120000152383
19032,0.010641999997460516
19033,0.010280299997248221
19034,0.009407699999428587
19035,0.011031899997760775
19036,0.01069179999831249
19037,0.009932900000421796
19038,0.010600300000078278
19039,0.009302099999331404
19040,0.009426700002222788
19041,0.010754999999335269
19042,0.009344300000520889
19043,0.007983300001797033
19044,0.007396700002573198
19045,0.008105699998850469
19046,0.007437199998094002
19047,0.01012310000078287
19048,0.010274600001139333
19049,0.00994169999830774
19050,0.010392500000307336
19051,0.0102681999997003
19052,0.009088800001336494
19053,0.01069649999772082
19054,0.010533299999224255
19055,0.00939959999959683
19056,0.009916499999235384
19057,0.008521800002199598
19058,0.009558699999615783
19059,0.009666699999797856
19060,0.01003610000043409
19061,0.010106500001711538
19062,0.010005899999669055
19063,0.0101399000013771
19064,0.009870499998214655
19065,0.00994649999847752
19066,0.01014279999799328
19067,0.010001499998907093
19068,0.00848519999999553
19069,0.009624499998608371
19070,0.010379200000897981
19071,0.00973629999862169
19072,0.009645999998610932
19073,0.009906799998134375
19074,0.010022800001024734
19075,0.01021279999986291
19076,0.009501900000032037
19077,0.00963680000131717
19078,0.00942379999833065
19079,0.009792699998797616
19080,0.009687300000223331
19081,0.010004100000514882
19082,0.009983300002204487
19083,0.009937999999237945
19084,0.009775400001672097
19085,0.010365699999965727
19086,0.010143899999093264
19087,0.009725199997774325
19088,0.010022200000094017
19089,0.01006539999798406
19090,0.012058200001774821
19091,0.010489399999642046
19092,0.009975000000849832
19093,0.01032409999970696
19094,0.01010609999866574
19095,0.00994880000143894
19096,0.01016170000002603
19097,0.00995139999940875
19098,0.009530899998935638
19099,0.009601199999451637
19100,0.007645900001080008
19101,0.008539700000255834
19102,0.008445100000244565
19103,0.010087099999509519
19104,0.01004070000271895
19105,0.008624599999166094
19106,0.00888400000258116
19107,0.006855700001324294
19108,0.007733299997198628
19109,0.008564399999158923
19110,0.009643299999879673
19111,0.008528100002877181
19112,0.010082500000862638
19113,0.010052400000859052
19114,0.010833299998921575
19115,0.01059019999956945
19116,0.010329599997930927
19117,0.009950399999070214
19118,0.011022399998182664
19119,0.009648300001572352
19120,0.010072699999000179
19121,0.01027819999944768
19122,0.009878000000753673
19123,0.010051699999166885
19124,0.010119899998244364
19125,0.008551599999918835
19126,0.009299000001192326
19127,0.00853360000110115
19128,0.010963500000798376
19129,0.009372000000439584
19130,0.006845399999292567
19131,0.007606300001498312
19132,0.0095352999996976
19133,0.009550200000376208
19134,0.008500100000674138
19135,0.010250700001051882
19136,0.010381000000052154
19137,0.007385299999441486
19138,0.00815599999987171
19139,0.010111999999935506
19140,0.009146699998382246
19141,0.007354099998337915
19142,0.008649100000184262
19143,0.007316100000025472
19144,0.009505199999694014
19145,0.007732300000498071
19146,0.010244900000543566
19147,0.010723700001108227
19148,0.010968999999022344
19149,0.00886969999919529
19150,0.007717200001934543
19151,0.011720899998181267
19152,0.01101339999877382
19153,0.010841200000868412
19154,0.00859399999899324
19155,0.009536900000966853
19156,0.009501900000032037
19157,0.010405699998955242
19158,0.010283399999025278
19159,0.008569599998736521
19160,0.009706499997264473
19161,0.010869200003071455
19162,0.010370500000135507
19163,0.009204599999065977
19164,0.007335500002227491
19165,0.00900299999921117
19166,0.009538999998767395
19167,0.010513600002013845
19168,0.0103144999993674
19169,0.010513599998375867
19170,0.010343599999032449
19171,0.010005799998907605
19172,0.009561300001223572
19173,0.010741599999164464
19174,0.008640700001706136
19175,0.009998100002121646
19176,0.010040699999080971
19177,0.009361899999930756
19178,0.010382499996921979
19179,0.01004829999874346
19180,0.006891400000313297
19181,0.007547100001829676
19182,0.009929899999406189
19183,0.010320299999875715
19184,0.009526300000288757
19185,0.010622900001180824
19186,0.010791400000016438
19187,0.010032399997726316
19188,0.011578600002394523
19189,0.010654900001100032
19190,0.010035299997980474
19191,0.009691699997347314
19192,0.010249799997836817
19193,0.00910709999880055
19194,0.009903400001348928
19195,0.010502500001166482
19196,0.01027800000156276
19197,0.009451899997657165
19198,0.010076999999000691
19199,0.009956999998394167
19200,0.010073199999169447
19201,0.009372599997732323
19202,0.008570999998482876
19203,0.007526400000642752
19204,0.008379299997613998
19205,0.007340100000874372
19206,0.009429500001715496
19207,0.009458599997742567
19208,0.010490699998626951
19209,0.01081510000221897
19210,0.010597700002108468
19211,0.010029400000348687
19212,0.009063699999387609
19213,0.007258900001033908
19214,0.010005099997215439
19215,0.011017199998605065
19216,0.008975199998531025
19217,0.010298799999873154
19218,0.009730300000228453
19219,0.010888400000112597
19220,0.011240100000577513
19221,0.010333900001569418
19222,0.009654800000134856
19223,0.009990300000936259
19224,0.009610400000383379
19225,0.010293800001818454
19226,0.009934199999406701
19227,0.009439299999939976
19228,0.008121700000629062
19229,0.007286100000783335
19230,0.008882999998604646
19231,0.009462099998927442
19232,0.011471099998743739
19233,0.010753400001703994
19234,0.010042799996881513
19235,0.010020400000939844
19236,0.01002639999933308
19237,0.008657399997900939
19238,0.009868400000414113
19239,0.009615699997084448
19240,0.009879799999907846
19241,0.010747799999080598
19242,0.011743099999875994
19243,0.009987900000851369
19244,0.010242299998935778
19245,0.01020559999960824
19246,0.008292999998957384
19247,0.0074760999996215105
19248,0.010781699998915428
19249,0.010553000000072643
19250,0.010424199997942196
19251,0.007703499999479391
19252,0.007704899999225745
19253,0.007536299999628682
19254,0.007537000001320848
19255,0.010088200000609504
19256,0.01068469999881927
19257,0.009606100000382867
19258,0.008046099999774015
19259,0.007353399996645749
19260,0.009704700001748279
19261,0.00946739999926649
19262,0.007347399998252513
19263,0.008334199999808334
19264,0.009973599997465499
19265,0.01039890000174637
19266,0.00952060000054189
19267,0.009592300000804244
19268,0.009149599998636404
19269,0.009886699997878168
19270,0.010342900000978261
19271,0.01051730000108364
19272,0.01077189999705297
19273,0.011111200001323596
19274,0.01117579999845475
19275,0.010109999999258434
19276,0.010431700000481214
19277,0.010132499999599531
19278,0.00990290000117966
19279,0.010086100002808962
19280,0.010125700002390658
19281,0.009928900002705632
19282,0.010031999998318497
19283,0.00901509999675909
19284,0.00839300000006915
19285,0.007368000002315966
19286,0.010055599999759579
19287,0.00973849999718368
19288,0.00911390000328538
19289,0.009868099998129765
19290,0.01000690000000759
19291,0.008768600000621518
19292,0.009170400000584777
19293,0.008541800001694355
19294,0.009522799999103881
19295,0.009468000000197208
19296,0.009594099999958416
19297,0.009722200000396697
19298,0.009431900001800386
19299,0.009797299997444497
19300,0.010085199999593897
19301,0.011206399998627603
19302,0.010103800002980279
19303,0.00945789999968838
19304,0.009299500001361594
19305,0.009590000001480803
19306,0.008541100000002189
19307,0.009658999999373918
19308,0.009092799999052659
19309,0.011474499999167165
19310,0.01147069999933592
19311,0.009971100000257138
19312,0.01110790000166162
19313,0.010571200000413228
19314,0.009500199998001335
19315,0.010528200000408106
19316,0.008482100001856452
19317,0.008653999997477513
19318,0.009526300000288757
19319,0.009899999997287523
19320,0.010539800001424737
19321,0.010533999997278443
19322,0.00947009999799775
19323,0.010593300001346506
19324,0.011137800000142306
19325,0.010143200001039077
19326,0.01006049999705283
19327,0.009458900000026915
19328,0.009603000002243789
19329,0.00955199999953038
19330,0.00851409999813768
19331,0.00984260000041104
19332,0.0095763999997871
19333,0.011077700000896584
19334,0.009852800001681317
19335,0.009560300000885036
19336,0.011638299998594448
19337,0.011237300001084805
19338,0.01014999999824795
19339,0.007948999998916406
19340,0.0074120000026596244
19341,0.009649299998272909
19342,0.009201500000926899
19343,0.006969800000661053
19344,0.00795060000018566
19345,0.009146599997620797
19346,0.01022220000231755
19347,0.010199899999861373
19348,0.009026799998537172
19349,0.009238200000254437
19350,0.008525400000507943
19351,0.010348499999963678
19352,0.008554000000003725
19353,0.010260300001391442
19354,0.010404299999208888
19355,0.008635400001367088
19356,0.010497000002942514
19357,0.010054800000943942
19358,0.010357499999372521
19359,0.009800800002267351
19360,0.009488100000453414
19361,0.008352400000148918
19362,0.007387699999526376
19363,0.010287299999617971
19364,0.011144600000989158
19365,0.010535100002016407
19366,0.009993199997552438
19367,0.009884600000077626
19368,0.009584100000211038
19369,0.011108000002423069
19370,0.009778100000403356
19371,0.007332200002565514
19372,0.00882629999978235
19373,0.01077620000069146
19374,0.00978919999761274
19375,0.009610599998268299
19376,0.009161099998891586
19377,0.007813699998223456
19378,0.0073831000008794945
19379,0.008882300000550458
19380,0.015701700001955032
19381,0.007843100000172853
19382,0.008622699999250472
19383,0.007721599999058526
19384,0.008590299999923445
19385,0.007754000002023531
19386,0.009260300001187716
19387,0.008897899999283254
19388,0.009560999998939224
19389,0.009085799996682908
19390,0.008977399997093016
19391,0.009964900000341004
19392,0.010000899997976376
19393,0.009598600001481827
19394,0.009573600000294391
19395,0.010443399998621317
19396,0.010512100001506042
19397,0.010537699999986216
19398,0.01043500000014319
19399,0.010770699998829514
19400,0.010775500002637273
19401,0.010427500001242151
19402,0.010663199998816708
19403,0.008462400001008064
19404,0.008941099997173296
19405,0.008936900001572212
19406,0.007726600000751205
19407,0.009928299998136936
19408,0.010651299999153707
19409,0.00853819999974803
19410,0.00820450000173878
19411,0.009850099999312079
19412,0.00928840000051423
19413,0.007322400000703055
19414,0.009385599998495309
19415,0.009839499998633983
19416,0.01024189999952796
19417,0.010151799997402122
19418,0.00910420000218437
19419,0.009763099998963298
19420,0.009143499999481719
19421,0.011274100001173792
19422,0.010763900001620641
19423,0.010483600002771709
19424,0.007338700001128018
19425,0.0076733000023523346
19426,0.010094799999933457
19427,0.010345999999117339
19428,0.009962200001609745
19429,0.009969899998395704
19430,0.010070100001030369
19431,0.010098699996888172
19432,0.009884699997201096
19433,0.010148699999263044
19434,0.009086400001251604
19435,0.010328199998184573
19436,0.01003619999755756
19437,0.011880099998961668
19438,0.0102974000001268
19439,0.008522399999492336
19440,0.010493899997527478
19441,0.010049399999843445
19442,0.009862300001259428
19443,0.010100899999088142
19444,0.010348499999963678
19445,0.01128180000159773
19446,0.011125500001071487
19447,0.009655300000304123
19448,0.007266399999934947
19449,0.008621499997389037
19450,0.009088399998290697
19451,0.009757200001331512
19452,0.008498699997289805
19453,0.008193100002245046
19454,0.007347099999606144
19455,0.009480299999268027
19456,0.010094699999172008
19457,0.008924199999455595
19458,0.008692600000358652
19459,0.009415299999091076
19460,0.010393699998530792
19461,0.010073299999930896
19462,0.006909499999892432
19463,0.007110599999577971
19464,0.01003850000051898
19465,0.010129399997822475
19466,0.010763300000689924
19467,0.008005300001968862
19468,0.008393899999646237
19469,0.007729600001766812
19470,0.00875340000129654
19471,0.008952800002589356
19472,0.010161399997741682
19473,0.010455999999976484
19474,0.010633000001689652
19475,0.010681200001272373
19476,0.009221800002706004
19477,0.01109550000182935
19478,0.015104499998415122
19479,0.013176000000385102
19480,0.012281699997402029
19481,0.011221199998544762
19482,0.012628299999050796
19483,0.009521899999526795
19484,0.008016899999347515
19485,0.010436200002004625
19486,0.011406500001612585
19487,0.009949200000846758
19488,0.010457799999130657
19489,0.011234000001422828
19490,0.009583000002749031
19491,0.013189100001909537
19492,0.01201529999889317
19493,0.013136000001395587
19494,0.009492200002569007
19495,0.011284099997283192
19496,0.009651899999880698
19497,0.010782599998492515
19498,0.011030199999368051
19499,0.011696399997163098
