batch_id,inference_time
0,0.019560199998522876
1,0.009598500000720378
2,0.0079117999994196
3,0.009178199998132186
4,0.007877000000007683
5,0.010354900001402711
6,0.009646700000303099
7,0.009254499997041421
8,0.00988850000067032
9,0.008755700000619981
10,0.011781099998188438
11,0.011865099997521611
12,0.010074199999507982
13,0.011356699997122632
14,0.00974330000099144
15,0.008184500002244022
16,0.011769500000809785
17,0.010465800001838943
18,0.009261000002879882
19,0.008962800002336735
20,0.008602899997640634
21,0.009502600001724204
22,0.010180799999943702
23,0.008172499998181593
24,0.01011570000264328
25,0.011851400002342416
26,0.00946259999909671
27,0.010620199998811586
28,0.0105128999966837
29,0.00999719999890658
30,0.009808099999645492
31,0.007917299997643568
32,0.01023650000206544
33,0.010640500000590691
34,0.010294200001226272
35,0.009793399996851804
36,0.008149600002070656
37,0.011251199997786898
38,0.010524400000576861
39,0.007856600001105107
40,0.010455700001330115
41,0.011357799998222617
42,0.00878750000265427
43,0.011324899998726323
44,0.011589099998673191
45,0.008965999997599283
46,0.00980840000192984
47,0.009285299998737173
48,0.008995899999717949
49,0.008044499998504762
50,0.010535800000070594
51,0.010575199998129392
52,0.010818599999765866
53,0.009833300002355827
54,0.01101120000021183
55,0.011060799999540905
56,0.008723800001462223
57,0.00849720000041998
58,0.009782799999811687
59,0.009961499999917578
60,0.008142599999700906
61,0.01101090000156546
62,0.01092380000045523
63,0.008879799999704119
64,0.009945599998900434
65,0.008584700000938028
66,0.01015440000264789
67,0.010619500000757398
68,0.010762599998997757
69,0.012826599999243626
70,0.01234170000316226
71,0.009222299999237293
72,0.011493499998323387
73,0.010297500000888249
74,0.008229700000811135
75,0.00962000000072294
76,0.009800099996937206
77,0.008161899997503497
78,0.010329000000638189
79,0.011115900000731926
80,0.009575200001563644
81,0.00953029999800492
82,0.008010500001546461
83,0.010218999999779044
84,0.008983900002931478
85,0.009725600000820123
86,0.009502400000201305
87,0.008774699999776203
88,0.011380799998732982
89,0.011266500001511304
90,0.008831600000121398
91,0.009376199999678647
92,0.00835709999955725
93,0.00956410000071628
94,0.008058199997321935
95,0.010042800000519492
96,0.009746100000484148
97,0.008246400000643916
98,0.010211600001639454
99,0.008343599998624995
100,0.010078999999677762
101,0.009865699998044875
102,0.009289399997214787
103,0.010442999999213498
104,0.009541000003082445
105,0.009790299998712726
106,0.009771000000910135
107,0.008612599998741644
108,0.011294399999314919
109,0.010042400001111673
110,0.011534199999005068
111,0.01228859999901033
112,0.010516500002268003
113,0.00801589999900898
114,0.009434899999178015
115,0.008744800001295516
116,0.010218399998848327
117,0.01040600000123959
118,0.010112299998581875
119,0.01031689999945229
120,0.009197499999572756
121,0.009587600001395913
122,0.010122700001375051
123,0.008467600000585662
124,0.009640299998864066
125,0.009151300000667106
126,0.010334000002330868
127,0.010686499997973442
128,0.009544199998344993
129,0.011078499999712221
130,0.011359199997968972
131,0.010467799998878036
132,0.009585499999957392
133,0.010858199999347562
134,0.011872700000822078
135,0.010462700000061886
136,0.010855499996978324
137,0.008394899999984773
138,0.011498299998493167
139,0.012470999998186016
140,0.011486100000183797
141,0.008299699999042787
142,0.009668599999713479
143,0.008565799998905277
144,0.010711900002206676
145,0.01042829999641981
146,0.009021800000482472
147,0.009683500000392087
148,0.008575000003474997
149,0.009409899997990578
150,0.008357700000487966
151,0.012071900000591995
152,0.009769099997356534
153,0.007919399999082088
154,0.010090799998579314
155,0.010151399997994304
156,0.008380600000236882
157,0.009440399997401983
158,0.008694399999512825
159,0.009613800000806805
160,0.009492600001976825
161,0.008625900001788978
162,0.009338699997897493
163,0.008084700002655154
164,0.01006730000153766
165,0.009096800000406802
166,0.01012560000162921
167,0.010323000002244953
168,0.010585500000161119
169,0.011755499999708263
170,0.011026100000890438
171,0.009131799997703638
172,0.010014400002546608
173,0.009391999999934342
174,0.009146399999735877
175,0.010751199999504024
176,0.01202259999990929
177,0.009234599998308113
178,0.01034799999979441
179,0.009211399999912828
180,0.009974900000088383
181,0.009146300002612406
182,0.010097299997141818
183,0.009994500000175321
184,0.009075800000573508
185,0.009603599999536527
186,0.009052600002178224
187,0.008821999999781838
188,0.009578400000464171
189,0.008249399998021545
190,0.009528700000373647
191,0.008262200000899611
192,0.009894099999655737
193,0.009732599999551894
194,0.010727400000178022
195,0.010634500002197456
196,0.009370000003400492
197,0.008810600000288105
198,0.009877699998469325
199,0.00917219999973895
200,0.010155899999517715
201,0.008218799997848691
202,0.009121700000832789
203,0.009047400002600625
204,0.00821169999835547
205,0.009405300002981676
206,0.008510900002875132
207,0.0095934999990277
208,0.009060399999725632
209,0.0095813999978418
210,0.009299800000007963
211,0.009311099998740247
212,0.009737600001244573
213,0.00846349999847007
214,0.010456699998030672
215,0.0100456000000122
216,0.008809999999357387
217,0.009671499999967637
218,0.009214599998813355
219,0.009526699999696575
220,0.007978400000865804
221,0.009258099998987745
222,0.009373699998832308
223,0.009463800000958145
224,0.009750299999723211
225,0.008427499997196719
226,0.009727799999382114
227,0.010221900000033202
228,0.01052949999939301
229,0.01188190000175382
230,0.01116120000006049
231,0.01015709999774117
232,0.01001439999890863
233,0.010075700000015786
234,0.008071600001130719
235,0.010245400000712834
236,0.010569699999905424
237,0.01002630000220961
238,0.010000199999922188
239,0.009242899999662768
240,0.011494499998661922
241,0.010293700001057005
242,0.01003109999874141
243,0.012492400001065107
244,0.012085800000932068
245,0.010910199998761527
246,0.010564399999566376
247,0.01068429999941145
248,0.00923279999915394
249,0.010168400000111433
250,0.009645699999964563
251,0.008154900002409704
252,0.01089979999960633
253,0.01165700000274228
254,0.010945700003503589
255,0.009737299998960225
256,0.008568699999159435
257,0.009938700000930112
258,0.010055199996713782
259,0.00927370000135852
260,0.011687800000800053
261,0.010271999999531545
262,0.008000699999684002
263,0.010454900002514478
264,0.011683099997753743
265,0.009285100000852253
266,0.011784599999373313
267,0.0118387000002258
268,0.008015100000193343
269,0.00980360000176006
270,0.010711399998399429
271,0.009830599999986589
272,0.009597599997505313
273,0.008312499998282874
274,0.009759700002177851
275,0.009908899999572895
276,0.0113692999984778
277,0.011217500003112946
278,0.010846600001968909
279,0.00907550000192714
280,0.010215400001470698
281,0.010557199999311706
282,0.010831299998244504
283,0.010862099999940256
284,0.00930050000170013
285,0.011534300003404496
286,0.01231990000087535
287,0.012004799998976523
288,0.008256900000560563
289,0.009331199998996453
290,0.00843170000007376
291,0.008967400000983616
292,0.008249800001067342
293,0.00920869999754359
294,0.008387099998799386
295,0.00984260000041104
296,0.009873399998468813
297,0.007975900000019465
298,0.010240899999189423
299,0.009459199998673284
300,0.009453799997572787
301,0.009448699998756638
302,0.009264500000426779
303,0.010134600001038052
304,0.009445200001209741
305,0.011075399997935165
306,0.011084799996751826
307,0.011328900000080466
308,0.008447800002613803
309,0.009531299998343457
310,0.008623699999589007
311,0.009377499998663552
312,0.008231699997850228
313,0.01006509999933769
314,0.00968510000166134
315,0.008548600002541207
316,0.009008400000311667
317,0.008321699999214616
318,0.009942200002114987
319,0.00861829999848851
320,0.01047860000107903
321,0.009706100001494633
322,0.008580100002291147
323,0.009855200001766207
324,0.008026999999856343
325,0.009534600001643412
326,0.008653200002299855
327,0.009507699996902375
328,0.010228099999949336
329,0.009605700000975048
330,0.011295399999653455
331,0.012260600000445265
332,0.008820499999274034
333,0.009692100000393111
334,0.009681499999715015
335,0.010310600002412684
336,0.01168600000164588
337,0.011730099999113008
338,0.009950100000423845
339,0.010109200000442797
340,0.010054200000013225
341,0.008612100002210354
342,0.010906100000283914
343,0.012023999999655643
344,0.008129099998768652
345,0.009655800000473391
346,0.009984300002543023
347,0.012556300000142073
348,0.01121449999845936
349,0.009127099998295307
350,0.010250700001051882
351,0.010403199998108903
352,0.008832499999698484
353,0.010440300000482239
354,0.00860820000161766
355,0.009228299997630529
356,0.009268100002373103
357,0.008310299999720883
358,0.009726099997351412
359,0.009045499999047024
360,0.009186900002532639
361,0.008150199999363394
362,0.0100235000027169
363,0.009993300001951866
364,0.008900500000891043
365,0.009345499998744344
366,0.008803500000794884
367,0.011421999999583932
368,0.01086129999748664
369,0.008185800001228927
370,0.011164999999891734
371,0.011137999998027226
372,0.011868200002936646
373,0.010372099997766782
374,0.009914699996443233
375,0.008470100001432002
376,0.010376400001405273
377,0.010094799999933457
378,0.009543700001813704
379,0.010233600001811283
380,0.008751999997912208
381,0.011536600002727937
382,0.012169500001618871
383,0.009281900001951726
384,0.00977950000014971
385,0.008891100002074381
386,0.009267000001273118
387,0.01010639999731211
388,0.009278900000936119
389,0.010467200001585297
390,0.010128900001291186
391,0.011005899999872781
392,0.011478499996883329
393,0.011420300001191208
394,0.008857100001478102
395,0.010244400000374299
396,0.008691200000612298
397,0.009268899997550761
398,0.010604899998725159
399,0.008702600000106031
400,0.009439200002816506
401,0.00829620000149589
402,0.009930799998983275
403,0.009587600001395913
404,0.0081804999972519
405,0.010609000000840751
406,0.012260899999091635
407,0.009398800000781193
408,0.010456100000737933
409,0.009311999998317333
410,0.010870199999772012
411,0.010653800000000047
412,0.009287900000344962
413,0.009218799998052418
414,0.008147900000039954
415,0.012601800000993535
416,0.011917100000573555
417,0.011684400000376627
418,0.010904299997491762
419,0.009650299998611445
420,0.009931200002029072
421,0.010786599999846658
422,0.009599599998182384
423,0.008119400001305621
424,0.010237200000119628
425,0.009771999997610692
426,0.008381700001336867
427,0.009888900000078138
428,0.008346599999640603
429,0.01012550000086776
430,0.009830999999394407
431,0.008679300000949297
432,0.00983500000074855
433,0.010816099998919526
434,0.010753099999419646
435,0.010087700000440236
436,0.009750299999723211
437,0.009732700000313343
438,0.009454700000787852
439,0.009461199999350356
440,0.01066519999949378
441,0.009151400001428556
442,0.01038669999979902
443,0.009893899998132838
444,0.008249100003013154
445,0.010466300002008211
446,0.011171800000738585
447,0.009516499998426298
448,0.009894399998302106
449,0.008219999999710126
450,0.009114300002693199
451,0.008038500000111526
452,0.010211099997832207
453,0.009765700000571087
454,0.008138200002576923
455,0.0098160999987158
456,0.009268500001780922
457,0.010435899999720277
458,0.01010139999925741
459,0.009030799999891315
460,0.010443999999552034
461,0.010849199999938719
462,0.008501500000420492
463,0.008822100000543287
464,0.009331000001111533
465,0.009559800000715768
466,0.008265799999207957
467,0.010234699999273289
468,0.00950830000147107
469,0.009217700000590412
470,0.009826699999393895
471,0.008266000000730855
472,0.010035699997388292
473,0.009330500000942266
474,0.010581700000329874
475,0.010253300002659671
476,0.009219200001098216
477,0.010049299999081995
478,0.010046899998997105
479,0.01027040000190027
480,0.012187399999675108
481,0.012216999999509426
482,0.010765600000013364
483,0.011693699998431839
484,0.011295199998130556
485,0.009723400002258131
486,0.009365000001707813
487,0.010296399999788264
488,0.009285000000090804
489,0.01014980000036303
490,0.009904100003041094
491,0.008645199999591568
492,0.009662299999035895
493,0.009181299999909243
494,0.010666700000001583
495,0.01041099999929429
496,0.00866659999883268
497,0.010733899998740526
498,0.011862000003020512
499,0.008442500002274755
500,0.009062299999641255
501,0.008299199998873519
502,0.009219800002028933
503,0.00832060000175261
504,0.009927499999321299
505,0.009513399996649241
506,0.010274800002662232
507,0.010137900000700029
508,0.009134500000072876
509,0.010225299996818649
510,0.009813799999392359
511,0.008725399999093497
512,0.010320999997929903
513,0.009901799996441696
514,0.009004499999718973
515,0.009454800001549302
516,0.011963499997364124
517,0.01192309999896679
518,0.010625300001265714
519,0.00832559999980731
520,0.009342200002720347
521,0.00840510000125505
522,0.008994599997095065
523,0.009638300001824973
524,0.009268099998735124
525,0.011373000001185574
526,0.0118387000002258
527,0.008784400000877213
528,0.010322500002075685
529,0.010001200000260724
530,0.01078849999976228
531,0.010067100000014761
532,0.008265899999969406
533,0.010527400001592468
534,0.010357200000726152
535,0.00874630000180332
536,0.010281599999871105
537,0.009411399998498382
538,0.009641900000133319
539,0.00933430000077351
540,0.008827300000120886
541,0.00967309999759891
542,0.008183800000551855
543,0.009228999999322696
544,0.007959200000186684
545,0.010266799999953946
546,0.010123300002305768
547,0.009327899999334477
548,0.010044300001027295
549,0.011466700001619756
550,0.00938510000196402
551,0.009758899999724235
552,0.00938769999993383
553,0.01026369999817689
554,0.009564700001646997
555,0.008469999997032573
556,0.00974589999896125
557,0.008720400001038797
558,0.009389400001964532
559,0.008021100002224557
560,0.012487799998780247
561,0.011650299999018898
562,0.0082408000016585
563,0.009831600000325125
564,0.00967319999836036
565,0.008309200002258876
566,0.00912160000007134
567,0.008118199999444187
568,0.0092304999998305
569,0.008045399998081848
570,0.011403699998481898
571,0.011140199996589217
572,0.008464300000923686
573,0.009587900000042282
574,0.009166400002868613
575,0.009962099997210316
576,0.009487400002399227
577,0.010089600000355858
578,0.009993799998483155
579,0.010404299999208888
580,0.008390000002691522
581,0.010018000000854954
582,0.010619200002111029
583,0.0103845999983605
584,0.01014749999740161
585,0.009328600001026643
586,0.00956159999986994
587,0.007909800002380507
588,0.010137099998246413
589,0.010212299999693641
590,0.008312199999636505
591,0.009475200000451878
592,0.008302599999296945
593,0.009885499999654712
594,0.008281099999294383
595,0.01141020000068238
596,0.010365799997089198
597,0.009195799997542053
598,0.01044989999718382
599,0.009803100001590792
600,0.008251999999629334
601,0.00955220000105328
602,0.008555500000511529
603,0.009881699999823468
604,0.008944400000473252
605,0.010238399998343084
606,0.010097200000018347
607,0.00930290000178502
608,0.009187299998302478
609,0.008666199999424862
610,0.008932199998525903
611,0.009659899998951005
612,0.009276699998736149
613,0.011859300000651274
614,0.011376099999324651
615,0.00826009999946109
616,0.009841200000664685
617,0.00807139999960782
618,0.010594200000923593
619,0.010704500000429107
620,0.00937809999959427
621,0.011583300001802854
622,0.011283100000582635
623,0.00922569999966072
624,0.009656900001573376
625,0.007998099998076214
626,0.010075400001369417
627,0.009294199997384567
628,0.009441499998501968
629,0.009812200001761084
630,0.008315300001413561
631,0.009139600002527004
632,0.007908999999926891
633,0.010378200000559445
634,0.009984500000427943
635,0.008226600002672058
636,0.009589299999788636
637,0.009337999999843305
638,0.009217700000590412
639,0.008161800000380026
640,0.009277100001781946
641,0.009232099997461773
642,0.009687800000392599
643,0.01082229999883566
644,0.00994880000143894
645,0.01083469999866793
646,0.010085399997478817
647,0.008149600002070656
648,0.009887299998808885
649,0.009654299999965588
650,0.00996830000076443
651,0.009713399998872774
652,0.008679700000357116
653,0.010417900000902591
654,0.010226700000202982
655,0.010657099999662023
656,0.009913800000504125
657,0.00823339999988093
658,0.011026300002413336
659,0.011129800001071999
660,0.010104000000865199
661,0.008682300001964904
662,0.00903420000031474
663,0.008515000001352746
664,0.009430199999769684
665,0.009262799998396076
666,0.009800100000575185
667,0.00890840000283788
668,0.0094189000010374
669,0.009845500000665197
670,0.009628800002246862
671,0.009894499999063555
672,0.008510799998475704
673,0.009274999996705446
674,0.01036500000191154
675,0.009265300002880394
676,0.009558699999615783
677,0.009778399999049725
678,0.008312900001328671
679,0.009354999998322455
680,0.008122800001729047
681,0.009170799999992596
682,0.008011900001292815
683,0.009958999999071239
684,0.009555799999361625
685,0.009221600001183106
686,0.009572400002070935
687,0.008881300000211922
688,0.009900000000925502
689,0.008086800000455696
690,0.01048119999904884
691,0.010264299999107607
692,0.011873000003106426
693,0.011536599999089958
694,0.010708900001191068
695,0.010911299999861512
696,0.00956399999995483
697,0.010151499998755753
698,0.008307500000228174
699,0.010043700000096578
700,0.008707199998752913
701,0.009078600000066217
702,0.009490000000369037
703,0.008045400001719827
704,0.009473599999182625
705,0.00955719999910798
706,0.010144399999262532
707,0.009923599998728605
708,0.008754899998166366
709,0.009612300000299001
710,0.008190100001229439
711,0.009216899998136796
712,0.007973600000696024
713,0.01051970000116853
714,0.010833399999683024
715,0.014644799997768132
716,0.008081899999524467
717,0.009346000002551591
718,0.009378800001286436
719,0.009453200000280049
720,0.008295899999211542
721,0.012423399999534013
722,0.010894499999267282
723,0.00890599999911501
724,0.010603200000332436
725,0.011106999998446554
726,0.009417999997822335
727,0.009030299999722047
728,0.009257800000341376
729,0.008873499999026535
730,0.01000690000000759
731,0.009282199996960117
732,0.0095934999990277
733,0.008404399999562884
734,0.009420700000191573
735,0.01019579999774578
736,0.008600399996794295
737,0.01004330000068876
738,0.009935600002791034
739,0.009826400000747526
740,0.011256199999479577
741,0.010406799996417249
742,0.009429599998838967
743,0.010115100001712563
744,0.008151699999871198
745,0.009850700000242796
746,0.008777200000622543
747,0.010370200001489138
748,0.009874899998976616
749,0.009100699997361517
750,0.01069640000059735
751,0.010214199999609264
752,0.010728999997809296
753,0.009865799998806324
754,0.008253500000137137
755,0.01186980000056792
756,0.011920099997951183
757,0.011434000000008382
758,0.009192400000756606
759,0.009500700001808582
760,0.008108300000458257
761,0.010383499997260515
762,0.010682399999495829
763,0.008703800001967466
764,0.01007469999967725
765,0.008617399998911424
766,0.009819099999731407
767,0.009960400002455572
768,0.008805499997833977
769,0.009668800001236377
770,0.008322599998791702
771,0.00945299999875715
772,0.00837630000023637
773,0.009963000000425382
774,0.009976899997127475
775,0.009210000000166474
776,0.00948890000290703
777,0.0080350999996881
778,0.00966580000022077
779,0.008254099997429876
780,0.009325999999418855
781,0.009370200001285411
782,0.010765699997136835
783,0.010110700000950601
784,0.008669799997733207
785,0.009848900001088623
786,0.010293399998772657
787,0.008765200000198092
788,0.010303300001396565
789,0.009898300002532778
790,0.010252399999444606
791,0.010546100002102321
792,0.009431700000277488
793,0.009951700001693098
794,0.009984699998312863
795,0.009194500002195127
796,0.010419700000056764
797,0.009396599998581223
798,0.011062199999287259
799,0.01091160000214586
800,0.008970800001407042
801,0.010107699999934994
802,0.010579899997537723
803,0.00845599999956903
804,0.010446299998875475
805,0.009896399998979177
806,0.00809089999893331
807,0.009126500001002569
808,0.008327600000484381
809,0.009772800000064308
810,0.008011999998416286
811,0.010257699999783654
812,0.009422999999515014
813,0.009536500001559034
814,0.009605899998859968
815,0.008448599997791462
816,0.010046300001704367
817,0.009529499999189284
818,0.011154100000567269
819,0.01077840000289143
820,0.008766200000536628
821,0.009267900000850204
822,0.009553099996992387
823,0.009663600001658779
824,0.010996800003340468
825,0.008554299998650094
826,0.009843599997111596
827,0.010177000000112457
828,0.008865499999956228
829,0.00937809999959427
830,0.008259099999122554
831,0.00950570000350126
832,0.009309400000347523
833,0.00867870000001858
834,0.00976029999947059
835,0.00952060000054189
836,0.010195999999268679
837,0.010007900000346126
838,0.008159899996826425
839,0.009351000000606291
840,0.01061150000168709
841,0.011719000001903623
842,0.011087599999882514
843,0.00862789999882807
844,0.013311599999724422
845,0.011293799998384202
846,0.009539199996652314
847,0.010534799999732058
848,0.010498400002688868
849,0.009092000000237022
850,0.01062879999881261
851,0.011617100000876235
852,0.008061399999860441
853,0.009720699999888893
854,0.009101000003283843
855,0.009279800000513205
856,0.009490099997492507
857,0.008628299998235889
858,0.00944579999850248
859,0.008049099997151643
860,0.010111399999004789
861,0.008970599999884143
862,0.01117309999972349
863,0.01168129999859957
864,0.01198379999914323
865,0.010315800001990283
866,0.009053300000232412
867,0.00847539999813307
868,0.010037299998657545
869,0.010140300000784919
870,0.008291600002849009
871,0.010539999999309657
872,0.010622199999488657
873,0.008367400001588976
874,0.009524799999780953
875,0.008428100001765415
876,0.011057899999286747
877,0.011387299997295486
878,0.008851399998093257
879,0.00998990000152844
880,0.00868110000010347
881,0.00941400000010617
882,0.00904640000226209
883,0.009609100001398474
884,0.010205700000369688
885,0.009238599999662256
886,0.010035299997980474
887,0.010471600002347259
888,0.011126299999887124
889,0.009615300001314608
890,0.0085456000015256
891,0.008643900000606664
892,0.009209899999405025
893,0.009375900001032278
894,0.011474099999759346
895,0.010526899997785222
896,0.011145399999804795
897,0.010015700001531513
898,0.008559599998989142
899,0.008710800000699237
900,0.009113599997363053
901,0.009330400000180816
902,0.010027500000433065
903,0.008648399998492096
904,0.009532500000204891
905,0.008689099999173777
906,0.009606100000382867
907,0.010260300001391442
908,0.008145100000547245
909,0.01046910000150092
910,0.010579500001767883
911,0.01080300000103307
912,0.010762999998405576
913,0.010506999999051914
914,0.008668299997225404
915,0.0094771000003675
916,0.008947400001488859
917,0.009940599997207755
918,0.01050309999845922
919,0.009193500001856592
920,0.009828999998717336
921,0.00856990000102087
922,0.010155800002394244
923,0.00911659999837866
924,0.008839799997076625
925,0.009150900001259288
926,0.00840040000184672
927,0.010307799999281997
928,0.008479500000248663
929,0.011768899999879068
930,0.010876399999688147
931,0.009249399998225272
932,0.010380899999290705
933,0.010115299999597482
934,0.009184800001094118
935,0.00977440000133356
936,0.009156500000244705
937,0.009621400000469293
938,0.009475799997744616
939,0.009539799997583032
940,0.009996199998568045
941,0.00953279999885126
942,0.008778600000368897
943,0.009263200001441874
944,0.009378900002047885
945,0.009900299999571871
946,0.008754700000281446
947,0.009409900001628557
948,0.008671999999933178
949,0.008590600002207793
950,0.009839799997280352
951,0.010233799999696203
952,0.009246199999324745
953,0.008065800000622403
954,0.009905999999318738
955,0.009744999999384163
956,0.009047200001077726
957,0.009860400001343805
958,0.007922499997221166
959,0.010005300002376316
960,0.008775700000114739
961,0.009609900000214111
962,0.009943400000338443
963,0.00802300000214018
964,0.0096053999986907
965,0.008655500001623295
966,0.010165599996980745
967,0.009180500001093606
968,0.00841980000041076
969,0.010025299998233095
970,0.011448100001871353
971,0.008756599996559089
972,0.009307399999670452
973,0.009592599999450613
974,0.009523699998680968
975,0.008130399997753557
976,0.010019999997894047
977,0.00970690000031027
978,0.010150300000532297
979,0.010723600000346778
980,0.00946480000129668
981,0.008889400000043679
982,0.009217499999067513
983,0.008706399999937275
984,0.010702800002036383
985,0.00937319999866304
986,0.012031199999910314
987,0.010656099999323487
988,0.008691700000781566
989,0.012345300001470605
990,0.010102299998834496
991,0.00808099999994738
992,0.010543600001255982
993,0.010778399999253452
994,0.008965499997430015
995,0.009570000001986045
996,0.008005600000615232
997,0.009778299998288276
998,0.008333000001584878
999,0.008871599999110913
1000,0.009768200001417426
1001,0.009179900000162888
1002,0.010430900001665577
1003,0.00940229999832809
1004,0.008435699997789925
1005,0.009431900001800386
1006,0.008668200000101933
1007,0.011248899998463457
1008,0.012207200001284946
1009,0.011284199998044642
1010,0.010557300000073155
1011,0.009532300002319971
1012,0.008524600001692306
1013,0.009761699999216944
1014,0.009355700000014622
1015,0.00918410000303993
1016,0.008341599997947924
1017,0.009127799999987474
1018,0.009421099999599392
1019,0.0095521999974153
1020,0.010269300000800285
1021,0.009585600000718841
1022,0.009762199999386212
1023,0.010401899999123998
1024,0.009251300001778873
1025,0.011325100000249222
1026,0.010846600001968909
1027,0.009587299999111565
1028,0.010446000000229105
1029,0.010456500000145752
1030,0.008889500000805128
1031,0.009748600001330487
1032,0.009057900002517272
1033,0.009259700000256998
1034,0.008345300000655698
1035,0.008924500001739943
1036,0.009039699998538708
1037,0.008369399998628069
1038,0.009510600000794511
1039,0.010030800000095041
1040,0.011819800001831027
1041,0.011568300000362797
1042,0.00992210000185878
1043,0.00969460000123945
1044,0.010150300000532297
1045,0.010561899998720037
1046,0.009511600001133047
1047,0.009166600000753533
1048,0.01079819999722531
1049,0.011016299999027979
1050,0.009871800000837538
1051,0.008057099999859929
1052,0.009201099997881101
1053,0.008719999997993
1054,0.011086599999543978
1055,0.010568900001089787
1056,0.008610199998656753
1057,0.009882799997285474
1058,0.010561999999481486
1059,0.009877399999822956
1060,0.01123629999710829
1061,0.009389899998495821
1062,0.009638600000471342
1063,0.008710699999937788
1064,0.010082699998747557
1065,0.010277499997755513
1066,0.009731899997859728
1067,0.010243300002912292
1068,0.010617399999318877
1069,0.011209799999051029
1070,0.009193499998218613
1071,0.008180500000889879
1072,0.008592099999077618
1073,0.00965159999759635
1074,0.009329299999080831
1075,0.011921199999051169
1076,0.011526999998750398
1077,0.009693300002254546
1078,0.010114400000020396
1079,0.009654299999965588
1080,0.008914199999708217
1081,0.009463200000027427
1082,0.008882199999789009
1083,0.010136800003238022
1084,0.009318899999925634
1085,0.008731899997656
1086,0.009589600002072984
1087,0.010848399997485103
1088,0.00998270000127377
1089,0.009945400001015514
1090,0.009982499999750871
1091,0.01122150000082911
1092,0.011258200000156648
1093,0.008490299998811679
1094,0.009913499998219777
1095,0.009170699999231147
1096,0.011582499999349238
1097,0.01113449999684235
1098,0.00818280000021332
1099,0.010131800001545344
1100,0.009265400000003865
1101,0.009596500000043306
1102,0.010537999998632586
1103,0.00830599999972037
1104,0.010056899998744484
1105,0.009108800000831252
1106,0.01297809999960009
1107,0.010208899999270216
1108,0.009778600000572624
1109,0.008042199999181321
1110,0.0092304999998305
1111,0.00806160000138334
1112,0.010461100002430612
1113,0.009219700001267483
1114,0.009345400001620874
1115,0.009776099999726284
1116,0.010739899997133762
1117,0.010636599999997998
1118,0.010329200002161087
1119,0.00863759999992908
1120,0.009748700002091937
1121,0.009278400000766851
1122,0.009809499999391846
1123,0.00944829999934882
1124,0.009472599998844089
1125,0.010597600001347018
1126,0.00972639999963576
1127,0.010008099998231046
1128,0.009587000000465196
1129,0.008256000000983477
1130,0.009924000001774402
1131,0.009838899997703265
1132,0.010016599997470621
1133,0.009795400001166854
1134,0.008783199999015778
1135,0.009311499998148065
1136,0.00798439999925904
1137,0.009444399998756126
1138,0.008094699998764554
1139,0.010879500001465203
1140,0.01007210000170744
1141,0.008103500000288477
1142,0.010249399998428999
1143,0.009287299999414245
1144,0.008739599998079939
1145,0.0098933000008401
1146,0.010788799998408649
1147,0.010448699998960365
1148,0.010510000000067521
1149,0.009886400002869777
1150,0.010638100000505801
1151,0.010556699999142438
1152,0.010066299997561146
1153,0.010173399998166133
1154,0.009185599999909755
1155,0.008716399999684654
1156,0.009057600000232924
1157,0.009341199998743832
1158,0.010320400000637164
1159,0.008669399998325389
1160,0.01130619999821647
1161,0.010309799999959068
1162,0.00910210000074585
1163,0.01049810000040452
1164,0.010922099998424528
1165,0.00845619999745395
1166,0.010484799997357186
1167,0.011589999998250278
1168,0.010848500001884531
1169,0.010451199999806704
1170,0.008232799998950213
1171,0.009353299999929732
1172,0.008480099997541402
1173,0.00975549999930081
1174,0.009817199999815784
1175,0.00833029999921564
1176,0.01018820000172127
1177,0.009403199997905176
1178,0.008701300001121126
1179,0.009735699997690972
1180,0.008079799998085946
1181,0.009643600002164021
1182,0.008272999999462627
1183,0.011351099998137215
1184,0.01196419999905629
1185,0.010724300002038945
1186,0.01132060000236379
1187,0.011023699997167569
1188,0.012281600000278559
1189,0.00942130000112229
1190,0.010338099997170502
1191,0.009094200002436992
1192,0.009580600002664141
1193,0.010253300002659671
1194,0.00939460000154213
1195,0.009931399999913992
1196,0.008290300000226125
1197,0.010252400003082585
1198,0.010244799999782117
1199,0.009137799999734852
1200,0.010293399998772657
1201,0.009877000000415137
1202,0.008480899999995017
1203,0.009852300001512049
1204,0.010090799998579314
1205,0.010170100002142135
1206,0.009793099998205435
1207,0.011029999997845152
1208,0.010749400000349851
1209,0.010880999998335028
1210,0.010883000002650078
1211,0.009477999999944586
1212,0.008165499999449821
1213,0.01237570000012056
1214,0.011303299997962313
1215,0.011087800001405412
1216,0.011154700001497986
1217,0.011425299999245908
1218,0.011022299997421214
1219,0.01006280000001425
1220,0.009183699999994133
1221,0.00888929999928223
1222,0.008466800001770025
1223,0.009930000000167638
1224,0.010655699999915669
1225,0.01179960000081337
1226,0.009908800002449425
1227,0.00815359999978682
1228,0.010150300000532297
1229,0.00920849999965867
1230,0.009954099998140009
1231,0.010481699999218108
1232,0.008659999999508727
1233,0.009369300001708325
1234,0.00803989999985788
1235,0.010640100001182873
1236,0.010044099999504397
1237,0.009312800000770949
1238,0.010033399998064851
1239,0.008052499997575069
1240,0.009939999999915017
1241,0.009291499998653308
1242,0.009189599997625919
1243,0.011203699999896344
1244,0.011227700000745244
1245,0.0111125000003085
1246,0.0110231999969983
1247,0.010755700001027435
1248,0.011002799998095725
1249,0.011352800000167917
1250,0.010736299998825416
1251,0.008299199998873519
1252,0.009510699997917982
1253,0.007976000000780914
1254,0.008926200000132667
1255,0.008191199998691445
1256,0.009938700000930112
1257,0.010554000000411179
1258,0.011230299998715054
1259,0.010384899997006869
1260,0.009567299999616807
1261,0.0087853000004543
1262,0.009838599999056896
1263,0.008159599998180056
1264,0.00993920000109938
1265,0.00961240000106045
1266,0.009533000000374159
1267,0.010470400000485824
1268,0.008195400001568487
1269,0.01011339999968186
1270,0.010649499999999534
1271,0.009374200002639554
1272,0.009695200002170168
1273,0.008486700000503333
1274,0.011317999997118022
1275,0.011593100000027334
1276,0.009371499996632338
1277,0.009080899999389658
1278,0.008645800000522286
1279,0.01104480000140029
1280,0.011987000001681736
1281,0.011074999998527346
1282,0.00863269999899785
1283,0.009265400000003865
1284,0.008221199997933581
1285,0.009198200001264922
1286,0.008104900000034831
1287,0.010414199998194817
1288,0.009949800001777476
1289,0.00816570000097272
1290,0.009560599999531405
1291,0.007924599998659687
1292,0.009537300000374671
1293,0.008059100000537
1294,0.009714799998619128
1295,0.010247800000797724
1296,0.008796900001470931
1297,0.010020500001701294
1298,0.008986800003185635
1299,0.010158799999771873
1300,0.009748700002091937
1301,0.008751900000788737
1302,0.009426799999346258
1303,0.007984699997905409
1304,0.009308400000008987
1305,0.008355599999049446
1306,0.009321900000941241
1307,0.008220399999117944
1308,0.009967999998480082
1309,0.009815000001253793
1310,0.008256900000560563
1311,0.009127499997703126
1312,0.00844649999999092
1313,0.010814299999765353
1314,0.011220299998967675
1315,0.010528700000577373
1316,0.010177899999689544
1317,0.01005780000195955
1318,0.009435799998755101
1319,0.010808699997141957
1320,0.009563600000547012
1321,0.008900299999368144
1322,0.009368999999423977
1323,0.008975200002169004
1324,0.009432800001377473
1325,0.0079600000026403
1326,0.010162099999433849
1327,0.009648499999457272
1328,0.009539200000290293
1329,0.01013769999917713
1330,0.008212699998694006
1331,0.010040500001196051
1332,0.00918190000083996
1333,0.012302899998758221
1334,0.01194720000057714
1335,0.011846400000649737
1336,0.010074200003145961
1337,0.010835699999006465
1338,0.011525900001288392
1339,0.011418000001867767
1340,0.008795400000963127
1341,0.01061180000033346
1342,0.009206300001096679
1343,0.009722899998450885
1344,0.009072299999388633
1345,0.008391800001845695
1346,0.009421200000360841
1347,0.008699199999682605
1348,0.009344900001451606
1349,0.008340799999132287
1350,0.009376199999678647
1351,0.00803039999664179
1352,0.009805699999560602
1353,0.009524400000373134
1354,0.00833760000023176
1355,0.009704800002509728
1356,0.008622699999250472
1357,0.009751399997185217
1358,0.009424300002137898
1359,0.010770699998829514
1360,0.009727000000566477
1361,0.008191900000383612
1362,0.00920120000228053
1363,0.00810270000147284
1364,0.009614099999453174
1365,0.01024170000164304
1366,0.011365599999408005
1367,0.012586900000314927
1368,0.01186740000048303
1369,0.011314799998217495
1370,0.00908270000218181
1371,0.011528600000019651
1372,0.012121100000513252
1373,0.00816320000012638
1374,0.009877699998469325
1375,0.009271199996874202
1376,0.009937799997715047
1377,0.010221199998341035
1378,0.00931259999924805
1379,0.009466100000281585
1380,0.00811260000045877
1381,0.009962800002540462
1382,0.009866199998214142
1383,0.008396099998208228
1384,0.009453999999095686
1385,0.008781500000623055
1386,0.009722300001158146
1387,0.008274299998447532
1388,0.009400899998581735
1389,0.008603999998740619
1390,0.008969499998784158
1391,0.009674900000391062
1392,0.008367200000066077
1393,0.010429000001749955
1394,0.008534699998563156
1395,0.010291500002495013
1396,0.010206900002231123
1397,0.009284100000513718
1398,0.009788999999727821
1399,0.010046600000350736
1400,0.009690999999293126
1401,0.009991099999751896
1402,0.008130799997161375
1403,0.010201699999015545
1404,0.009490399999776855
1405,0.008738000000448665
1406,0.009783599998627324
1407,0.011958800001593772
1408,0.01178040000013425
1409,0.009368900002300506
1410,0.008203100001992425
1411,0.009159099998214515
1412,0.008225699999456992
1413,0.009483400001045084
1414,0.008418599998549325
1415,0.00862319999941974
1416,0.00943589999951655
1417,0.00882149999961257
1418,0.009913099998811958
1419,0.008780000000115251
1420,0.00954509999792208
1421,0.009302299997216323
1422,0.008382399999391055
1423,0.009432000002561836
1424,0.008046999999351101
1425,0.009684900000138441
1426,0.008027100000617793
1427,0.010071600001538172
1428,0.009390000002895249
1429,0.009547900001052767
1430,0.010194700000283774
1431,0.009215599999151891
1432,0.009519200000795536
1433,0.008184899998013861
1434,0.009740599998622201
1435,0.010019900000770576
1436,0.008610699998826021
1437,0.009391999999934342
1438,0.008318300002429169
1439,0.010695400000258815
1440,0.010195499999099411
1441,0.008328500000061467
1442,0.010680700001103105
1443,0.00933420000001206
1444,0.00986429999829852
1445,0.01069149999966612
1446,0.007883900001615984
1447,0.009851500002696412
1448,0.009598500000720378
1449,0.010448000000906177
1450,0.01029269999708049
1451,0.008555300002626609
1452,0.011075200000050245
1453,0.011168199998792261
1454,0.009179000000585802
1455,0.009973799998988397
1456,0.009333899997727713
1457,0.008995100000902312
1458,0.01001669999823207
1459,0.009403200001543155
1460,0.009554000000207452
1461,0.008262700001068879
1462,0.009064600002602674
1463,0.009386800000356743
1464,0.008921600001485785
1465,0.010005500000261236
1466,0.009230700001353398
1467,0.009498799998254981
1468,0.00936109999747714
1469,0.008328399999300018
1470,0.009908299998642178
1471,0.010806899997987784
1472,0.012657100000069477
1473,0.01225460000205203
1474,0.009969700000510784
1475,0.008132000002660789
1476,0.009254100001271581
1477,0.009133999999903608
1478,0.010826499998074723
1479,0.009795500001928303
1480,0.008539899998140754
1481,0.009771500001079403
1482,0.00799639999968349
1483,0.009958999999071239
1484,0.009173000002192566
1485,0.011649099997157464
1486,0.0109411999983422
1487,0.00871259999985341
1488,0.010398599999462022
1489,0.010236499998427462
1490,0.009130300000833813
1491,0.010647200000676094
1492,0.010308799999620533
1493,0.009483199999522185
1494,0.010611100002279272
1495,0.008825500000966713
1496,0.00933179999992717
1497,0.00853360000110115
1498,0.008294900002510985
1499,0.009371899999678135
1500,0.008373399999982212
1501,0.009380600000440609
1502,0.008058300001721364
1503,0.009779899999557529
1504,0.008142600003338885
1505,0.010918500000116182
1506,0.010264399999869056
1507,0.008358100003533764
1508,0.0099804999990738
1509,0.009104900000238558
1510,0.010369600000558421
1511,0.010092200001963647
1512,0.008350699998118216
1513,0.009626099999877624
1514,0.008173900001565926
1515,0.009339899999758927
1516,0.009193599998980062
1517,0.009580099998856895
1518,0.010411200000817189
1519,0.008326200000738027
1520,0.011009200003172737
1521,0.010755500003142515
1522,0.010066999999253312
1523,0.010572099999990314
1524,0.010861500002647517
1525,0.00853619999907096
1526,0.010561600000073668
1527,0.011604800001805415
1528,0.0092713999983971
1529,0.009471500001382083
1530,0.008250000002590241
1531,0.011337100000673672
1532,0.011160400001244852
1533,0.008412800001678988
1534,0.01022499999817228
1535,0.010107000001880806
1536,0.00979640000150539
1537,0.011295500000414904
1538,0.011470199999166653
1539,0.010564899999735644
1540,0.010265199998684693
1541,0.008315499999298481
1542,0.010984900000039488
1543,0.010135999997146428
1544,0.008019100001547486
1545,0.010646399998222478
1546,0.011099200000899145
1547,0.008861399997840635
1548,0.009285200001613703
1549,0.00829870000234223
1550,0.009885499999654712
1551,0.009168299999146257
1552,0.009893800001009367
1553,0.009778499999811174
1554,0.008881500001734821
1555,0.009963600001356099
1556,0.008634300000267103
1557,0.010658499999408377
1558,0.010599900000670459
1559,0.010107699999934994
1560,0.0101399000013771
1561,0.010191699999268167
1562,0.009362600001622923
1563,0.009790099997189827
1564,0.009071500000572996
1565,0.010090299998410046
1566,0.010163500002818182
1567,0.009673900000052527
1568,0.010271899998770095
1569,0.010085399997478817
1570,0.008471000001009088
1571,0.009666999998444226
1572,0.008038599997234996
1573,0.00991509999948903
1574,0.009642099998018239
1575,0.012266499998077052
1576,0.011908399999811081
1577,0.011980100000073435
1578,0.01188680000268505
1579,0.013041800000792136
1580,0.011570999999094056
1581,0.010516899998037843
1582,0.010087599999678787
1583,0.010841999999684049
1584,0.009806699999899138
1585,0.010358999999880325
1586,0.009988400001020636
1587,0.008767399998760084
1588,0.011639299998932984
1589,0.010937099999864586
1590,0.009298699998907978
1591,0.010303600000042934
1592,0.009851399998296984
1593,0.008142599999700906
1594,0.009622699999454198
1595,0.009413700001459802
1596,0.010303199996997137
1597,0.010213199999270728
1598,0.008114099997328594
1599,0.010527899998123758
1600,0.009722499999043066
1601,0.009259899998141918
1602,0.009199300002364907
1603,0.00945059999867226
1604,0.010414700002002064
1605,0.009257400000933558
1606,0.00941679999959888
1607,0.008494000001519453
1608,0.010983100000885315
1609,0.009393500000442145
1610,0.008301800000481308
1611,0.009446199997910298
1612,0.008824500000628177
1613,0.010327900003176183
1614,0.010373400000389665
1615,0.008663099997647805
1616,0.009313299997302238
1617,0.008174399998097215
1618,0.011684700002660975
1619,0.011256300000241026
1620,0.011054100003093481
1621,0.01128660000176751
1622,0.010274500000377884
1623,0.009924399997544242
1624,0.009354400001029717
1625,0.009789499999897089
1626,0.008091400002740556
1627,0.009571800001140218
1628,0.007996999996976228
1629,0.00955199999953038
1630,0.009046099999977741
1631,0.008876500000042142
1632,0.01105219999953988
1633,0.011282600000413368
1634,0.01036989999920479
1635,0.011383400000340771
1636,0.011080299998866394
1637,0.008028100000956329
1638,0.009553300002153264
1639,0.008519399998476729
1640,0.009944600002199877
1641,0.008955500001320615
1642,0.009398700000019744
1643,0.009395500001119217
1644,0.009272400002373615
1645,0.010240799998427974
1646,0.009258199999749195
1647,0.009282200000598095
1648,0.008638700001029065
1649,0.009281900001951726
1650,0.009862200000497978
1651,0.009070299998711562
1652,0.010083000001031905
1653,0.009708400000818074
1654,0.009835900000325637
1655,0.009934999998222338
1656,0.009293499999330379
1657,0.01026359999741544
1658,0.009765400001924718
1659,0.008733099999517435
1660,0.01051779999761493
1661,0.010116800000105286
1662,0.009988699999667006
1663,0.009983500000089407
1664,0.008033199999772478
1665,0.009446299998671748
1666,0.00813669999843114
1667,0.01104710000072373
1668,0.010683900000003632
1669,0.009270000002288725
1670,0.010582399998384062
1671,0.01037229999928968
1672,0.008894399998098379
1673,0.009992899998906069
1674,0.009395000000949949
1675,0.01154330000281334
1676,0.011225999998714542
1677,0.008573900002375012
1678,0.011341500001435634
1679,0.010977900001307717
1680,0.008807900001556845
1681,0.010248599999613361
1682,0.007963000000017928
1683,0.009588199998688651
1684,0.0094429000018863
1685,0.008304900002258364
1686,0.009788399998797104
1687,0.008467200001177844
1688,0.011037299998861272
1689,0.01099659999817959
1690,0.00824839999768301
1691,0.009153999999398366
1692,0.008492900000419468
1693,0.010935399997833883
1694,0.010908799999015173
1695,0.0099515000001702
1696,0.010560599999735132
1697,0.010575899999821559
1698,0.009502499997324776
1699,0.009717699998873286
1700,0.008791800002654782
1701,0.009404100001120241
1702,0.008763699999690289
1703,0.009069100000488106
1704,0.010155800002394244
1705,0.011203000001842156
1706,0.011679700000968296
1707,0.010335299997677794
1708,0.011495500002638437
1709,0.008337399998708861
1710,0.0088383000002068
1711,0.009189399999741
1712,0.0106140999996569
1713,0.009551600000122562
1714,0.009567200002493337
1715,0.01039630000013858
1716,0.008746900002734037
1717,0.009521500000118976
1718,0.008090499999525491
1719,0.011917899999389192
1720,0.010554100001172628
1721,0.008158100001310231
1722,0.01078860000052373
1723,0.01147339999806718
1724,0.009267199999158038
1725,0.009667500002251472
1726,0.00816129999657278
1727,0.010754200000519631
1728,0.009971899999072775
1729,0.008264000000053784
1730,0.009403100000781706
1731,0.007923400000436231
1732,0.01023219999842695
1733,0.010065499998745508
1734,0.009290499998314772
1735,0.009556400000292342
1736,0.008642799999506678
1737,0.01043049999861978
1738,0.010183999998844229
1739,0.00980369999888353
1740,0.010757300002296688
1741,0.009081400003196904
1742,0.009378000002470799
1743,0.009429300000192598
1744,0.009273100000427803
1745,0.009887200001685414
1746,0.008218599999963772
1747,0.010092500000610016
1748,0.00931259999924805
1749,0.009383599997818237
1750,0.009900799999741139
1751,0.00809080000180984
1752,0.009733999999298248
1753,0.008234200002334546
1754,0.009724800002004486
1755,0.009787599999981467
1756,0.012062099998729536
1757,0.010096999998495448
1758,0.010008500001276843
1759,0.008935499998187879
1760,0.00980830000116839
1761,0.00898100000267732
1762,0.010087599999678787
1763,0.009794999998121057
1764,0.01062600000295788
1765,0.010940900003333809
1766,0.010618000000249594
1767,0.010729699999501463
1768,0.010547100002440857
1769,0.010999500002071727
1770,0.010988099998940015
1771,0.009449999997741543
1772,0.008788700000877725
1773,0.011413600001105806
1774,0.012044499999319669
1775,0.011476299998321338
1776,0.008834399999614106
1777,0.009724299998197239
1778,0.009254799999325769
1779,0.00999020000017481
1780,0.010069100000691833
1781,0.008239599999797065
1782,0.00951340000028722
1783,0.008023599999432918
1784,0.01061209999897983
1785,0.010180999997828621
1786,0.008062199998676078
1787,0.009638300001824973
1788,0.009580999998433981
1789,0.011098599999968428
1790,0.010001300001022173
1791,0.008222200001910096
1792,0.009599999997590203
1793,0.008655699999508215
1794,0.009993199997552438
1795,0.009095800000068266
1796,0.009671299998444738
1797,0.010347399998863693
1798,0.008802799999102717
1799,0.009747399999469053
1800,0.008965000000898726
1801,0.009700200000224868
1802,0.010284600000886712
1803,0.008842700000968762
1804,0.010485200000402983
1805,0.009545799999614246
1806,0.00912899999821093
1807,0.009589999997842824
1808,0.00843199999872013
1809,0.010375699999713106
1810,0.010346699997171527
1811,0.010022700000263285
1812,0.0115096999979869
1813,0.010376199999882374
1814,0.008087700000032783
1815,0.009526499998173676
1816,0.008525900000677211
1817,0.009509999999863794
1818,0.008369700000912417
1819,0.009385400000610389
1820,0.0084683999994013
1821,0.008452800000668503
1822,0.009154600000329083
1823,0.008911900000384776
1824,0.010645199999999022
1825,0.009458799999265466
1826,0.009193899997626431
1827,0.008848800000123447
1828,0.010426500000903616
1829,0.011316399999486748
1830,0.011113599997770507
1831,0.008607700001448393
1832,0.010153299997909926
1833,0.009611400000721915
1834,0.01083699999799137
1835,0.010276900000462774
1836,0.009186299997963943
1837,0.010086599999340251
1838,0.008933000000979519
1839,0.008876799998688512
1840,0.010434100000566104
1841,0.012076899998646695
1842,0.008547800000087591
1843,0.008980699996754993
1844,0.008677300000272226
1845,0.009596200001396937
1846,0.008523299999069422
1847,0.010219699997833231
1848,0.009321699999418342
1849,0.011185400002432289
1850,0.012359899999864865
1851,0.01130850000117789
1852,0.008386899997276487
1853,0.009287900000344962
1854,0.008135000000038417
1855,0.009217700000590412
1856,0.007952100000693463
1857,0.009669300001405645
1858,0.009151000002020737
1859,0.008619299998827046
1860,0.009197899998980574
1861,0.008145299998432165
1862,0.009384400000271853
1863,0.00840309999694
1864,0.009278100002120482
1865,0.00841260000015609
1866,0.010419000002002576
1867,0.010165200001210906
1868,0.008493699999235105
1869,0.009757299998454982
1870,0.008711200000107056
1871,0.011104199998953845
1872,0.010254000000713859
1873,0.009224500001437264
1874,0.010279999998601852
1875,0.010620899996865774
1876,0.008207800001400756
1877,0.009366800000861986
1878,0.00911919999998645
1879,0.00995630000033998
1880,0.009461100002226885
1881,0.009011800000735093
1882,0.00967540000056033
1883,0.008633800000097835
1884,0.009745999999722699
1885,0.009824500000831904
1886,0.008965000000898726
1887,0.010476999999809777
1888,0.010973899999953574
1889,0.011842799998703413
1890,0.01090680000197608
1891,0.00856759999805945
1892,0.010215799997240538
1893,0.010073099998407997
1894,0.0113402999995742
1895,0.010929600000963546
1896,0.010407499998109415
1897,0.009432400001969654
1898,0.010174700000789016
1899,0.00954479999927571
1900,0.00849690000177361
1901,0.009364400000777096
1902,0.007917300001281546
1903,0.009390300001541618
1904,0.007949599999847123
1905,0.01037450000148965
1906,0.009826599998632446
1907,0.009204699999827426
1908,0.010535199999139877
1909,0.010608599997794954
1910,0.010044200000265846
1911,0.009680999999545747
1912,0.00867649999781861
1913,0.009715699998196214
1914,0.008800999999948544
1915,0.009817400001338683
1916,0.009318800002802163
1917,0.008358699997188523
1918,0.009635999998863554
1919,0.009214199999405537
1920,0.009635000002162997
1921,0.008283699997264193
1922,0.011515700000018114
1923,0.010361299999203766
1924,0.008033400001295377
1925,0.009999900001275819
1926,0.010740200003056088
1927,0.008513099997799145
1928,0.010093000000779284
1929,0.009830899998632958
1930,0.009482900000875816
1931,0.0090849000007438
1932,0.008234400000219466
1933,0.00950620000003255
1934,0.008396099998208228
1935,0.010063800000352785
1936,0.011171399997692788
1937,0.008293499999126652
1938,0.009267499997804407
1939,0.009388899998157285
1940,0.011460599998827092
1941,0.011346999999659602
1942,0.008357899998372886
1943,0.009632299999793759
1944,0.009031300000060583
1945,0.010017200002039317
1946,0.010157700002309866
1947,0.01209240000025602
1948,0.009937400001945207
1949,0.010471600002347259
1950,0.008335800001077587
1951,0.010015200001362246
1952,0.009001800000987714
1953,0.011413799998990726
1954,0.010291999999026302
1955,0.008204800000385148
1956,0.009382500000356231
1957,0.00809070000104839
1958,0.009710199999972247
1959,0.009181199999147793
1960,0.008923800000047777
1961,0.009547599998768419
1962,0.00805190000028233
1963,0.00952309999775025
1964,0.008091300001979107
1965,0.009998800000175834
1966,0.00892819999717176
1967,0.011520399999426445
1968,0.010229100000287872
1969,0.009243299999070587
1970,0.009417900000698864
1971,0.009847999997873558
1972,0.009322699999756878
1973,0.009630199998355238
1974,0.008423600000242004
1975,0.011209600001166109
1976,0.010434499999973923
1977,0.008046599999943282
1978,0.009692100000393111
1979,0.008034600003156811
1980,0.010202400000707712
1981,0.010634599999320926
1982,0.010564199998043478
1983,0.010946400001557777
1984,0.010100200001033954
1985,0.010712300001614494
1986,0.010824100001627812
1987,0.010303399998520035
1988,0.008816099998512072
1989,0.00978449999820441
1990,0.009574700001394376
1991,0.011074199999711709
1992,0.010633199999574572
1993,0.008319800002936972
1994,0.011065699996834155
1995,0.01183609999861801
1996,0.009137900000496302
1997,0.010535699999309145
1998,0.012021700000332203
1999,0.010318599997845013
2000,0.009816699999646517
2001,0.00869059999968158
2002,0.00990760000058799
2003,0.009573399998771492
2004,0.009075299996766262
2005,0.010417099998448975
2006,0.010109999999258434
2007,0.008766800001467345
2008,0.010078000002977205
2009,0.009163000002445187
2010,0.011182300000655232
2011,0.013925200000812765
2012,0.013359399999899324
2013,0.012623700000403915
2014,0.008853100000123959
2015,0.00937300000077812
2016,0.009444299997994676
2017,0.009567100001731887
2018,0.008278400000563124
2019,0.00996579999991809
2020,0.009919200001604622
2021,0.008083600001555169
2022,0.01070389999949839
2023,0.011109300001407973
2024,0.009221199998137308
2025,0.009977200003049802
2026,0.009504300000116928
2027,0.00932710000051884
2028,0.008696299999428447
2029,0.009538000002066838
2030,0.01056119999702787
2031,0.012248600000020815
2032,0.010901199999352684
2033,0.010244200002489379
2034,0.00874639999892679
2035,0.009976299999834737
2036,0.009867400000075577
2037,0.009110200000577606
2038,0.010770299999421695
2039,0.01111519999903976
2040,0.00844159999905969
2041,0.009265799999411684
2042,0.007994999999937136
2043,0.009598699998605298
2044,0.008211100001062732
2045,0.009537300000374671
2046,0.009377500002301531
2047,0.009010599998873658
2048,0.009419500001968117
2049,0.008001700000022538
2050,0.010174999999435386
2051,0.008644300000014482
2052,0.009317899999587098
2053,0.008872499998688
2054,0.010228200000710785
2055,0.010889500001212582
2056,0.011178299999301089
2057,0.010218900002655573
2058,0.010329400000046007
2059,0.009715900003357092
2060,0.00860389999797917
2061,0.009209600000758655
2062,0.011194200000318233
2063,0.009720400001242524
2064,0.008073399996646913
2065,0.010364099998696474
2066,0.010291500002495013
2067,0.008171699999365956
2068,0.010023200000432553
2069,0.009230899999238318
2070,0.009443599999940488
2071,0.00974309999946854
2072,0.00880009999673348
2073,0.010079899999254849
2074,0.009766899998794543
2075,0.012322800001129508
2076,0.011915499999304302
2077,0.010186499999690568
2078,0.008604700000432786
2079,0.009698400001070695
2080,0.0100916999981564
2081,0.010175200000958284
2082,0.010579300000244984
2083,0.01079800000297837
2084,0.009451700003410224
2085,0.009242899999662768
2086,0.009499399999185698
2087,0.010137199999007862
2088,0.009582499998941785
2089,0.010578500001429347
2090,0.010278800000378396
2091,0.00989079999999376
2092,0.009502000000793487
2093,0.007914900001196656
2094,0.00935629999730736
2095,0.00950869999724091
2096,0.010170400000788504
2097,0.009926300001097843
2098,0.008086800000455696
2099,0.009552799998346018
2100,0.00835440000082599
2101,0.009103000000322936
2102,0.00956179999775486
2103,0.009663900000305148
2104,0.010712300001614494
2105,0.009254900000087218
2106,0.008674799999425886
2107,0.010207000002992572
2108,0.01079550000213203
2109,0.011001800001395168
2110,0.011113299999124138
2111,0.012361400000372669
2112,0.00915559999702964
2113,0.011371000000508502
2114,0.01189429999794811
2115,0.0106262000008428
2116,0.010276400000293506
2117,0.009743400001752889
2118,0.008305600000312552
2119,0.009209399999235757
2120,0.009610200002498459
2121,0.011109700000815792
2122,0.011211500001081731
2123,0.00952040000265697
2124,0.009813000000576722
2125,0.008272700000816258
2126,0.009992700001021149
2127,0.009776099999726284
2128,0.011636800001724623
2129,0.009964599998056656
2130,0.009297799999330891
2131,0.00801810000120895
2132,0.009143999999650987
2133,0.009364500001538545
2134,0.00953039999876637
2135,0.007965500000864267
2136,0.009431400001631118
2137,0.008292399998026667
2138,0.009562200000800658
2139,0.009334500002296409
2140,0.00962459999936982
2141,0.00992720000067493
2142,0.009327899999334477
2143,0.009444800001801923
2144,0.009834699998464203
2145,0.00880200000028708
2146,0.009467299998505041
2147,0.00856500000008964
2148,0.011437299999670358
2149,0.010826300000189804
2150,0.008375200002774363
2151,0.009359899999253685
2152,0.008206000002246583
2153,0.010549399998126319
2154,0.010239999999612337
2155,0.009013299997604918
2156,0.010209100000793114
2157,0.009084299999813084
2158,0.01007000000026892
2159,0.009788499999558553
2160,0.010705300002882723
2161,0.0102753000028315
2162,0.010467700001754565
2163,0.008801799998764182
2164,0.01051279999956023
2165,0.01196440000057919
2166,0.012758799999573966
2167,0.0105610999999044
2168,0.010369499999796972
2169,0.009955300000001444
2170,0.010687999998481246
2171,0.009811899999476736
2172,0.008773700003075646
2173,0.010205700000369688
2174,0.009367700000439072
2175,0.009469399999943562
2176,0.00926160000017262
2177,0.008086900001217145
2178,0.00962230000004638
2179,0.009952399999747286
2180,0.009456200001295656
2181,0.008341000000655185
2182,0.009244699998816941
2183,0.009297699998569442
2184,0.00878270000248449
2185,0.00976019999870914
2186,0.008210899999539834
2187,0.01227880000078585
2188,0.011795599999459228
2189,0.008505300000251736
2190,0.011677499998768326
2191,0.01083429999926011
2192,0.00828449999971781
2193,0.009519899998849723
2194,0.008722599999600789
2195,0.009306399999331916
2196,0.008532299998478265
2197,0.009409999998752028
2198,0.010432200000650482
2199,0.010682400003133807
2200,0.010126900000614114
2201,0.009906799998134375
2202,0.009356700000353158
2203,0.010537400001339847
2204,0.010082699998747557
2205,0.009783199999219505
2206,0.010460699999384815
2207,0.009165399998892099
2208,0.008739500000956468
2209,0.00898589999997057
2210,0.008135899999615503
2211,0.009732499998790445
2212,0.010652099997969344
2213,0.01019780000206083
2214,0.010189300002821255
2215,0.009301099998992868
2216,0.0106383000020287
2217,0.010168699998757802
2218,0.009416100001544692
2219,0.00982790000125533
2220,0.00930539999899338
2221,0.010053499998321058
2222,0.010164899998926558
2223,0.008456999999907566
2224,0.010337800002162112
2225,0.01127979999728268
2226,0.01092620000054012
2227,0.010745400002633687
2228,0.008641100001113955
2229,0.009599699998943834
2230,0.009379499999340624
2231,0.008881500001734821
2232,0.009933400000591064
2233,0.00956909999877098
2234,0.008732600002986146
2235,0.008881400000973372
2236,0.009487200000876328
2237,0.010240299998258706
2238,0.008624399997643195
2239,0.009974600001442013
2240,0.010278499998094048
2241,0.008141099999193102
2242,0.009694099997432204
2243,0.00959810000131256
2244,0.009407100002135849
2245,0.008580300000176067
2246,0.009864600000582868
2247,0.010062099998322083
2248,0.009336000002804212
2249,0.009729200002766447
2250,0.008333599998877617
2251,0.010202399997069733
2252,0.009689599999546772
2253,0.009092600001167739
2254,0.011125600001832936
2255,0.011294700001599267
2256,0.010057299998152303
2257,0.00987869999880786
2258,0.008041900000534952
2259,0.008894399998098379
2260,0.009417299999768147
2261,0.009150900001259288
2262,0.009433100000023842
2263,0.008485700000164798
2264,0.01073529999848688
2265,0.011454999999841675
2266,0.010726299999078037
2267,0.009914399997796863
2268,0.009395299999596318
2269,0.00901259999955073
2270,0.00982589999694028
2271,0.00937300000077812
2272,0.009519499999441905
2273,0.008449800003290875
2274,0.009577199998602737
2275,0.009945199999492615
2276,0.00802069999917876
2277,0.010850300001038704
2278,0.012187500000436557
2279,0.008721399997739354
2280,0.009655500001827022
2281,0.007951100000354927
2282,0.011237099999561906
2283,0.010475699997186894
2284,0.009018000000651227
2285,0.01379310000265832
2286,0.013648000000102911
2287,0.0122596999972302
2288,0.01321289999759756
2289,0.010642099998221966
2290,0.01035069999852567
2291,0.010236400001303991
2292,0.01132810000126483
2293,0.012186599997221492
2294,0.010202299999946263
2295,0.010471600002347259
2296,0.012266199999430683
2297,0.012717599998723017
2298,0.009135200001765043
2299,0.009904800001095282
2300,0.009709999998449348
2301,0.010042000001703855
2302,0.01137630000084755
2303,0.011467000000266125
2304,0.011685800000122981
2305,0.011622800000623101
2306,0.010669600000255741
2307,0.00942620000205352
2308,0.011307799999485724
2309,0.01092159999825526
2310,0.011261399999057176
2311,0.042666500001359964
2312,0.018271000000822823
2313,0.008698699999513337
2314,0.01053669999964768
2315,0.01176580000173999
2316,0.011752599999454105
2317,0.015874799999437528
2318,0.009253500000340864
2319,0.010596500000247033
2320,0.008814400000119349
2321,0.009750900000653928
2322,0.010169400000449969
2323,0.011329400000249734
2324,0.010174500002904097
2325,0.010127399997145403
2326,0.008401899998716544
2327,0.009592500002327142
2328,0.008710999998584157
2329,0.009853800002019852
2330,0.008095799999864539
2331,0.010082900000270456
2332,0.010133200001291698
2333,0.009525999998004409
2334,0.01066759999957867
2335,0.00992259999839007
2336,0.00937540000086301
2337,0.009875499999907333
2338,0.008694600001035724
2339,0.011249200000747805
2340,0.011593699997320073
2341,0.010821399999258574
2342,0.009775700000318466
2343,0.009906999999657273
2344,0.00849989999915124
2345,0.009212800003297161
2346,0.008187700001144549
2347,0.010429800000565592
2348,0.010611599998810561
2349,0.008375199999136385
2350,0.00973119999980554
2351,0.009170699999231147
2352,0.010032499998487765
2353,0.008788199997070478
2354,0.009612199999537552
2355,0.010260000002745073
2356,0.009112899999308866
2357,0.012558499998704065
2358,0.0097890000033658
2359,0.009138600002188468
2360,0.01013549999697716
2361,0.010032599999249214
2362,0.008792000000539701
2363,0.01090719999774592
2364,0.011978099999396363
2365,0.008852200000546873
2366,0.009551700000884011
2367,0.008529400001862086
2368,0.010111799998412607
2369,0.010269499998685205
2370,0.009674299999460345
2371,0.01018869999825256
2372,0.008993699997517979
2373,0.011752899998100474
2374,0.010327600000891834
2375,0.008101100000203587
2376,0.010674400000425521
2377,0.010428799996589078
2378,0.010618299998895964
2379,0.01181189999988419
2380,0.010766999999759719
2381,0.008295300001918804
2382,0.009779200001503341
2383,0.008161499998095678
2384,0.010371399999712594
2385,0.009900100001686951
2386,0.008336999999301042
2387,0.009943699998984812
2388,0.010633800000505289
2389,0.00980139999956009
2390,0.010032199999841396
2391,0.008788299997831928
2392,0.012135600001784042
2393,0.011815200003184145
2394,0.010377700000390178
2395,0.010686500001611421
2396,0.010485200000402983
2397,0.010299700003088219
2398,0.009826800000155345
2399,0.009595000003173482
2400,0.009493800000200281
2401,0.010692700001527555
2402,0.009467199997743592
2403,0.010686400000849972
2404,0.011216499999136431
2405,0.009609199998521945
2406,0.01068459999805782
2407,0.010978900001646252
2408,0.0095422000013059
2409,0.009695599997940008
2410,0.009705799999210285
2411,0.010114599997905316
2412,0.010501900000235764
2413,0.010419499998533865
2414,0.008891299999959301
2415,0.010214199999609264
2416,0.009911299999657786
2417,0.010656399997969856
2418,0.011622400001215283
2419,0.009687399997346802
2420,0.011981499999819789
2421,0.01198370000201976
2422,0.011434000000008382
2423,0.01076650000322843
2424,0.011875999996846076
2425,0.011097599999629892
2426,0.008871900001395261
2427,0.010443800001667114
2428,0.010307799999281997
2429,0.008358299997780705
2430,0.009846700002526632
2431,0.00920830000177375
2432,0.010177200001635356
2433,0.010067199997138232
2434,0.00834499999837135
2435,0.009674900000391062
2436,0.009320599998318357
2437,0.010158400000364054
2438,0.010353800000302726
2439,0.00885299999936251
2440,0.009640599997510435
2441,0.00875340000129654
2442,0.010065999998914776
2443,0.009101700001338031
2444,0.00920350000160397
2445,0.009917899998981738
2446,0.00911189999897033
2447,0.009490200001891935
2448,0.008390300001337891
2449,0.010426200002257247
2450,0.009672399999544723
2451,0.009109899998293258
2452,0.010041199999250239
2453,0.008137299999361858
2454,0.010731000002124347
2455,0.011659899999358458
2456,0.011418300000514137
2457,0.010659700001269812
2458,0.010688499998650514
2459,0.01126970000041183
2460,0.008966000001237262
2461,0.010093500000948552
2462,0.008303300000989111
2463,0.009285200001613703
2464,0.008472100002109073
2465,0.009821699997701216
2466,0.009883600003377069
2467,0.009322699999756878
2468,0.010455300001922296
2469,0.009962799998902483
2470,0.01122150000082911
2471,0.010507300001336262
2472,0.008860400001140079
2473,0.009173200000077486
2474,0.009608500000467757
2475,0.011022399998182664
2476,0.010731200000009267
2477,0.010307599997759098
2478,0.009223400000337278
2479,0.010174300001381198
2480,0.009255199998733588
2481,0.008817800000542775
2482,0.009194499998557149
2483,0.009156600001006154
2484,0.011372299999493407
2485,0.01119710000057239
2486,0.008949200000643032
2487,0.009863400002359413
2488,0.008543699997971999
2489,0.010118899997905828
2490,0.00974550000319141
2491,0.009236000001692446
2492,0.009629899999708869
2493,0.009010500001750188
2494,0.010233500001049833
2495,0.009080699997866759
2496,0.01088049999816576
2497,0.011428800000430783
2498,0.011418800000683405
2499,0.010088999999425141
2500,0.00974560000031488
2501,0.00836449999769684
2502,0.010312200000043958
2503,0.010201500001130626
2504,0.008455099999991944
2505,0.009584199997334508
2506,0.008235299999796553
2507,0.010554700002103345
2508,0.010103800002980279
2509,0.008614999998826534
2510,0.009419599999091588
2511,0.008388099999137921
2512,0.009743800001160707
2513,0.008808999999018852
2514,0.009081100000912556
2515,0.010071900000184542
2516,0.010487500003364403
2517,0.010303200000635115
2518,0.010032099999079946
2519,0.009456299998419126
2520,0.009728000000905013
2521,0.00813919999927748
2522,0.010101600000780309
2523,0.010546900000917958
2524,0.00989819999813335
2525,0.010371800002758391
2526,0.00983020000057877
2527,0.009420200000022305
2528,0.009766800001671072
2529,0.009265299999242416
2530,0.011067100000218488
2531,0.010098200000356883
2532,0.009162099999230122
2533,0.009790000000066357
2534,0.007888700001785764
2535,0.011367400002200156
2536,0.011680899999191752
2537,0.009138900000834838
2538,0.009976400000596186
2539,0.009276799999497598
2540,0.009156600001006154
2541,0.009856600001512561
2542,0.009241100000508595
2543,0.010261700001137797
2544,0.010472099998878548
2545,0.008400800001254538
2546,0.009416199998668162
2547,0.008566500000597443
2548,0.010356099999626167
2549,0.009119599999394268
2550,0.008874399998603621
2551,0.009355800000776071
2552,0.00848279999991064
2553,0.01015929999994114
2554,0.00923789999797009
2555,0.010180199999012984
2556,0.010091000000102213
2557,0.008155300001817523
2558,0.009782600001926767
2559,0.009188500000163913
2560,0.010854199997993419
2561,0.01014720000239322
2562,0.009804400000575697
2563,0.010617599997203797
2564,0.009943799999746261
2565,0.008826599998428719
2566,0.009997500001190929
2567,0.009185200000501936
2568,0.010668699997040676
2569,0.010323099999368424
2570,0.008645199999591568
2571,0.009609600001567742
2572,0.00894460000199615
2573,0.011576600001717452
2574,0.011030900001060218
2575,0.00928609999755281
2576,0.010329799999453826
2577,0.01025389999995241
2578,0.010017100001277868
2579,0.00989300000219373
2580,0.008963699998275843
2581,0.009599299999536015
2582,0.010114200002135476
2583,0.009636099999625003
2584,0.010001299997384194
2585,0.00969009999971604
2586,0.008291300000564661
2587,0.009612000001652632
2588,0.010625200000504265
2589,0.010615200000756886
2590,0.009797800001251744
2591,0.008070200001384364
2592,0.01023200000054203
2593,0.012197000000014668
2594,0.011260700001002988
2595,0.01156009999976959
2596,0.011641499997494975
2597,0.012148800000431947
2598,0.011407100002543302
2599,0.011867099998198682
2600,0.011740699999791104
2601,0.010300400001142407
2602,0.009880000001430744
2603,0.009355299996968824
2604,0.009366199999931268
2605,0.010878699999011587
2606,0.011846900000819005
2607,0.009828400001424598
2608,0.01056330000210437
2609,0.009382200001709862
2610,0.011741099999198923
2611,0.011072700002841884
2612,0.00921550000202842
2613,0.012155800002801698
2614,0.010134100000868784
2615,0.008287199998449069
2616,0.00928340000245953
2617,0.00866650000170921
2618,0.008645300000353018
2619,0.01024160000088159
2620,0.00987650000024587
2621,0.009289099998568418
2622,0.008138200002576923
2623,0.009609400000044843
2624,0.01047620000099414
2625,0.00995399999737856
2626,0.0094649999991816
2627,0.008484500001941342
2628,0.009070299998711562
2629,0.009159799999906681
2630,0.009400200000527548
2631,0.0105199999998149
2632,0.008713399998669047
2633,0.011551200001122197
2634,0.010893099999520928
2635,0.009255200002371566
2636,0.011111699997854885
2637,0.011342099998728372
2638,0.010508600000321167
2639,0.01139820000025793
2640,0.011510100001032697
2641,0.01128420000168262
2642,0.008099400001810864
2643,0.009373500000947388
2644,0.008741000001464272
2645,0.009599900000466732
2646,0.00822139999945648
2647,0.00948440000138362
2648,0.008664400000270689
2649,0.009132700000918703
2650,0.009433100000023842
2651,0.008894599999621278
2652,0.010095499997987645
2653,0.008598100001108833
2654,0.0097868999982893
2655,0.009484500002145069
2656,0.009183500002109213
2657,0.01089019999926677
2658,0.011428799996792804
2659,0.009541100000205915
2660,0.010891199999605305
2661,0.00946979999935138
2662,0.009230999999999767
2663,0.00963680000131717
2664,0.008682100000442006
2665,0.010037699998065364
2666,0.009435199997824384
2667,0.009014500003104331
2668,0.00864739999815356
2669,0.008176399998774286
2670,0.009884700000839075
2671,0.009363799999846378
2672,0.010236299996904563
2673,0.00890129999970668
2674,0.009693700001662364
2675,0.010124399999767775
2676,0.008317899999383371
2677,0.011742900001991075
2678,0.011462599999504164
2679,0.00841500000024098
2680,0.009140900001511909
2681,0.008254699998360593
2682,0.009599199998774566
2683,0.008963000000221655
2684,0.012244399997143773
2685,0.012595500000315951
2686,0.011875899999722606
2687,0.010187800002313452
2688,0.011588000001211185
2689,0.01122399999803747
2690,0.011151199996675132
2691,0.00871009999900707
2692,0.010378399998444365
2693,0.012595000000146683
2694,0.008417199998802971
2695,0.009487999999691965
2696,0.00914560000092024
2697,0.011328399999911198
2698,0.011595500000112224
2699,0.01009409999824129
2700,0.011339099997712765
2701,0.012100699997972697
2702,0.011901700003363658
2703,0.008205100002669496
2704,0.009768999996595085
2705,0.008718000000953907
2706,0.010307900000043446
2707,0.010931799999525538
2708,0.009722700000565965
2709,0.010548700000072131
2710,0.009314399998402223
2711,0.010037100000772625
2712,0.010282300001563272
2713,0.011105500001576729
2714,0.010438400000566617
2715,0.010890300000028219
2716,0.009805000001506414
2717,0.011480600001959829
2718,0.009884099999908358
2719,0.009090499999729218
2720,0.01127509999787435
2721,0.010596899999654852
2722,0.00938010000027134
2723,0.010290700000041397
2724,0.00961220000317553
2725,0.009518200000457
2726,0.01061689999914961
2727,0.00899290000234032
2728,0.012211900000693277
2729,0.011056099996494595
2730,0.00919409999914933
2731,0.009950700001354562
2732,0.010500299998966511
2733,0.010182100002566585
2734,0.010164600000280188
2735,0.009702700001071207
2736,0.008074599998508347
2737,0.009395699999004137
2738,0.008336999999301042
2739,0.011132899999211077
2740,0.011979899998550536
2741,0.010699600003135856
2742,0.009533799999189796
2743,0.008159599998180056
2744,0.008884899998520268
2745,0.009308000000601169
2746,0.008366800000658259
2747,0.009862499999144347
2748,0.01119729999845731
2749,0.008939600000303471
2750,0.009631200002331752
2751,0.009995599997637328
2752,0.010453400002006674
2753,0.00967079999827547
2754,0.008403300002100877
2755,0.009236699999746634
2756,0.00868339999942691
2757,0.010558499998296611
2758,0.0119209000004048
2759,0.009170199999061879
2760,0.010698499998397892
2761,0.010719600002630614
2762,0.009761599998455495
2763,0.009510200001386693
2764,0.009679800001322292
2765,0.010469400000147289
2766,0.010283499999786727
2767,0.008432499998889398
2768,0.009772900000825757
2769,0.00803739999901154
2770,0.010043500002211658
2771,0.009404700002050959
2772,0.009771200002433034
2773,0.011346499999490334
2774,0.011529399998835288
2775,0.010884200000873534
2776,0.010186399998929119
2777,0.00811489999978221
2778,0.011427099998400081
2779,0.012033799997880124
2780,0.011894800001755357
2781,0.00832579999769223
2782,0.010463999999046791
2783,0.011834199998702388
2784,0.009619199998269323
2785,0.009839500002271961
2786,0.007718500000919448
2787,0.011065099999541417
2788,0.01190159999896423
2789,0.009305999999924097
2790,0.010489499996765517
2791,0.009384799999679672
2792,0.009465300001465948
2793,0.009598699998605298
2794,0.008726199997909134
2795,0.010634400001436006
2796,0.010433700001158286
2797,0.008462999998300802
2798,0.009689400001661852
2799,0.008713900002476294
2800,0.010082499997224659
2801,0.008837699999276083
2802,0.010065900001791306
2803,0.009226400001352886
2804,0.009253599997464335
2805,0.010063699999591336
2806,0.008661399999255082
2807,0.010095599998749094
2808,0.010064500002044952
2809,0.008741199999349192
2810,0.012582899998960784
2811,0.012560300001496216
2812,0.008859600002324441
2813,0.010286999997333623
2814,0.009984500000427943
2815,0.009072600001672981
2816,0.010368300001573516
2817,0.01071830000000773
2818,0.008290199999464676
2819,0.009325099999841768
2820,0.00867149999976391
2821,0.010144300002139062
2822,0.00956909999877098
2823,0.010401400002592709
2824,0.010970999999699416
2825,0.011015500000212342
2826,0.00954739999724552
2827,0.00936349999756203
2828,0.008019099997909507
2829,0.009865399999398505
2830,0.009310900000855327
2831,0.009516699999949196
2832,0.009050600001501152
2833,0.008418000001256587
2834,0.009357400002045324
2835,0.008539899998140754
2836,0.011232099997869227
2837,0.01144180000119377
2838,0.009261300001526251
2839,0.011165099997015204
2840,0.008295600000565173
2841,0.008754099999350728
2842,0.008814799999527168
2843,0.010283499999786727
2844,0.010164199997234391
2845,0.009364499997900566
2846,0.009677300000475952
2847,0.00957130000097095
2848,0.009224699999322183
2849,0.0096244000014849
2850,0.008087499998509884
2851,0.010499500000150874
2852,0.010252299998683156
2853,0.008749299999180948
2854,0.010262000003422145
2855,0.009182900001178496
2856,0.01158940000095754
2857,0.01036240000030375
2858,0.010662299999239622
2859,0.011612500002229353
2860,0.010021999998571118
2861,0.00801810000120895
2862,0.0098160999987158
2863,0.008216399997763801
2864,0.010100100000272505
2865,0.010760900000605034
2866,0.008267700002761558
2867,0.011595300002227305
2868,0.011099400002422044
2869,0.009265299999242416
2870,0.009165399998892099
2871,0.008311300000059418
2872,0.010689999999158317
2873,0.010777299998153467
2874,0.00970210000014049
2875,0.010361599997850135
2876,0.009956899997632718
2877,0.009434499999770196
2878,0.011401100000512088
2879,0.011663900000712601
2880,0.011235400001169182
2881,0.011707100002240622
2882,0.011754799998016097
2883,0.009248800000932533
2884,0.011976600002526538
2885,0.010929300002317177
2886,0.008572599999752128
2887,0.01228590000027907
2888,0.012612699996680021
2889,0.012234399997396395
2890,0.008277599998109508
2891,0.009603999998944346
2892,0.00867130000187899
2893,0.009961200001271209
2894,0.008694899999682093
2895,0.009118599999055732
2896,0.010688200000004144
2897,0.008733900001971051
2898,0.009986100001697196
2899,0.009064099998795427
2900,0.00847050000083982
2901,0.010165299998334376
2902,0.01141029999780585
2903,0.010387599999376107
2904,0.010302800001227297
2905,0.009703700001409743
2906,0.010225099998933729
2907,0.01045719999819994
2908,0.009717600001749815
2909,0.010308299999451265
2910,0.009630500000639586
2911,0.008738399999856483
2912,0.009483199999522185
2913,0.008281000002170913
2914,0.010475600000063423
2915,0.010496599999896716
2916,0.009606400002667215
2917,0.010402199997770367
2918,0.008450599998468533
2919,0.012394099998346064
2920,0.012410999999701744
2921,0.012504700000135927
2922,0.0118335000006482
2923,0.010578299999906449
2924,0.011258599999564467
2925,0.013003399999433896
2926,0.009506599999440368
2927,0.010387000002083369
2928,0.009525800000119489
2929,0.012165399999503279
2930,0.012558200000057695
2931,0.011692600000969833
2932,0.00894479999988107
2933,0.01354670000000624
2934,0.011553599997569108
2935,0.01071819999924628
2936,0.009400700000696816
2937,0.010177699998166645
2938,0.009011600002850173
2939,0.010309199999028351
2940,0.010932299999694806
2941,0.009379800001624972
2942,0.010094900000694906
2943,0.009652699998696335
2944,0.00991960000101244
2945,0.01010110000061104
2946,0.008534900000086054
2947,0.010408499998447951
2948,0.010298500001226785
2949,0.011651799999526702
2950,0.012669600000663195
2951,0.012731899998470908
2952,0.01246750000063912
2953,0.011623900001723086
2954,0.009122699997533346
2955,0.010002499999245629
2956,0.009402799998497358
2957,0.010649700001522433
2958,0.010569599999143975
2959,0.008172199999535223
2960,0.010358299998188158
2961,0.009972100000595674
2962,0.009219399998983135
2963,0.010182199999690056
2964,0.009563700001308462
2965,0.011425899996538647
2966,0.01131379999787896
2967,0.012514799997006776
2968,0.009899000000586966
2969,0.011061400000471622
2970,0.009751300000061747
2971,0.009631000000808854
2972,0.010162300000956748
2973,0.008493000001180917
2974,0.01133290000143461
2975,0.011308299999654992
2976,0.008265799999207957
2977,0.01093580000087968
2978,0.01137639999797102
2979,0.008905700000468642
2980,0.009362199998577125
2981,0.008155600000463892
2982,0.009899600001517683
2983,0.009713599996757694
2984,0.009596200001396937
2985,0.009416200002306141
2986,0.008344099998794263
2987,0.009398500002134824
2988,0.008068200000707293
2989,0.011069899999711197
2990,0.011768799999117618
2991,0.012108599999919534
2992,0.009353299999929732
2993,0.01003829999899608
2994,0.010473000002093613
2995,0.009371299998747418
2996,0.008261800001491793
2997,0.00966100000005099
2998,0.01162579999800073
2999,0.008674699998664437
3000,0.009844500000326661
3001,0.009762199999386212
3002,0.009315800001786556
3003,0.009650600000895793
3004,0.008157800002663862
3005,0.009197900002618553
3006,0.008125699998345226
3007,0.012138800000684569
3008,0.011073000001488253
3009,0.009110200000577606
3010,0.010413899999548448
3011,0.010169799999857787
3012,0.00868849999824306
3013,0.010917800002061995
3014,0.011220000000321306
3015,0.009444999999686843
3016,0.009764499998709653
3017,0.008690499998920131
3018,0.008948200000304496
3019,0.008077300000877585
3020,0.009874299998045899
3021,0.009956899997632718
3022,0.008701799997652415
3023,0.009122999999817694
3024,0.007859299999836367
3025,0.011644199999864213
3026,0.01175149999835412
3027,0.009212199998728465
3028,0.010382500000559958
3029,0.00990549999914947
3030,0.00811279999834369
3031,0.009708200002933154
3032,0.008764099999098107
3033,0.009647599999880185
3034,0.008244199998443946
3035,0.009655099998781225
3036,0.009260599999834085
3037,0.00833020000209217
3038,0.009226300000591436
3039,0.008737399999517947
3040,0.009946099999069702
3041,0.00900559999718098
3042,0.009693700001662364
3043,0.009289099998568418
3044,0.0080350999996881
3045,0.00971669999853475
3046,0.009440400001039961
3047,0.009550799997668946
3048,0.008484400001179893
3049,0.009340799999336014
3050,0.00984739999694284
3051,0.009084100001928164
3052,0.010408800000732299
3053,0.009698499998194166
3054,0.009731999998621177
3055,0.00980139999956009
3056,0.008106999997835374
3057,0.010512900000321679
3058,0.009290300000429852
3059,0.008607599997048965
3060,0.00977440000133356
3061,0.009563700001308462
3062,0.009996599997975864
3063,0.008553200001188088
3064,0.010545599998295074
3065,0.009967699999833712
3066,0.00813180000113789
3067,0.009903599999233847
3068,0.00927640000008978
3069,0.00987159999931464
3070,0.010578400000667898
3071,0.010049299999081995
3072,0.009400799997820286
3073,0.00899320000098669
3074,0.009696599998278543
3075,0.010851099999854341
3076,0.010103299999173032
3077,0.010770000000775326
3078,0.011654199999611592
3079,0.010112600000866223
3080,0.008491099997627316
3081,0.009374000001116656
3082,0.008647600003314437
3083,0.010769799999252427
3084,0.011416600002121413
3085,0.010203500001807697
3086,0.009424100000614999
3087,0.00799879999976838
3088,0.009931000000506174
3089,0.008855899999616668
3090,0.009639699997933349
3091,0.009852799998043338
3092,0.008036600000195904
3093,0.009614700000383891
3094,0.00862819999747444
3095,0.011815599998953985
3096,0.01190130000031786
3097,0.008979700000054436
3098,0.009784099998796592
3099,0.009557699999277247
3100,0.009600199999113102
3101,0.01022949999969569
3102,0.00947009999799775
3103,0.009345599999505794
3104,0.009909199998219265
3105,0.009400099999766098
3106,0.010066099999676226
3107,0.009466399998927955
3108,0.009225900001183618
3109,0.009449600001971703
3110,0.00820699999894714
3111,0.010393699998530792
3112,0.011444800002209377
3113,0.008778999999776715
3114,0.00923270000203047
3115,0.008652800002892036
3116,0.009582799997588154
3117,0.008099599999695783
3118,0.01184329999887268
3119,0.01224029999866616
3120,0.009598699998605298
3121,0.011003499999787891
3122,0.009928499999659834
3123,0.008696000000782078
3124,0.00926919999983511
3125,0.008253500000137137
3126,0.011900800000148593
3127,0.010528100003284635
3128,0.008220100000471575
3129,0.009611999998014653
3130,0.008249400001659524
3131,0.01004330000068876
3132,0.011600399997405475
3133,0.011328200002026279
3134,0.008406000000832137
3135,0.009296000000176718
3136,0.008757100000366336
3137,0.009502500000962755
3138,0.008066800000960939
3139,0.010366599999542814
3140,0.010440699999890057
3141,0.0079236999990826
3142,0.010232600001472747
3143,0.010532600001170067
3144,0.009094800003367709
3145,0.00894499999776599
3146,0.009350700001959922
3147,0.009439499997824896
3148,0.008055000002059387
3149,0.010637700001097983
3150,0.01162809999732417
3151,0.011099600000306964
3152,0.009856399999989662
3153,0.009419800000614487
3154,0.009090600000490667
3155,0.009384799999679672
3156,0.009213500001351349
3157,0.010068300001876196
3158,0.008449900000414345
3159,0.009658999999373918
3160,0.010387700000137556
3161,0.01061439999830327
3162,0.009033899998030392
3163,0.008224300003348617
3164,0.009347999999590684
3165,0.009967499998310814
3166,0.009180999997624895
3167,0.009944299999915529
3168,0.008850700000039069
3169,0.010414399999717716
3170,0.010706900000513997
3171,0.008571099999244325
3172,0.010194300000875955
3173,0.010332100002415245
3174,0.010131999999430263
3175,0.010069399999338202
3176,0.009231399999407586
3177,0.009390600000187987
3178,0.010326199997507501
3179,0.010995699998602504
3180,0.009238899998308625
3181,0.009407300000020768
3182,0.009355899997899542
3183,0.010837300000275718
3184,0.010478199998033233
3185,0.009747600000991952
3186,0.01006760000018403
3187,0.009126699998887489
3188,0.010380600000644336
3189,0.010141400001884904
3190,0.008134799998515518
3191,0.009386499998072395
3192,0.008112199997412972
3193,0.009285600001021521
3194,0.008067899998422945
3195,0.011008299999957671
3196,0.010767499999928987
3197,0.010702799998398405
3198,0.010924199999863049
3199,0.009975299999496201
3200,0.010105600002134452
3201,0.011080000000220025
3202,0.011234699999477016
3203,0.00928109999949811
3204,0.009834699998464203
3205,0.009565200001816265
3206,0.008825600001728162
3207,0.009884399998554727
3208,0.009304100000008475
3209,0.009893500002362998
3210,0.009060200001840713
3211,0.009666100002505118
3212,0.010666899997886503
3213,0.010772099998575868
3214,0.010742700000264449
3215,0.010370100000727689
3216,0.008817300000373507
3217,0.010230800002318574
3218,0.00993190000008326
3219,0.008191500000975793
3220,0.009505099998932565
3221,0.009526999998342944
3222,0.00994409999839263
3223,0.008307000000058906
3224,0.00998769999932847
3225,0.009388499998749467
3226,0.009297399999923073
3227,0.010122499999852153
3228,0.009239399998477893
3229,0.009764300000824733
3230,0.010175899999012472
3231,0.008391299998038448
3232,0.009199600001011277
3233,0.008038700001634425
3234,0.010119900001882343
3235,0.010297700002411148
3236,0.009921400000166614
3237,0.010336600000300677
3238,0.009649300001910888
3239,0.009353100002044812
3240,0.009922099998220801
3241,0.00806899999952293
3242,0.009818700000323588
3243,0.009355099999083905
3244,0.010382600001321407
3245,0.010165799998503644
3246,0.011210799999389565
3247,0.009541600000375183
3248,0.008788700000877725
3249,0.008790500000031898
3250,0.009079299998120405
3251,0.008600199998909375
3252,0.01023440000062692
3253,0.009803000000829343
3254,0.009520100000372622
3255,0.009964799999579554
3256,0.00989570000092499
3257,0.011230699998122873
3258,0.010205799997493159
3259,0.00809089999893331
3260,0.010706599998229649
3261,0.012335999999777414
3262,0.007986299999174662
3263,0.009093399999983376
3264,0.008490700001857476
3265,0.009952399999747286
3266,0.009258000001864275
3267,0.010188800002651988
3268,0.010018500001024222
3269,0.008352900000318186
3270,0.010030999997979961
3271,0.009207300001435215
3272,0.009965200002625352
3273,0.00981830000091577
3274,0.011178200002177618
3275,0.010424800002510892
3276,0.01086829999985639
3277,0.012038400000164984
3278,0.0112890000018524
3279,0.010547000001679407
3280,0.008519699997123098
3281,0.010770000000775326
3282,0.01097969999682391
3283,0.009108100002777064
3284,0.010090399999171495
3285,0.009112899999308866
3286,0.01076420000026701
3287,0.011455399999249494
3288,0.009892999998555752
3289,0.010746299998572795
3290,0.01010369999858085
3291,0.009258800000679912
3292,0.010381199997937074
3293,0.010283100000378909
3294,0.008465300001262221
3295,0.01097749999826192
3296,0.010401700001239078
3297,0.010180300003412412
3298,0.010147500001039589
3299,0.009960200000932673
3300,0.009959900002286304
3301,0.0105801000026986
3302,0.010361399999965215
3303,0.009631100001570303
3304,0.010743700000602985
3305,0.008811699997750111
3306,0.009313699996710056
3307,0.008890699999028584
3308,0.00921310000194353
3309,0.010728999997809296
3310,0.008546500001102686
3311,0.00965609999911976
3312,0.008626099999673897
3313,0.011726699998689583
3314,0.010683799999242183
3315,0.008405699998547789
3316,0.009766200000740355
3317,0.009556000000884524
3318,0.008540200000425102
3319,0.010346099999878788
3320,0.010704399999667658
3321,0.010746200001449324
3322,0.01348399999915273
3323,0.009610799999791197
3324,0.008810300001641735
3325,0.00957389999894076
3326,0.008481800003210083
3327,0.010121899998921435
3328,0.010126699999091215
3329,0.009331300003395882
3330,0.010310000001481967
3331,0.008610400000179652
3332,0.009984199998143595
3333,0.009492900000623195
3334,0.009278400000766851
3335,0.00973109999904409
3336,0.008473800000501797
3337,0.010277299999870593
3338,0.010720900001615519
3339,0.010279599999194033
3340,0.010598799999570474
3341,0.01042799999777344
3342,0.009048699997947551
3343,0.010649300002114614
3344,0.010014199997385731
3345,0.010596899999654852
3346,0.011849599999550264
3347,0.011800799999036826
3348,0.008872400001564529
3349,0.010183999998844229
3350,0.008929600000556093
3351,0.012908800003060605
3352,0.010289599998941412
3353,0.008482100001856452
3354,0.010335400002077222
3355,0.009794900000997586
3356,0.00894989999869722
3357,0.010019700002885656
3358,0.009355099999083905
3359,0.00963219999903231
3360,0.009828199999901699
3361,0.008543899999494897
3362,0.009463999998843065
3363,0.00894019999759621
3364,0.011477100000774954
3365,0.012210099997901125
3366,0.012189600001875078
3367,0.008732599999348167
3368,0.009742300000652904
3369,0.013014600001042709
3370,0.010275299999193521
3371,0.010693299998820294
3372,0.008369999999558786
3373,0.010685400000511436
3374,0.012441900002158945
3375,0.012683699998888187
3376,0.01039160000073025
3377,0.012150300000939751
3378,0.011391600000933977
3379,0.008861800000886433
3380,0.009979700000258163
3381,0.00990530000126455
3382,0.009888700002193218
3383,0.010461400001076981
3384,0.009110499999223975
3385,0.009490399999776855
3386,0.009828199999901699
3387,0.008716800002730452
3388,0.010629600001266226
3389,0.00902239999777521
3390,0.009795000001759036
3391,0.009478700001636753
3392,0.00814370000080089
3393,0.00957610000114073
3394,0.008104600001388462
3395,0.00938010000027134
3396,0.008874200000718702
3397,0.008929100000386825
3398,0.009589200002665166
3399,0.010366800001065712
3400,0.00945789999968838
3401,0.008144499999616528
3402,0.009636399998271372
3403,0.009240799998224247
3404,0.008369399998628069
3405,0.009180400000332156
3406,0.008344300000317162
3407,0.009248900001693983
3408,0.00866880000103265
3409,0.00930309999966994
3410,0.008553899999242276
3411,0.010481900000741007
3412,0.010162799997488037
3413,0.008271299997431925
3414,0.010306100000889273
3415,0.009047100000316277
3416,0.009093299999221927
3417,0.01010129999849596
3418,0.01038890000199899
3419,0.00987860000168439
3420,0.008996099997602869
3421,0.010262100000545615
3422,0.01133269999991171
3423,0.009221600001183106
3424,0.008856000000378117
3425,0.009706699998787371
3426,0.008798999999271473
3427,0.010690900002373382
3428,0.010458299999299925
3429,0.010456399999384303
3430,0.010640000000421423
3431,0.010924700000032317
3432,0.009657899998273933
3433,0.009716299999126932
3434,0.008305799998197472
3435,0.010545200002525235
3436,0.010438000001158798
3437,0.008703699997568037
3438,0.01118049999786308
3439,0.014018900001246948
3440,0.010631099998136051
3441,0.010615200000756886
3442,0.011509100000694161
3443,0.009752900001331
3444,0.009013099999719998
3445,0.008937099999457132
3446,0.008376999998290557
3447,0.009563600000547012
3448,0.008159200002410216
3449,0.009075700003450038
3450,0.008497899998474168
3451,0.009680199997092132
3452,0.009143900002527516
3453,0.010402800002339063
3454,0.0102151999999478
3455,0.009153999999398366
3456,0.009998699999414384
3457,0.009297199998400174
3458,0.007967000001372071
3459,0.0089326000015717
3460,0.010245699999359204
3461,0.009821600000577746
3462,0.008044100002734922
3463,0.009348400002636481
3464,0.008491799999319483
3465,0.008519300001353258
3466,0.008628299998235889
3467,0.008504800000082469
3468,0.009685200002422789
3469,0.00815130000046338
3470,0.009056499999132939
3471,0.007888000000093598
3472,0.010190199998760363
3473,0.007903599998826394
3474,0.009038399999553803
3475,0.008501600001181941
3476,0.009778900002856972
3477,0.01036539999768138
3478,0.008092299998679664
3479,0.009115200002270285
3480,0.00803040000027977
3481,0.009282600000005914
3482,0.008116699998936383
3483,0.008583000002545305
3484,0.009298799999669427
3485,0.008263300001999596
3486,0.008846300002915086
3487,0.00779310000143596
3488,0.008810199997242307
3489,0.007738699998299126
3490,0.00991480000084266
3491,0.009661299998697359
3492,0.009591599999112077
3493,0.009333099998912076
3494,0.008343299999978626
3495,0.009545600001729326
3496,0.0078657000012754
3497,0.009407699999428587
3498,0.009202099998219637
3499,0.010318299999198643
3500,0.010097700000187615
3501,0.007868600001529558
3502,0.008858099998178659
3503,0.007803699998476077
3504,0.009254900000087218
3505,0.009062700002687052
3506,0.008918799998355098
3507,0.007920799998828443
3508,0.009079999999812571
3509,0.009203300000081072
3510,0.00844149999829824
3511,0.009095999997953186
3512,0.008037100000365172
3513,0.009098399998038076
3514,0.00783170000067912
3515,0.0094238999990921
3516,0.0078068000002531335
3517,0.00992969999788329
3518,0.010015600000770064
3519,0.00964390000081039
3520,0.009700700000394136
3521,0.008215699999709614
3522,0.00888199999826611
3523,0.007783299999573501
3524,0.010177799998928094
3525,0.009878000000753673
3526,0.009841200000664685
3527,0.009974799999326933
3528,0.008123599996906705
3529,0.009121899998717709
3530,0.008064699999522418
3531,0.009374400000524474
3532,0.009340699998574564
3533,0.007917700000689365
3534,0.009103599997615675
3535,0.008691999999427935
3536,0.00973859999794513
3537,0.008761699999013217
3538,0.008960499999375315
3539,0.008060899999691173
3540,0.010561399998550769
3541,0.009938400002283743
3542,0.007855100000597304
3543,0.00900510000064969
3544,0.00783170000067912
3545,0.008970099999714876
3546,0.00806649999867659
3547,0.010095699999510543
3548,0.009956900001270697
3549,0.009244400000170572
3550,0.009962399999494664
3551,0.008104900000034831
3552,0.008990199999971082
3553,0.007969099999172613
3554,0.009066299997357419
3555,0.007738700001937104
3556,0.010291299997334136
3557,0.01071819999924628
3558,0.007874099999753525
3559,0.009420900001714472
3560,0.00854320000144071
3561,0.009835700002440717
3562,0.008567900000343798
3563,0.00876319999952102
3564,0.008738600001379382
3565,0.008138299999700394
3566,0.008864600000379141
3567,0.007981000002473593
3568,0.008959899998444598
3569,0.007853000002796762
3570,0.008961200001067482
3571,0.007718700002442347
3572,0.009810499999730382
3573,0.008460299999569543
3574,0.009668900001997827
3575,0.00958370000080322
3576,0.007906699996965472
3577,0.008854600000631763
3578,0.007806199999322416
3579,0.008997099997941405
3580,0.009471400000620633
3581,0.01024150000012014
3582,0.010355399997934
3583,0.007970899998326786
3584,0.009422499999345746
3585,0.007843499999580672
3586,0.008928600000217557
3587,0.007865999999921769
3588,0.009206899998389417
3589,0.007797299997037044
3590,0.009048000003531342
3591,0.007794999997713603
3592,0.010554299999057548
3593,0.01044039999760571
3594,0.007857299999159295
3595,0.009035099999891827
3596,0.0077485000001615845
3597,0.008795400000963127
3598,0.007793200002197409
3599,0.00938740000128746
3600,0.009666200003266567
3601,0.009738999997352948
3602,0.008249599999544444
3603,0.008198600000469014
3604,0.009380899999086978
3605,0.008160599998518592
3606,0.009446600000956096
3607,0.009291899998061126
3608,0.009136100001342129
3609,0.0077223000007506926
3610,0.009897500000079162
3611,0.00989849999677972
3612,0.008199899999453919
3613,0.009870300000329735
3614,0.0096174999998766
3615,0.010278800000378396
3616,0.009684699998615542
3617,0.007921799999166979
3618,0.00951580000037211
3619,0.00945520000095712
3620,0.009188300002278993
3621,0.008262999999715248
3622,0.010271300001477357
3623,0.008509899998898618
3624,0.008126500000798842
3625,0.008833700001559919
3626,0.007973499999934575
3627,0.009206800001265947
3628,0.007873500002460787
3629,0.008761299999605399
3630,0.008417699998972239
3631,0.011160599999129772
3632,0.009857300003204728
3633,0.007990399997652275
3634,0.00911160000032396
3635,0.00795279999874765
3636,0.009641900000133319
3637,0.007757299998047529
3638,0.009225000001606531
3639,0.008338399999047397
3640,0.009433200000785291
3641,0.008077599999523954
3642,0.008854600000631763
3643,0.008745999999518972
3644,0.008583499999076594
3645,0.01025360000130604
3646,0.012682100001256913
3647,0.009651899999880698
3648,0.010429000001749955
3649,0.008502700002281927
3650,0.009639799998694798
3651,0.009249399998225272
3652,0.008334299996931804
3653,0.00884080000105314
3654,0.008286199998110533
3655,0.008742999998503365
3656,0.007894099999248283
3657,0.009387000001879642
3658,0.008690200000273762
3659,0.009365699999762
3660,0.007735700000921497
3661,0.008989600002678344
3662,0.008500200001435587
3663,0.008838000001560431
3664,0.008774400001129834
3665,0.009509100000286708
3666,0.010337799998524133
3667,0.00980609999896842
3668,0.010275700002239319
3669,0.00997310000093421
3670,0.008430099998804508
3671,0.00930270000026212
3672,0.008212799999455456
3673,0.00980830000116839
3674,0.008331000000907807
3675,0.008456699997623218
3676,0.00905350000175531
3677,0.007907200000772718
3678,0.008604200000263518
3679,0.007891799999924842
3680,0.009002400001918431
3681,0.008197600000130478
3682,0.008987900000647642
3683,0.007739299999229843
3684,0.009230700001353398
3685,0.007725799998297589
3686,0.00910229999863077
3687,0.008286199998110533
3688,0.009689499998785323
3689,0.009244199998647673
3690,0.008210200001485646
3691,0.00902930000302149
3692,0.007871100002375897
3693,0.008680700000695651
3694,0.008147000000462867
3695,0.008829899998090696
3696,0.008411900002101902
3697,0.009332800000265706
3698,0.007873900001868606
3699,0.008972799998446135
3700,0.008483800000249175
3701,0.01042539999980363
3702,0.010040699999080971
3703,0.00801080000019283
3704,0.009657700000389013
3705,0.008071799999015639
3706,0.009091499996429775
3707,0.009938499999407213
3708,0.009855100001004757
3709,0.010407800000393763
3710,0.009884099999908358
3711,0.009866000000329223
3712,0.009706699998787371
3713,0.007872000001952983
3714,0.009543799998937175
3715,0.007758200001262594
3716,0.009154499999567633
3717,0.0081393999971624
3718,0.009867799999483395
3719,0.007694399999309098
3720,0.010194200000114506
3721,0.009932299999491079
3722,0.008050399999774527
3723,0.008776400001806905
3724,0.0077028999985486735
3725,0.009776299997611204
3726,0.009763099998963298
3727,0.008880000001227017
3728,0.008304700000735465
3729,0.00834930000200984
3730,0.008449200002360158
3731,0.008120499998767627
3732,0.010510000000067521
3733,0.009593599999789149
3734,0.009999300000345102
3735,0.010123799998837058
3736,0.00810740000088117
3737,0.009011099999042926
3738,0.00786819999848376
3739,0.009301100002630847
3740,0.007717499996942934
3741,0.00941650000095251
3742,0.0076795999993919395
3743,0.009708499997941544
3744,0.007750000000669388
3745,0.008970599999884143
3746,0.008224299999710638
3747,0.008540499999071471
3748,0.008774000001722015
3749,0.00870779999968363
3750,0.00923759999932372
3751,0.008254699998360593
3752,0.009504800000286195
3753,0.008067999999184394
3754,0.009241800002200762
3755,0.00821150000047055
3756,0.009475899998506065
3757,0.009272900002542883
3758,0.008198300001822645
3759,0.009226400001352886
3760,0.007756299997708993
3761,0.009875899999315152
3762,0.009532199997920543
3763,0.01066970000101719
3764,0.010452499998791609
3765,0.007865399998991052
3766,0.009104799999477109
3767,0.0077538000005006324
3768,0.010650899999745889
3769,0.010003499999584164
3770,0.008222200001910096
3771,0.00886019999961718
3772,0.008116699998936383
3773,0.009008500001073116
3774,0.008234699998865835
3775,0.00973599999997532
3776,0.008012199999939185
3777,0.009403300002304604
3778,0.008479700001771562
3779,0.01053219999812427
3780,0.010246700003335718
3781,0.009633900001063012
3782,0.009087099999305792
3783,0.00835969999752706
3784,0.008995299998787232
3785,0.00869560000137426
3786,0.008065500001976034
3787,0.00849970000126632
3788,0.007897999999840977
3789,0.009589099998265738
3790,0.008738799999264302
3791,0.00924730000042473
3792,0.007965499997226289
3793,0.009073600002011517
3794,0.008331699998961994
3795,0.009404000000358792
3796,0.008169100001396146
3797,0.008343699999386445
3798,0.008442800000921125
3799,0.009696699999039993
3800,0.010269200000038836
3801,0.009538799997244496
3802,0.009220899999490939
3803,0.008184199999959674
3804,0.008365500001673354
3805,0.01040139999895473
3806,0.0077092999999877065
3807,0.009682699997938471
3808,0.009870000001683366
3809,0.01059969999914756
3810,0.009764400001586182
3811,0.007810799997969298
3812,0.009348100000352133
3813,0.007746699997369433
3814,0.010435700001835357
3815,0.00989339999796357
3816,0.008266699998785043
3817,0.009228200000507059
3818,0.008737899999687215
3819,0.009454499999264954
3820,0.008646399997815024
3821,0.00947249999808264
3822,0.0077592999987246
3823,0.008783599998423597
3824,0.007833299998310395
3825,0.010172300000704126
3826,0.009369600000354694
3827,0.009223600001860177
3828,0.00951100000020233
3829,0.007718900000327267
3830,0.009787200000573648
3831,0.010294299998349743
3832,0.008036999999603722
3833,0.009261900002456969
3834,0.008424899999226909
3835,0.009112300002016127
3836,0.008086599998932797
3837,0.009778499999811174
3838,0.009760500000993488
3839,0.008544800002709962
3840,0.008638200000859797
3841,0.008135000000038417
3842,0.009040699998877244
3843,0.00821649999852525
3844,0.009263200001441874
3845,0.008348100000148406
3846,0.009697600002255058
3847,0.009417500001291046
3848,0.0088264000005438
3849,0.009481200002483092
3850,0.009719400000903988
3851,0.009555900000123074
3852,0.008062599998083897
3853,0.009995599997637328
3854,0.009257800000341376
3855,0.008132399998430628
3856,0.008576299998821924
3857,0.008138799999869661
3858,0.00935600000229897
3859,0.009500000000116415
3860,0.009204800000588875
3861,0.00791400000161957
3862,0.008841099999699509
3863,0.007689400001254398
3864,0.00905359999887878
3865,0.008091200001217658
3866,0.010091199997987133
3867,0.010159500001464039
3868,0.009565199998178286
3869,0.009266100001696032
3870,0.00765049999972689
3871,0.009362199998577125
3872,0.008535500001016771
3873,0.008282400001917267
3874,0.009222000000590924
3875,0.009580999998433981
3876,0.010641400000167778
3877,0.01072779999958584
3878,0.009412699997483287
3879,0.009548699999868404
3880,0.00782229999822448
3881,0.009538700000121025
3882,0.007742500001768349
3883,0.009219100000336766
3884,0.007742099998722551
3885,0.009807800000999123
3886,0.008041400000365684
3887,0.008546600001864135
3888,0.009342199999082368
3889,0.00971419999768841
3890,0.009464399998250883
3891,0.008005299998330884
3892,0.008943400000134716
3893,0.008005899999261601
3894,0.011887299999216339
3895,0.010073100002045976
3896,0.007902700002887286
3897,0.009481000000960194
3898,0.009157399999821791
3899,0.009756499999639345
3900,0.009768600000825245
3901,0.008048299998336006
3902,0.008955099998274818
3903,0.008679400001710746
3904,0.010286400000040885
3905,0.009982999999920139
3906,0.009896999999909895
3907,0.010218300001724856
3908,0.008112299998174421
3909,0.010094699999172008
3910,0.009727400003612274
3911,0.009610900000552647
3912,0.009736800002428936
3913,0.008089499999186955
3914,0.009020500001497567
3915,0.008012099999177735
3916,0.01037450000148965
3917,0.0104207000003953
3918,0.008619399999588495
3919,0.009854200001427671
3920,0.009604099999705795
3921,0.009502299999439856
3922,0.008407199999055592
3923,0.010057200001028832
3924,0.009637499999371357
3925,0.007770499996695435
3926,0.009705100001156097
3927,0.008693600000697188
3928,0.009938500003045192
3929,0.010316399999283021
3930,0.009018799999466864
3931,0.009434900002815994
3932,0.008379299997613998
3933,0.010044800001196563
3934,0.010534199998801341
3935,0.008664900000439957
3936,0.009610799999791197
3937,0.008314800001244294
3938,0.00923289999991539
3939,0.008771600001637125
3940,0.009188699998048833
3941,0.008863099999871338
3942,0.008346599999640603
3943,0.0092713999983971
3944,0.007959199996548705
3945,0.008936300000641495
3946,0.007773000001179753
3947,0.009281499998905929
3948,0.007975799999258015
3949,0.009271700000681449
3950,0.007766700000502169
3951,0.010695799999666633
3952,0.00983020000057877
3953,0.008014300001377705
3954,0.008883500002411893
3955,0.0077921999982208945
3956,0.009338599997136043
3957,0.0077211999996507075
3958,0.010415100001409883
3959,0.011766499999794178
3960,0.010597899999993388
3961,0.01174429999809945
3962,0.011279499998636311
3963,0.009826400000747526
3964,0.011518100000103004
3965,0.010949399998935405
3966,0.00929550000000745
3967,0.012790599997970276
3968,0.011478899999929126
3969,0.012261099996976554
3970,0.011451900001702597
3971,0.01238279999961378
3972,0.010334300000977237
3973,0.008068400002230192
3974,0.010347400002501672
3975,0.010453399998368695
3976,0.009880400000838563
3977,0.01160639999943669
3978,0.011829499999294057
3979,0.009499899999354966
3980,0.011310099998809164
3981,0.011040400000638328
3982,0.009321500001533423
3983,0.010573999999905936
3984,0.010960699997667689
3985,0.008548899997549597
3986,0.010647099999914644
3987,0.009327700001449557
3988,0.009884200000669807
3989,0.01112719999946421
3990,0.008231499999965308
3991,0.010606600000755861
3992,0.010885400002734968
3993,0.009846099997957936
3994,0.011219999996683327
3995,0.010845400000107475
3996,0.009795900001336122
3997,0.010542300002271077
3998,0.01046430000133114
3999,0.008900400000129594
4000,0.01147810000111349
4001,0.010770699998829514
4002,0.008695399999851361
4003,0.010620299999573035
4004,0.00964870000098017
4005,0.010858099998586113
4006,0.010832500000105938
4007,0.009043699999892851
4008,0.010799100000440376
4009,0.011129199996503303
4010,0.008625999998912448
4011,0.011017600001650862
4012,0.011467299998912495
4013,0.010185300001467112
4014,0.010927800001809373
4015,0.011418300000514137
4016,0.011294599997199839
4017,0.012599699999555014
4018,0.010353900001064176
4019,0.008446199997706572
4020,0.011161599999468308
4021,0.010145500000362517
4022,0.008642600001621759
4023,0.010147500001039589
4024,0.008344300000317162
4025,0.010704500000429107
4026,0.010177699998166645
4027,0.008709000001545064
4028,0.010370799998781877
4029,0.008691400002135197
4030,0.009898500000417698
4031,0.011774200000218116
4032,0.011590999998588813
4033,0.009774900001502829
4034,0.01119249999828753
4035,0.01125769999998738
4036,0.011148499997943873
4037,0.011275299999397248
4038,0.010939899999357294
4039,0.009588500000973
4040,0.011543700002221158
4041,0.01101379999818164
4042,0.008693300002050819
4043,0.010736799998994684
4044,0.009809600000153296
4045,0.011288900001090951
4046,0.011510099997394718
4047,0.010878699999011587
4048,0.008990900001663249
4049,0.011586000000534113
4050,0.011070300002756994
4051,0.008479699998133583
4052,0.011039399996661814
4053,0.010980900002323324
4054,0.008897400002751965
4055,0.011040500001399778
4056,0.009816800000407966
4057,0.009397599998919759
4058,0.010021199999755481
4059,0.008665000001201406
4060,0.010351000000810018
4061,0.009650500000134343
4062,0.00975260000268463
4063,0.01044210000327439
4064,0.008104799999273382
4065,0.010554699998465367
4066,0.011114599998109043
4067,0.010923499998170882
4068,0.010230800002318574
4069,0.010525199999392498
4070,0.009483399997407105
4071,0.010578299999906449
4072,0.008648299997730646
4073,0.008450900000752881
4074,0.00985959999889019
4075,0.008126099997753045
4076,0.010877799999434501
4077,0.009969599999749335
4078,0.011533900000358699
4079,0.011924000002181856
4080,0.011202900001080707
4081,0.007786600002873456
4082,0.010719699999754084
4083,0.008527900001354283
4084,0.00983960000303341
4085,0.010115000000951113
4086,0.00821189999987837
4087,0.011458299999503652
4088,0.011300400001346134
4089,0.009970099999918602
4090,0.010604099999909522
4091,0.009357499999168795
4092,0.008541999999579275
4093,0.009456399999180576
4094,0.008199899999453919
4095,0.010020500001701294
4096,0.009396700002980651
4097,0.01188440000260016
4098,0.012092299999494571
4099,0.011416000001190696
4100,0.008253899999544956
4101,0.009997900000598747
4102,0.010849600002984516
4103,0.010021900001447648
4104,0.010110199997143354
4105,0.008252100000390783
4106,0.0100847999965481
4107,0.009584700001141755
4108,0.009258400001272094
4109,0.010959700000967132
4110,0.01095540000096662
4111,0.01060729999881005
4112,0.0104326000000583
4113,0.011648700001387624
4114,0.009802799999306444
4115,0.010192300000198884
4116,0.008128600002237363
4117,0.010528499999054475
4118,0.010434100000566104
4119,0.008972799998446135
4120,0.009771799999725772
4121,0.009863999999652151
4122,0.010371499996836064
4123,0.01052720000006957
4124,0.009342900000774534
4125,0.010511799999221694
4126,0.009950499999831663
4127,0.00949870000113151
4128,0.012744700001348974
4129,0.012630100001842948
4130,0.01034300000173971
4131,0.011000200000125915
4132,0.010734699997556163
4133,0.009339500000351109
4134,0.010451699999975972
4135,0.01123149999693851
4136,0.009788799998204922
4137,0.011030699999537319
4138,0.010780399999930523
4139,0.010409799997432856
4140,0.011683100001391722
4141,0.010932599998341175
4142,0.011934399997699074
4143,0.009643699999287492
4144,0.01091949999681674
4145,0.008920000000216532
4146,0.010935399997833883
4147,0.010403299998870352
4148,0.008361199998034863
4149,0.011950199997954769
4150,0.009393100001034327
4151,0.008318599997437559
4152,0.010002300001360709
4153,0.009993000003305497
4154,0.010129300000699004
4155,0.010290300000633579
4156,0.0086157000005187
4157,0.010441200000059325
4158,0.008868500000971835
4159,0.00959050000165007
4160,0.009781000000657514
4161,0.010126499997568317
4162,0.010619600001518847
4163,0.010429800000565592
4164,0.008391199997276999
4165,0.010153500003070803
4166,0.009325000002718298
4167,0.010479199998371769
4168,0.009361799999169307
4169,0.011042900001484668
4170,0.010408999998617219
4171,0.00896660000216798
4172,0.008664599998155609
4173,0.009727999997267034
4174,0.009971200001018587
4175,0.011639399999694433
4176,0.01077390000136802
4177,0.008921399999962887
4178,0.009872400001768256
4179,0.010088600000017323
4180,0.012107900001865346
4181,0.01012569999875268
4182,0.009737100001075305
4183,0.010220400003163377
4184,0.012282600000617094
4185,0.011283599997113924
4186,0.008366800000658259
4187,0.01021299999774783
4188,0.009671600000729086
4189,0.011311700000078417
4190,0.011804900001152419
4191,0.011200100001587998
4192,0.010665400001016678
4193,0.01150710000001709
4194,0.011803800000052433
4195,0.01007249999747728
4196,0.009991999999328982
4197,0.01051279999956023
4198,0.010567100001935614
4199,0.011347999999998137
4200,0.011494499998661922
4201,0.009913899997627595
4202,0.010808200000610668
4203,0.010615300001518335
4204,0.009953499997209292
4205,0.010373600001912564
4206,0.010659800002031261
4207,0.008885899998858804
4208,0.010595700001431396
4209,0.010190500001044711
4210,0.010711799997807248
4211,0.010662100001354702
4212,0.011438699999416713
4213,0.009156199997960357
4214,0.009618299998692237
4215,0.00868379999883473
4216,0.010256599998683669
4217,0.00894749999861233
4218,0.008033399997657398
4219,0.008838600002491148
4220,0.008020299999770941
4221,0.009304799998062663
4222,0.008077200000116136
4223,0.008682700001372723
4224,0.008267000001069391
4225,0.009667999998782761
4226,0.008248300000559539
4227,0.009187999999994645
4228,0.009130300000833813
4229,0.01002879999941797
4230,0.010897799998929258
4231,0.010092499996972037
4232,0.009655499998189043
4233,0.010266499997669598
4234,0.007600599998113466
4235,0.008827499998005806
4236,0.007909099997050362
4237,0.009127699999226024
4238,0.00806390000070678
4239,0.009982999999920139
4240,0.009622099998523481
4241,0.0081633999980113
4242,0.008878300002834294
4243,0.007830800001102034
4244,0.009414899999683257
4245,0.008046599999943282
4246,0.009101100000407314
4247,0.007850800000596792
4248,0.009053400000993861
4249,0.008613799996965099
4250,0.008867000000464031
4251,0.009273299998312723
4252,0.00983720000294852
4253,0.010025299998233095
4254,0.008049000000028173
4255,0.008945100002165418
4256,0.008041500001127133
4257,0.009340099997643847
4258,0.007864100000006147
4259,0.008912099998269696
4260,0.010408800000732299
4261,0.009669700000813464
4262,0.009419599999091588
4263,0.0077133000013418496
4264,0.010029900000517955
4265,0.010212099998170743
4266,0.009761700002854923
4267,0.009505000001809094
4268,0.007757200000924058
4269,0.009204699999827426
4270,0.008106600002065534
4271,0.009429999998246785
4272,0.007870499997807201
4273,0.008850700000039069
4274,0.00914099999863538
4275,0.008342999997694278
4276,0.009184599999571219
4277,0.009504199999355478
4278,0.009439599998586345
4279,0.0082237000024179
4280,0.009108400001423433
4281,0.008282200000394369
4282,0.00841729999956442
4283,0.008967599998868536
4284,0.009776200000487734
4285,0.009792800003197044
4286,0.00830619999760529
4287,0.009640000000217697
4288,0.009465200000704499
4289,0.0099052000005031
4290,0.009781500000826782
4291,0.007982800001627766
4292,0.009713999999803491
4293,0.00941189999866765
4294,0.00861359999908018
4295,0.008773400000791298
4296,0.008132200000545708
4297,0.009315400002378738
4298,0.009700999999040505
4299,0.0101981000007072
4300,0.009963600001356099
4301,0.009742899997945642
4302,0.009613999998691725
4303,0.007780399999319343
4304,0.009494800000538817
4305,0.008319399999891175
4306,0.009398000001965556
4307,0.008830399998259963
4308,0.009009400000650203
4309,0.009182300000247778
4310,0.007952299998578383
4311,0.009663900000305148
4312,0.00951550000172574
4313,0.009137699998973403
4314,0.008533000000170432
4315,0.008399000002100365
4316,0.008868299999448936
4317,0.008066999998845858
4318,0.009104999997362029
4319,0.00800370000069961
4320,0.009124200001679128
4321,0.007785499998135492
4322,0.008891299999959301
4323,0.0077028999985486735
4324,0.009037399999215268
4325,0.007906300001195632
4326,0.010494400001334725
4327,0.010300000001734588
4328,0.00819229999979143
4329,0.008887799998774426
4330,0.009171000001515495
4331,0.010149099998670863
4332,0.009400300001288997
4333,0.008536900000763126
4334,0.00835219999862602
4335,0.008151599999109749
4336,0.009341700002551079
4337,0.009677599999122322
4338,0.009478300002228934
4339,0.007956199999171076
4340,0.009221800002706004
4341,0.010169500001211418
4342,0.008878500000719214
4343,0.009707599998364458
4344,0.009138800000073388
4345,0.0094991999976628
4346,0.008225699999456992
4347,0.010196100000030128
4348,0.010238300001219613
4349,0.009723399998620152
4350,0.01008189999993192
4351,0.009434000003238907
4352,0.009188099997118115
4353,0.009411099999852013
4354,0.008615699996880721
4355,0.009348099996714154
4356,0.008345300000655698
4357,0.00890129999970668
4358,0.00823820000005071
4359,0.009993100000428967
4360,0.010113000000274042
4361,0.009570999998686602
4362,0.009621999997762032
4363,0.007750499997200677
4364,0.008859300000040093
4365,0.009153499999229098
4366,0.008638899998913985
4367,0.009385400000610389
4368,0.007934199998999247
4369,0.010450399997353088
4370,0.009546900000714231
4371,0.009003600000141887
4372,0.008369700000912417
4373,0.008637900002213428
4374,0.008766200000536628
4375,0.007987499997398118
4376,0.009781699998711701
4377,0.00831060000200523
4378,0.009858400000666734
4379,0.009601599998859456
4380,0.00856720000228961
4381,0.008150000001478475
4382,0.00805900000341353
4383,0.00905159999820171
4384,0.008718000000953907
4385,0.009197199997288408
4386,0.009382200001709862
4387,0.0104085999992094
4388,0.010038600001280429
4389,0.01007019999815384
4390,0.009811900003114715
4391,0.00809560000197962
4392,0.009095700002944795
4393,0.008895099999790546
4394,0.010025100000348175
4395,0.010802500000863802
4396,0.008084299999609357
4397,0.010253900003590388
4398,0.010233099998004036
4399,0.009168000000499887
4400,0.010344300000724616
4401,0.009616399998776615
4402,0.009557200002745958
4403,0.00861340000119526
4404,0.009730099998705555
4405,0.009534400000120513
4406,0.007708799999818439
4407,0.009362699998746393
4408,0.008025700000871439
4409,0.00952550000147312
4410,0.008484400001179893
4411,0.010194599999522325
4412,0.010837100002390798
4413,0.009808800001337659
4414,0.00965619999988121
4415,0.008339799998793751
4416,0.008280999998532934
4417,0.00913330000184942
4418,0.0080182000019704
4419,0.009119300000747899
4420,0.00773269999990589
4421,0.009236800000508083
4422,0.009727500000735745
4423,0.010546800000156509
4424,0.010390299998107366
4425,0.009610600001906278
4426,0.009052000001247507
4427,0.008169100001396146
4428,0.009113700001762481
4429,0.008088099999440601
4430,0.009059500000148546
4431,0.008590499997808365
4432,0.008008099997823592
4433,0.00918180000007851
4434,0.007964000000356464
4435,0.008783400000538677
4436,0.007917999999335734
4437,0.00968030000149156
4438,0.007743900001514703
4439,0.009562899998854846
4440,0.009511699998256518
4441,0.008866399999533314
4442,0.008589799999754177
4443,0.009673200001998339
4444,0.00977480000074138
4445,0.008563899998989655
4446,0.009634099998947931
4447,0.008611499997641658
4448,0.009040799999638693
4449,0.008552600000257371
4450,0.008078300001216121
4451,0.009193499998218613
4452,0.008115700002235826
4453,0.009774399997695582
4454,0.009233400000084657
4455,0.00983519999863347
4456,0.00946979999935138
4457,0.008036899998842273
4458,0.0089786999997159
4459,0.00970229999802541
4460,0.010215900001639966
4461,0.009748600001330487
4462,0.00845619999745395
4463,0.008969599999545608
4464,0.008003200000530342
4465,0.009100899998884415
4466,0.008160599998518592
4467,0.009409800000867108
4468,0.008138400000461843
4469,0.008712200000445591
4470,0.007890299999417039
4471,0.008895499999198364
4472,0.008177299998351373
4473,0.009470799999689916
4474,0.00907549999828916
4475,0.00973849999718368
4476,0.01000239999848418
4477,0.008121499999106163
4478,0.009815499997785082
4479,0.009655400001065573
4480,0.009338300002127653
4481,0.00904409999930067
4482,0.007865100000344682
4483,0.008982399998785695
4484,0.008696500000951346
4485,0.009076599999389146
4486,0.007730299999821
4487,0.009304700000939192
4488,0.008372100000997307
4489,0.009086500002013054
4490,0.009632100001908839
4491,0.009932900000421796
4492,0.010314900002413196
4493,0.010438599998451537
4494,0.00808580000011716
4495,0.009752400001161732
4496,0.007874200000514975
4497,0.00971219999701134
4498,0.009658899998612469
4499,0.00900539999929606
4500,0.007771199998387601
4501,0.008858399996825028
4502,0.008172300000296673
4503,0.008452900001429953
4504,0.008921599997847807
4505,0.008663600001455052
4506,0.009599500001058914
4507,0.009568500001478242
4508,0.009386300000187475
4509,0.007974899999680929
4510,0.009546299999783514
4511,0.010019500001362758
4512,0.00966340000013588
4513,0.010365400001319358
4514,0.009967699999833712
4515,0.008235199999035103
4516,0.008421000002272194
4517,0.00793590000102995
4518,0.009661399999458808
4519,0.009597199998097494
4520,0.008934499997849343
4521,0.00802539999858709
4522,0.008998299999802839
4523,0.008124599997245241
4524,0.00882869999986724
4525,0.009549200000037672
4526,0.007855299998482224
4527,0.008803400000033434
4528,0.007785899997543311
4529,0.00878260000172304
4530,0.008406300003116485
4531,0.009460699999181088
4532,0.008689199999935227
4533,0.01047630000175559
4534,0.009753599999385187
4535,0.007800000003044261
4536,0.009341199998743832
4537,0.007764800000586547
4538,0.009129099998972379
4539,0.008014600000024075
4540,0.009084199999051634
4541,0.007912900000519585
4542,0.009318399999756366
4543,0.007656599998881575
4544,0.00905849999981001
4545,0.008386499997868668
4546,0.008070899999438552
4547,0.01021970000147121
4548,0.00935119999849121
4549,0.009684000000561355
4550,0.009847699999227189
4551,0.009668999999121297
4552,0.010044500002550194
4553,0.008092699998087483
4554,0.010046400002465816
4555,0.00987890000033076
4556,0.009591400001227157
4557,0.00998780000008992
4558,0.00805939999918337
4559,0.009360599997307872
4560,0.009541899999021553
4561,0.010007900000346126
4562,0.009533299999020528
4563,0.007818999998562504
4564,0.009604599999875063
4565,0.008337100000062492
4566,0.010355700000218349
4567,0.010844799999176757
4568,0.008657500002300367
4569,0.009749400000146125
4570,0.009479000000283122
4571,0.010315299998183036
4572,0.008522000000084518
4573,0.00960760000089067
4574,0.009652900000219233
4575,0.007840300000680145
4576,0.009316100000432925
4577,0.008083000000624452
4578,0.010228200000710785
4579,0.010339399999793386
4580,0.008271499998954823
4581,0.008873700000549434
4582,0.007878200001869118
4583,0.008730000001378357
4584,0.00770360000024084
4585,0.009674699998868164
4586,0.008090300001640571
4587,0.009173400001600385
4588,0.007703000002948102
4589,0.009970399998564972
4590,0.009724299998197239
4591,0.009516299996903399
4592,0.010483199999725912
4593,0.008968000001914334
4594,0.00909979999778443
4595,0.007777099999657366
4596,0.010056900002382463
4597,0.010346699997171527
4598,0.007936799996969057
4599,0.009693299998616567
4600,0.009191199998895172
4601,0.010386499998276122
4602,0.010551600000326289
4603,0.009620799999538576
4604,0.010015699997893535
4605,0.008197899998776847
4606,0.009910099997796351
4607,0.009881599999062018
4608,0.009248500002286164
4609,0.00967789999776869
4610,0.009343400000943802
4611,0.009583999999449588
4612,0.010098099999595433
4613,0.0091069999980391
4614,0.00937060000069323
4615,0.007763300000078743
4616,0.009286200001952238
4617,0.008087800000794232
4618,0.010708900001191068
4619,0.010307399999874178
4620,0.008743099999264814
4621,0.00953289999961271
4622,0.008911999997508246
4623,0.009067500002856832
4624,0.008949900002335198
4625,0.008105699998850469
4626,0.009548699999868404
4627,0.00944530000197119
4628,0.009209499999997206
4629,0.007953500000439817
4630,0.00898570000208565
4631,0.00868560000162688
4632,0.008300900000904221
4633,0.008383999997022329
4634,0.008319299999129726
4635,0.008514500001183478
4636,0.007917299997643568
4637,0.008834200001729187
4638,0.007843600000342121
4639,0.009617100000468781
4640,0.007905200000095647
4641,0.009090400002605747
4642,0.007707900000241352
4643,0.015692000000854023
4644,0.013381600001594052
4645,0.00985239999863552
4646,0.00793320000229869
4647,0.009404899999935878
4648,0.007933999997476349
4649,0.009832100000494393
4650,0.009614099999453174
4651,0.009349100000690669
4652,0.009962300002371194
4653,0.007857699998567114
4654,0.009979900001781061
4655,0.010160099998756777
4656,0.00834729999769479
4657,0.00904860000082408
4658,0.008030799999687588
4659,0.009210799998982111
4660,0.008108800000627525
4661,0.009144299998297356
4662,0.008357000002433779
4663,0.010090499999932945
4664,0.007750699998723576
4665,0.011409700000513112
4666,0.0104858000013337
4667,0.007745000002614688
4668,0.00984500000049593
4669,0.009617100000468781
4670,0.009108999998716172
4671,0.008824699998513097
4672,0.009635999998863554
4673,0.00989819999813335
4674,0.00831339999785996
4675,0.009553300002153264
4676,0.009287200002290774
4677,0.008551099999749567
4678,0.009520399999018991
4679,0.009448799999518087
4680,0.00916009999855305
4681,0.007929499999590917
4682,0.009262899999157526
4683,0.0084342000009201
4684,0.008771799999522045
4685,0.008726000000024214
4686,0.008032100002310472
4687,0.009399300000950461
4688,0.008311900000990136
4689,0.009892199999740114
4690,0.007744400001683971
4691,0.008910399999876972
4692,0.00792120000187424
4693,0.009572299997671507
4694,0.007675400000152877
4695,0.009318000000348547
4696,0.008833899999444839
4697,0.009356400001706788
4698,0.010156699998333352
4699,0.008061200001975521
4700,0.0092545000006794
4701,0.008046099999774015
4702,0.008881099998689024
4703,0.007945000001200242
4704,0.01073789999645669
4705,0.010255799999868032
4706,0.009765700000571087
4707,0.009799700001167366
4708,0.009232199998223223
4709,0.00817309999911231
4710,0.008794000001216773
4711,0.008175099999789381
4712,0.010802299999340903
4713,0.009637600000132807
4714,0.00935609999942244
4715,0.009410499998921296
4716,0.008661199997732183
4717,0.008913099998608232
4718,0.007854899999074405
4719,0.008975999997346662
4720,0.008248400001320988
4721,0.009442100003070664
4722,0.008151899997756118
4723,0.010419900001579663
4724,0.010203399997408269
4725,0.008094899996649474
4726,0.008987700002762722
4727,0.007813899999746354
4728,0.00944080000044778
4729,0.009782599998288788
4730,0.012548700000479585
4731,0.012256099998921854
4732,0.01072560000102385
4733,0.00836880000133533
4734,0.010468699998455122
4735,0.009471699999267003
4736,0.009739199998875847
4737,0.009259599999495549
4738,0.008190200001990888
4739,0.009378599999763537
4740,0.008464300000923686
4741,0.010211700002400903
4742,0.009605999999621417
4743,0.010491699998965487
4744,0.009735400002682582
4745,0.0087390000007872
4746,0.010787399998662295
4747,0.010094200002640719
4748,0.00942399999985355
4749,0.010524200002691941
4750,0.009730999998282641
4751,0.009690400002000388
4752,0.010152499999094289
4753,0.009609500000806293
4754,0.010807300001033582
4755,0.010919200001808349
4756,0.009844300002441742
4757,0.010535400000662776
4758,0.010729199999332195
4759,0.009501000000454951
4760,0.009660699997766642
4761,0.008768699997744989
4762,0.012095900001440896
4763,0.010823500000697095
4764,0.01035799999954179
4765,0.01006240000060643
4766,0.010741699999925913
4767,0.010241100000712322
4768,0.009931500000675442
4769,0.01185790000090492
4770,0.012013399998977548
4771,0.009663999997428618
4772,0.010778299998492002
4773,0.010204800000792602
4774,0.009684900000138441
4775,0.010116800000105286
4776,0.009929700001521269
4777,0.009999100002460182
4778,0.01047140000082436
4779,0.010162200000195298
4780,0.010443499999382766
4781,0.010920100001385435
4782,0.012341400000877911
4783,0.010175100000196835
4784,0.01108380000005127
4785,0.011716700002580183
4786,0.009305199997470481
4787,0.009771999997610692
4788,0.00858400000288384
4789,0.009132200000749435
4790,0.00810750000164262
4791,0.009282400002120994
4792,0.009008699998958036
4793,0.008270199999969918
4794,0.008221799998864299
4795,0.008587000000261469
4796,0.009022700000059558
4797,0.007934799999929965
4798,0.008947600003011758
4799,0.008144499999616528
4800,0.01006000000052154
4801,0.007722099999227794
4802,0.009624299997085473
4803,0.00843929999973625
4804,0.009974100001272745
4805,0.011226700000406709
4806,0.00802059999841731
4807,0.009204099998896709
4808,0.008022500001970911
4809,0.009403500000189524
4810,0.009420399997907225
4811,0.007908299998234725
4812,0.008752100002311636
4813,0.00949870000113151
4814,0.010010599999077385
4815,0.008295699997688644
4816,0.010549600003287196
4817,0.010409200000140117
4818,0.009197900002618553
4819,0.010024799998063827
4820,0.007992300001205876
4821,0.00925210000059451
4822,0.008796000001893844
4823,0.009963099997548852
4824,0.010099200000695419
4825,0.009745200000907062
4826,0.008753900001465809
4827,0.008379700000659795
4828,0.009601800000382354
4829,0.00928589999966789
4830,0.007881099998485297
4831,0.009979500002373243
4832,0.011911999998119427
4833,0.010770499997306615
4834,0.012503400001151022
4835,0.010296099997503916
4836,0.010871700000279816
4837,0.011001500002748799
4838,0.009944800000084797
4839,0.010768700001790421
4840,0.010904900002060458
4841,0.010431199996673968
4842,0.010492800000065472
4843,0.00983529999939492
4844,0.009761699999216944
4845,0.010184400001890026
4846,0.010515400001168018
4847,0.010490100001334213
4848,0.009775400001672097
4849,0.01033359999928507
4850,0.009284200001275167
4851,0.01097739999750047
4852,0.010886199997912627
4853,0.009757299998454982
4854,0.0107955999992555
4855,0.010719599998992635
4856,0.008915599999454571
4857,0.009373699998832308
4858,0.009057699997356394
4859,0.009359499999845866
4860,0.010193800000706688
4861,0.009914400001434842
4862,0.010486900002433686
4863,0.01032390000182204
4864,0.00908770000023651
4865,0.010917299998254748
4866,0.010647099999914644
4867,0.008278799999970943
4868,0.009672100000898354
4869,0.009197899998980574
4870,0.01085130000137724
4871,0.010829200000443961
4872,0.009132999999565072
4873,0.010653600002115127
4874,0.009860499998467276
4875,0.009860900001513073
4876,0.010199000000284286
4877,0.009523500000796048
4878,0.011687900001561502
4879,0.010010499998315936
4880,0.008928800001740456
4881,0.010634800000843825
4882,0.01068420000228798
4883,0.009898799999064067
4884,0.010124200001882855
4885,0.008359600000403589
4886,0.011727999997674488
4887,0.011704000000463566
4888,0.010952199998428114
4889,0.010739500001363922
4890,0.011199599997780751
4891,0.010255099998175865
4892,0.009519599996565375
4893,0.010742900001787348
4894,0.010611300000164192
4895,0.009756400002515875
4896,0.010166399999434361
4897,0.009205100002873223
4898,0.010166599997319281
4899,0.01042089999828022
4900,0.01123879999795463
4901,0.011701399998855777
4902,0.0121553999997559
4903,0.011856099998112768
4904,0.00918439999804832
4905,0.010283399999025278
4906,0.010109899998496985
4907,0.009141900001850445
4908,0.010452600003191037
4909,0.010441900001751492
4910,0.011152499999298016
4911,0.01120729999820469
4912,0.011587199998757569
4913,0.0088142999993579
4914,0.010015799998654984
4915,0.00901009999870439
4916,0.010073800000100164
4917,0.01097239999944577
4918,0.009650399999372894
4919,0.010924400001385948
4920,0.011273700001765974
4921,0.00975760000073933
4922,0.010583299997961149
4923,0.009972700001526391
4924,0.010896800002228701
4925,0.010563899999397108
4926,0.00856500000008964
4927,0.008982600000308594
4928,0.009339800002635457
4929,0.008826799999951618
4930,0.011247200000070734
4931,0.012679299998126226
4932,0.010601099998893915
4933,0.010531100000662263
4934,0.008918899999116547
4935,0.008993699997517979
4936,0.011275899996689986
4937,0.012358399999357061
4938,0.00925439999991795
4939,0.010780000000522705
4940,0.009547099998599151
4941,0.010934500001894776
4942,0.011329400000249734
4943,0.011620299999776762
4944,0.008730200002901256
4945,0.010079399999085581
4946,0.010289400001056492
4947,0.01097470000240719
4948,0.010961799998767674
4949,0.009882099999231286
4950,0.009828199999901699
4951,0.01064109999788343
4952,0.009917299998051021
4953,0.009919399999489542
4954,0.009667499998613494
4955,0.009149499997874955
4956,0.011552100000699284
4957,0.009099900002183858
4958,0.010015399999247165
4959,0.009941899999830639
4960,0.00823359999776585
4961,0.009761900000739843
4962,0.008591199999500532
4963,0.010658999999577645
4964,0.009825299999647541
4965,0.008070399999269284
4966,0.00958360000004177
4967,0.008077699996647425
4968,0.009698199999547796
4969,0.008912100001907675
4970,0.008735800001886673
4971,0.009047600000485545
4972,0.008086999998340616
4973,0.009127799999987474
4974,0.007856200001697289
4975,0.009173900001769653
4976,0.007751299999654293
4977,0.009197200000926387
4978,0.007903099998657126
4979,0.008888199998182245
4980,0.00812210000003688
4981,0.010957399998005712
4982,0.011351000001013745
4983,0.01141980000102194
4984,0.01177330000064103
4985,0.010537499998463318
4986,0.008065000001806766
4987,0.009487999999691965
4988,0.00971429999844986
4989,0.00814429999809363
4990,0.009216000002197688
4991,0.0077655000022787135
4992,0.009404000000358792
4993,0.00969509999777074
4994,0.009485999999014894
4995,0.007726899999397574
4996,0.009703700001409743
4997,0.00885520000156248
4998,0.009676699999545235
4999,0.009675799999968149
5000,0.007917400002042996
5001,0.008839800000714604
5002,0.007960499999171589
5003,0.009063900000910508
5004,0.007901200002379483
5005,0.009223600001860177
5006,0.0097700000005716
5007,0.008132099999784259
5008,0.008643799999845214
5009,0.007976100001542363
5010,0.009236199999577366
5011,0.007958099999086699
5012,0.009173400001600385
5013,0.008670600000186823
5014,0.009529299997666385
5015,0.008175899998605018
5016,0.009073699999134988
5017,0.008627100000012433
5018,0.008236500001657987
5019,0.008879000000888482
5020,0.007874000002630055
5021,0.010639399999490706
5022,0.010134599997400073
5023,0.009303200000431389
5024,0.00875850000011269
5025,0.008350199997948948
5026,0.009325900002295384
5027,0.008734600000025239
5028,0.009160999998130137
5029,0.008315099999890663
5030,0.009490699998423224
5031,0.008539499998732936
5032,0.008538800000678748
5033,0.008480000000417931
5034,0.00798690000010538
5035,0.00914069999998901
5036,0.008360800002265023
5037,0.009195800001180032
5038,0.008222899999964284
5039,0.008664699998917058
5040,0.008081200001470279
5041,0.009047700001246994
5042,0.008492000000842381
5043,0.010820000003150199
5044,0.01027520000207005
5045,0.00874169999951846
5046,0.009649799998442177
5047,0.008410300000832649
5048,0.010360600001149578
5049,0.010407199999463046
5050,0.00881880000088131
5051,0.010243799999443581
5052,0.008979800000815885
5053,0.008741900001041358
5054,0.008028600001125596
5055,0.008694800002558623
5056,0.00920609999957378
5057,0.008656500001961831
5058,0.009205700000165962
5059,0.007759500000247499
5060,0.008820300001389114
5061,0.008162500002072193
5062,0.009149199999228586
5063,0.007879900000261841
5064,0.00909940000201459
5065,0.008152999998856103
5066,0.009111699997447431
5067,0.040273400001751725
5068,0.01217719999840483
5069,0.015924499999528052
5070,0.01004109999848879
5071,0.007765099999232916
5072,0.010099200000695419
5073,0.009843899999395944
5074,0.008137999997416046
5075,0.009103199998207856
5076,0.007901299999502953
5077,0.00986199999897508
5078,0.009446200001548277
5079,0.010204400001384784
5080,0.010190500001044711
5081,0.008177400002750801
5082,0.00912389999939478
5083,0.008602000001701526
5084,0.009432399998331675
5085,0.008147299999109237
5086,0.009015700001327787
5087,0.008042699999350589
5088,0.008933100001740968
5089,0.008299799999804236
5090,0.009829200000240235
5091,0.009742099999130005
5092,0.008152700000209734
5093,0.009969599999749335
5094,0.009813900000153808
5095,0.008749299999180948
5096,0.009248200000001816
5097,0.008359700001165038
5098,0.009696600001916522
5099,0.0077415999985532835
5100,0.009664299999712966
5101,0.007734399998298613
5102,0.00927380000211997
5103,0.008403100000577979
5104,0.010109999999258434
5105,0.009967199999664444
5106,0.008129699999699369
5107,0.009664400000474416
5108,0.009499600000708597
5109,0.010661399999662535
5110,0.009896399998979177
5111,0.00852360000135377
5112,0.009431899998162407
5113,0.008598099997470854
5114,0.010546099998464342
5115,0.010014799998316448
5116,0.007806500001606764
5117,0.009524299999611685
5118,0.009654000001319218
5119,0.010486799998034257
5120,0.010123399999429239
5121,0.009588099997927202
5122,0.009539599999698112
5123,0.007883499998570187
5124,0.009226300000591436
5125,0.009774199999810662
5126,0.009261100000003353
5127,0.009525800000119489
5128,0.0077574999995704275
5129,0.008941399999457644
5130,0.008263900002930313
5131,0.009450800000195159
5132,0.007772700002533384
5133,0.00893250000081025
5134,0.007807800000591669
5135,0.009963000000425382
5136,0.010659899999154732
5137,0.009759799999301322
5138,0.00920360000236542
5139,0.008674100001371698
5140,0.010568099998636171
5141,0.009045599999808474
5142,0.008217599999625236
5143,0.00899790000039502
5144,0.007914999998320127
5145,0.008851300000969786
5146,0.007800999999744818
5147,0.009397500001796288
5148,0.0077538000005006324
5149,0.010858499997993931
5150,0.010322300000552787
5151,0.008089200000540586
5152,0.009549200000037672
5153,0.008007899999938672
5154,0.009385600002133287
5155,0.00802779999867198
5156,0.009360399999422953
5157,0.00847559999965597
5158,0.008899399999791058
5159,0.009103399999730755
5160,0.008009699999092845
5161,0.009332199999334989
5162,0.008152600003086263
5163,0.011048699998355005
5164,0.010461599998961901
5165,0.007916800001112279
5166,0.008820600000035483
5167,0.007852700000512414
5168,0.009568400000716792
5169,0.00786060000245925
5170,0.009116000001085922
5171,0.008324700000230223
5172,0.009091300002182834
5173,0.007823599997209385
5174,0.009115799999563023
5175,0.008290699999633944
5176,0.010114000000612577
5177,0.010085799996886635
5178,0.009625999999116175
5179,0.009170499997708248
5180,0.008071899999777088
5181,0.00989090000075521
5182,0.009700300000986317
5183,0.00772789999973611
5184,0.009690300001238938
5185,0.009511699998256518
5186,0.008805299999949057
5187,0.008098200003587408
5188,0.009062199998879805
5189,0.00886519999767188
5190,0.00826969999980065
5191,0.009100200000830228
5192,0.007823199997801566
5193,0.008990400001493981
5194,0.007783799999742769
5195,0.009312900001532398
5196,0.008081500000116648
5197,0.009709800000564428
5198,0.008004400002391776
5199,0.008848400000715628
5200,0.00789210000220919
5201,0.009036100000230363
5202,0.009238800001185155
5203,0.008303200000227662
5204,0.009247800000593998
5205,0.009545500000967877
5206,0.009555399999953806
5207,0.008131699996738462
5208,0.009471299999859184
5209,0.00950600000214763
5210,0.009867900000244845
5211,0.010293600000295555
5212,0.010159199999179691
5213,0.010538200000155484
5214,0.011009000001649838
5215,0.01003599999967264
5216,0.010600699999486096
5217,0.011451099999248981
5218,0.01025379999919096
5219,0.00989310000295518
5220,0.00974809999752324
5221,0.008085599998594262
5222,0.009094099998037564
5223,0.007929600000352366
5224,0.009157499996945262
5225,0.008422999999311287
5226,0.008635800000774907
5227,0.008589799999754177
5228,0.010204099999100436
5229,0.010595700001431396
5230,0.009529799997835653
5231,0.010408000001916662
5232,0.010453099999722326
5233,0.0095934999990277
5234,0.009664000001066597
5235,0.009045900002092822
5236,0.008990599999378901
5237,0.009872900001937523
5238,0.008823500000289641
5239,0.01234660000045551
5240,0.011837599999125814
5241,0.009461700003157603
5242,0.010235199999442557
5243,0.010530699997616466
5244,0.009703200001240475
5245,0.010630900000251131
5246,0.010538400001678383
5247,0.010013299997808645
5248,0.010244700002658647
5249,0.010228099999949336
5250,0.012029900000925409
5251,0.01052700000218465
5252,0.01064580000092974
5253,0.009793499997613253
5254,0.010550400002102833
5255,0.009625399998185458
5256,0.011793499998020707
5257,0.010817700000188779
5258,0.010919399999693269
5259,0.011803800000052433
5260,0.01214089999848511
5261,0.010718600002292078
5262,0.009263500000088243
5263,0.009257400000933558
5264,0.01046919999862439
5265,0.009183900001517031
5266,0.010697800000343705
5267,0.010549700000410667
5268,0.009712499999295687
5269,0.010518400002183625
5270,0.010620500001095934
5271,0.008814300002995878
5272,0.010269000002153916
5273,0.00975569999718573
5274,0.01043079999726615
5275,0.010301899998012232
5276,0.01000920000296901
5277,0.01030689999970491
5278,0.010011099999246653
5279,0.00975040000048466
5280,0.009860599999228725
5281,0.008118400000967085
5282,0.00905360000251676
5283,0.008316299998114118
5284,0.008693799998582108
5285,0.009165300001768628
5286,0.008063799999945331
5287,0.008849199999531265
5288,0.009667300000728574
5289,0.009446699998079566
5290,0.008089899998594774
5291,0.009275899999920512
5292,0.008266099997854326
5293,0.008827300000120886
5294,0.009344400001282338
5295,0.008026999999856343
5296,0.008991099999548169
5297,0.007934599998407066
5298,0.009079300001758384
5299,0.0078121000005921815
5300,0.008568700002797414
5301,0.008250999999290798
5302,0.009925800000928575
5303,0.009732300000905525
5304,0.0085575000011886
5305,0.008689099999173777
5306,0.00805650000256719
5307,0.009311499998148065
5308,0.00803760000053444
5309,0.009744899998622714
5310,0.009758799998962786
5311,0.009573799998179311
5312,0.009078299997781869
5313,0.008565700001781806
5314,0.009594499999366235
5315,0.008190699998522177
5316,0.009681700001237914
5317,0.009572099999786587
5318,0.009336200000689132
5319,0.008498400002281414
5320,0.00966100000005099
5321,0.010071200002130354
5322,0.008205200003430946
5323,0.008930700001656078
5324,0.008012300000700634
5325,0.00913330000184942
5326,0.008036400002310984
5327,0.011112800002592849
5328,0.009829900001932401
5329,0.0077375999971991405
5330,0.010275499997078441
5331,0.009764599999471102
5332,0.0085624999992433
5333,0.00901750000048196
5334,0.007965300002979347
5335,0.009288900000683498
5336,0.0077765999994880985
5337,0.00908250000065891
5338,0.00803040000027977
5339,0.009144899999228073
5340,0.007717400003457442
5341,0.008847999997669831
5342,0.007697400000324706
5343,0.009101700001338031
5344,0.007716799998888746
5345,0.009524600001896033
5346,0.008348199997271877
5347,0.008401900002354523
5348,0.008848500001477078
5349,0.008162699999957113
5350,0.008754599999519996
5351,0.008355199999641627
5352,0.009552999999868916
5353,0.009643699999287492
5354,0.009173800001008203
5355,0.007655900000827387
5356,0.008919899999455083
5357,0.008411599999817554
5358,0.008756899998843437
5359,0.008796999998594401
5360,0.009940399999322835
5361,0.009429199999431148
5362,0.008250999999290798
5363,0.008902099998522317
5364,0.0079939999995986
5365,0.008852300001308322
5366,0.008617799998319242
5367,0.008481500000925735
5368,0.009289699999499135
5369,0.00893059999725665
5370,0.00930069999958505
5371,0.008052400000451598
5372,0.009370099996885983
5373,0.007881900000938913
5374,0.009333200003311504
5375,0.008813100001134444
5376,0.008668899998156121
5377,0.009156899999652524
5378,0.008215000001655426
5379,0.009065099999133963
5380,0.007742199999484001
5381,0.009415399999852525
5382,0.009441900001547765
5383,0.010383599998021964
5384,0.010039100001449697
5385,0.00810260000071139
5386,0.009980500002711779
5387,0.009852899998804787
5388,0.009611400000721915
5389,0.009380800001963507
5390,0.009909000000334345
5391,0.010340699998778291
5392,0.0077562000005855225
5393,0.009301799997047056
5394,0.008423899998888373
5395,0.00906119999854127
5396,0.009109800001169788
5397,0.008144999999785796
5398,0.009137100001680665
5399,0.0092495000026247
5400,0.009187999999994645
5401,0.008394299999054056
5402,0.010046499999589287
5403,0.010855500000616303
5404,0.009638999999879161
5405,0.009681899999122834
5406,0.0077219999984663446
5407,0.009419500001968117
5408,0.008940899999288376
5409,0.008232699998188764
5410,0.008596299998316681
5411,0.00962000000072294
5412,0.01052960000015446
5413,0.009754499998962274
5414,0.008807400001387578
5415,0.008679700000357116
5416,0.009695600001577986
5417,0.01032870000199182
5418,0.009596700001566205
5419,0.009495099999185186
5420,0.008531600000424078
5421,0.008147700002155034
5422,0.009336300001450581
5423,0.008697699999174802
5424,0.009701399998448323
5425,0.008625099999335362
5426,0.009444399998756126
5427,0.007793700002366677
5428,0.00885059999927762
5429,0.008764399997744476
5430,0.00821670000004815
5431,0.00892540000131703
5432,0.00995590000093216
5433,0.010168500000872882
5434,0.00850449999779812
5435,0.009927800001605647
5436,0.010070899999846006
5437,0.00912389999939478
5438,0.009256400000595022
5439,0.007927299997390946
5440,0.00893490000089514
5441,0.008283600000140723
5442,0.00891100000080769
5443,0.009114999997109408
5444,0.008084299999609357
5445,0.009499699997832067
5446,0.009227599999576341
5447,0.009447199998248834
5448,0.008215199999540346
5449,0.009395999997650506
5450,0.008304800001496915
5451,0.008671999999933178
5452,0.00876310000239755
5453,0.008069999999861466
5454,0.008686799999850336
5455,0.008017500000278233
5456,0.009465799997997237
5457,0.007793200002197409
5458,0.00889380000080564
5459,0.007990000001882436
5460,0.009441099999094149
5461,0.008478899999317946
5462,0.009091799998714123
5463,0.008695099997567013
5464,0.008439699999144068
5465,0.00850189999982831
5466,0.008041699999012053
5467,0.009318899999925634
5468,0.009616499999538064
5469,0.01044960000217543
5470,0.010410599999886472
5471,0.008949199997005053
5472,0.009490899999946123
5473,0.009229399998730514
5474,0.008965799999714363
5475,0.008711700000276323
5476,0.009258500002033543
5477,0.008529500002623536
5478,0.008495300000504358
5479,0.0094310000022233
5480,0.009416099997906713
5481,0.010049600001366343
5482,0.010491699998965487
5483,0.008338899999216665
5484,0.009458600001380546
5485,0.010146299999178154
5486,0.009877399999822956
5487,0.008306800002173986
5488,0.010105800000019372
5489,0.009858099998382386
5490,0.009559500002069399
5491,0.009885599996778183
5492,0.008170199998858152
5493,0.009479800002736738
5494,0.009416199998668162
5495,0.008805299999949057
5496,0.01160860000163666
5497,0.011725100001058308
5498,0.008711999998922693
5499,0.010618500000418862
5500,0.01060470000084024
5501,0.009601699999620905
5502,0.010214400001132162
5503,0.008942799999203999
5504,0.010042199999588775
5505,0.010179199998674449
5506,0.009293499999330379
5507,0.01028040000164765
5508,0.009122000003117137
5509,0.009914700000081211
5510,0.0106551999997464
5511,0.010752999998658197
5512,0.010229399998934241
5513,0.009923099998559337
5514,0.009643599998526042
5515,0.010770900000352412
5516,0.010226200000033714
5517,0.012151000002631918
5518,0.011517700000695186
5519,0.012035699997795746
5520,0.011556100002053427
5521,0.010164799998165108
5522,0.01037469999937457
5523,0.008278400000563124
5524,0.010708900001191068
5525,0.010406400000647409
5526,0.01029489999928046
5527,0.011292200000752928
5528,0.011711199997080257
5529,0.009776399998372653
5530,0.011648100000456907
5531,0.011384400000679307
5532,0.011835299999802373
5533,0.010846900000615278
5534,0.010140300000784919
5535,0.009352600001875544
5536,0.011486100000183797
5537,0.011449800000264077
5538,0.010997599998518126
5539,0.01058549999652314
5540,0.009765599999809638
5541,0.009753900001669535
5542,0.010725099997216603
5543,0.011352699999406468
5544,0.012478599997848505
5545,0.009621400000469293
5546,0.012295299999095732
5547,0.011007600001903484
5548,0.009108100002777064
5549,0.010223799999948824
5550,0.01027550000071642
5551,0.009397900001204107
5552,0.010147699998924509
5553,0.00850189999982831
5554,0.009536899997328874
5555,0.009493200002907543
5556,0.008194599999114871
5557,0.008754700000281446
5558,0.007909899999503978
5559,0.009797900002013193
5560,0.009605899998859968
5561,0.00927370000135852
5562,0.008640400003059767
5563,0.008635599999252008
5564,0.008374299999559298
5565,0.007910799999081064
5566,0.009301199999754317
5567,0.008057300001382828
5568,0.009161999998468673
5569,0.008288300003187032
5570,0.009478699997998774
5571,0.008410899998125387
5572,0.01031919999877573
5573,0.009979100002965424
5574,0.00857440000254428
5575,0.009556599998177262
5576,0.008075199999439064
5577,0.008845199998177122
5578,0.007702700000663754
5579,0.010257300000375835
5580,0.010546099998464342
5581,0.00886730000274838
5582,0.010244499997497769
5583,0.008339200001501013
5584,0.009982100000343053
5585,0.010271600000123726
5586,0.009306899999501184
5587,0.009897399999317713
5588,0.009265799999411684
5589,0.008858000001055188
5590,0.008009099998162128
5591,0.010462499998538988
5592,0.010351200002332916
5593,0.008626499999081716
5594,0.009084000001166714
5595,0.007728000000497559
5596,0.010266100001899758
5597,0.01031900000089081
5598,0.009827099998801714
5599,0.009544599997752812
5600,0.00816109999868786
5601,0.009842199997365242
5602,0.01017159999901196
5603,0.008084400000370806
5604,0.008905099999537924
5605,0.008069399998930749
5606,0.009017799999128329
5607,0.008031299999856856
5608,0.009472699999605538
5609,0.007770099997287616
5610,0.009029199998622062
5611,0.0077342000004136935
5612,0.009047699997609016
5613,0.007934400000522146
5614,0.009519399998680456
5615,0.009335899998404784
5616,0.008147799999278504
5617,0.009476799998083152
5618,0.008703700001206016
5619,0.0094530999995186
5620,0.008562299997720402
5621,0.00928109999949811
5622,0.007949200000439305
5623,0.009882799997285474
5624,0.009739400000398746
5625,0.009476700000959681
5626,0.009693300002254546
5627,0.00919160000194097
5628,0.009452300000702962
5629,0.009894600003462983
5630,0.009294399998907465
5631,0.009086800000659423
5632,0.00783390000287909
5633,0.010205800001131138
5634,0.010776099999930011
5635,0.009769399999640882
5636,0.010036799998488277
5637,0.008080899999185931
5638,0.009453200000280049
5639,0.01000199999907636
5640,0.008737000000110129
5641,0.009335999999166233
5642,0.007871699999668635
5643,0.009079299998120405
5644,0.008053199999267235
5645,0.009594000002834946
5646,0.008648199996969197
5647,0.009042800000315765
5648,0.008637700000690529
5649,0.008418299999902956
5650,0.009418599998753052
5651,0.009648200000810903
5652,0.009496099999523722
5653,0.00854080000135582
5654,0.010357900002418319
5655,0.009903800000756746
5656,0.008078300001216121
5657,0.009029999997437699
5658,0.007779700001265155
5659,0.008938900002249284
5660,0.007705799998802831
5661,0.009585699997842312
5662,0.008893300000636373
5663,0.009815100002015242
5664,0.010263799998938339
5665,0.009558099998685066
5666,0.00946730000214302
5667,0.008766300001298077
5668,0.00841240000227117
5669,0.009118599999055732
5670,0.008098900001641596
5671,0.00876119999884395
5672,0.00798199999917415
5673,0.008954699998867
5674,0.0077848000000813045
5675,0.009644800000387477
5676,0.007952500000101281
5677,0.009336399998574052
5678,0.007650800002011238
5679,0.00901739999972051
5680,0.00855510000110371
5681,0.009799499999644468
5682,0.00975040000048466
5683,0.00787520000085351
5684,0.009541499999613734
5685,0.007937899998069042
5686,0.009060000000317814
5687,0.007900599997810787
5688,0.008951399999205023
5689,0.007709100002102787
5690,0.009320799999841256
5691,0.007872400001360802
5692,0.010347799998271512
5693,0.01016679999884218
5694,0.008001599999261089
5695,0.009526400001050206
5696,0.008051000000705244
5697,0.010320900000806432
5698,0.01039659999878495
5699,0.008993799998279428
5700,0.011184899998625042
5701,0.012095599999156548
5702,0.01194019999820739
5703,0.01292230000035488
5704,0.011423600000853185
5705,0.010786900002131006
5706,0.010753300000942545
5707,0.010048899999674177
5708,0.0082457999997132
5709,0.009079600000404753
5710,0.009387999998580199
5711,0.008235000001150183
5712,0.009599799999705283
5713,0.009642699998948956
5714,0.010517800001252908
5715,0.009249099999578902
5716,0.00795280000238563
5717,0.009427099997992627
5718,0.008109499998681713
5719,0.00861599999916507
5720,0.007980700000189245
5721,0.0096464999987802
5722,0.007805000001098961
5723,0.009904100003041094
5724,0.009379000002809335
5725,0.00854099999924074
5726,0.00880469999901834
5727,0.008074500001384877
5728,0.008893500002159271
5729,0.008495800000673626
5730,0.00995350000084727
5731,0.008665100001962855
5732,0.00933900000018184
5733,0.009446800002478994
5734,0.007950900002470007
5735,0.009667199999967124
5736,0.009780699998373166
5737,0.00925439999991795
5738,0.007644299999810755
5739,0.01022220000231755
5740,0.010157699998671887
5741,0.009668599999713479
5742,0.009813199998461641
5743,0.008009799999854295
5744,0.009898500000417698
5745,0.00956199999927776
5746,0.007990500002051704
5747,0.008977500001492444
5748,0.00939259999722708
5749,0.009770699998625787
5750,0.008074800000031246
5751,0.009476899998844601
5752,0.008172300000296673
5753,0.01060230000075535
5754,0.009826800000155345
5755,0.008139999998093117
5756,0.010136699998838594
5757,0.009997800003475277
5758,0.008134899999276968
5759,0.008878100001311395
5760,0.007971099999849685
5761,0.008909300002414966
5762,0.0081514999983483
5763,0.008789399998931913
5764,0.00795769999967888
5765,0.00875129999985802
5766,0.008123999999952503
5767,0.00985679999939748
5768,0.007881600002292544
5769,0.00955939999766997
5770,0.009030399996845517
5771,0.00807859999986249
5772,0.008883200000127545
5773,0.007926899997983128
5774,0.00883109999995213
5775,0.007850400001188973
5776,0.009341499997390201
5777,0.0077937999994901475
5778,0.009476700000959681
5779,0.007986599997821031
5780,0.010128300000360468
5781,0.009868199998891214
5782,0.009754899998370092
5783,0.009834999997110572
5784,0.008067800001299474
5785,0.009438699999009259
5786,0.007698500001424691
5787,0.009271000002627261
5788,0.0084102000000712
5789,0.00999959999899147
5790,0.009733800001413329
5791,0.007716700001765275
5792,0.009121899998717709
5793,0.00930069999958505
5794,0.009299700002884492
5795,0.008845700001984369
5796,0.009775700000318466
5797,0.009853700001258403
5798,0.00952770000003511
5799,0.009977300000173273
5800,0.010126800003490644
5801,0.007998299999599112
5802,0.008652799999254057
5803,0.007728799999313196
5804,0.009248099999240367
5805,0.007895999999163905
5806,0.009461800000281073
5807,0.008430499998212326
5808,0.009232000000338303
5809,0.007975399999850197
5810,0.009913300000334857
5811,0.009626499999285443
5812,0.007822800002031727
5813,0.00909499999761465
5814,0.008108199999696808
5815,0.009385900000779657
5816,0.009438199998839991
5817,0.010406400000647409
5818,0.01073020000330871
5819,0.007944400000269525
5820,0.009172699999908218
5821,0.007813000000169268
5822,0.009637200000724988
5823,0.007719400000496535
5824,0.00904660000014701
5825,0.007818699999916134
5826,0.009374499997647945
5827,0.00923069999771542
5828,0.009290099998906953
5829,0.010109099999681348
5830,0.008021899997402215
5831,0.00946259999909671
5832,0.007724300001427764
5833,0.009071399999811547
5834,0.008495200003380887
5835,0.009317000000010012
5836,0.008960200000728946
5837,0.00855779999983497
5838,0.009275799999159062
5839,0.007879900000261841
5840,0.00955180000164546
5841,0.00961259999894537
5842,0.010656700000254204
5843,0.00970919999963371
5844,0.007813100000930717
5845,0.009420600003068103
5846,0.008423200000834186
5847,0.009366300000692718
5848,0.007677499997953419
5849,0.009968599999410799
5850,0.009202600002026884
5851,0.008707100001629442
5852,0.009561400001985021
5853,0.008446300002106
5854,0.009280799997213762
5855,0.008662000000185799
5856,0.009640299998864066
5857,0.008523000000423053
5858,0.00975040000048466
5859,0.009539599999698112
5860,0.007796699999744305
5861,0.009352299999591196
5862,0.008192699999199249
5863,0.010695499997382285
5864,0.01097250000020722
5865,0.008285599997179816
5866,0.009754000002430985
5867,0.008321099998283898
5868,0.00954490000003716
5869,0.007750199998554308
5870,0.009318700002040714
5871,0.008146799998939969
5872,0.00837860000319779
5873,0.00892069999827072
5874,0.009771199998795055
5875,0.009496299997408642
5876,0.007975699998496566
5877,0.00928379999822937
5878,0.007673700001760153
5879,0.009182999998301966
5880,0.008012300000700634
5881,0.00956199999927776
5882,0.009080400002858369
5883,0.00817559999995865
5884,0.008841799997753697
5885,0.007820999999239575
5886,0.009291700000176206
5887,0.008326800001668744
5888,0.009950700001354562
5889,0.009764800000994
5890,0.010750199999165488
5891,0.008912000001146225
5892,0.007524599997850601
5893,0.009623299996746937
5894,0.009079600000404753
5895,0.009490799999184674
5896,0.009080799998628208
5897,0.008317799998621922
5898,0.008904500002245186
5899,0.009522699998342432
5900,0.01015459999689483
5901,0.007674100001167972
5902,0.009683499996754108
5903,0.009345499998744344
5904,0.008304700000735465
5905,0.008707199998752913
5906,0.007903100002295105
5907,0.009562499999447027
5908,0.009272200000850717
5909,0.009823799999139737
5910,0.008051400000113063
5911,0.009528800001135096
5912,0.008410800001001917
5913,0.008152800000971183
5914,0.00906570000006468
5915,0.009786099999473663
5916,0.01114900000175112
5917,0.01107879999835859
5918,0.00814370000080089
5919,0.00968289999946137
5920,0.008412899998802459
5921,0.010032799997134134
5922,0.009248399997886736
5923,0.009697800000139978
5924,0.009558100002323044
5925,0.007787700000335462
5926,0.009044300000823569
5927,0.007731900001090253
5928,0.009438600001885789
5929,0.00809790000130306
5930,0.008931500000471715
5931,0.008393799998884788
5932,0.010382500000559958
5933,0.009660799998528091
5934,0.009620900000300026
5935,0.010142700000869809
5936,0.008123799998429604
5937,0.01028520000181743
5938,0.010178599997743731
5939,0.007794199998897966
5940,0.009347999999590684
5941,0.008529000002454268
5942,0.009638899999117712
5943,0.007738799999060575
5944,0.009025399998790817
5945,0.009228299997630529
5946,0.00833020000209217
5947,0.009418099998583784
5948,0.00958840000021155
5949,0.009947899998223875
5950,0.0077382000017678365
5951,0.010330900000553811
5952,0.010123300002305768
5953,0.008674500000779517
5954,0.008871199999703094
5955,0.008346800001163501
5956,0.01014950000171666
5957,0.009832299998379312
5958,0.008634800000436371
5959,0.008823100000881823
5960,0.008063399996899534
5961,0.009351900000183377
5962,0.008089999999356223
5963,0.009336299997812603
5964,0.00804229999994277
5965,0.008928799998102477
5966,0.008186099999875296
5967,0.010174600000027567
5968,0.009739900000568014
5969,0.008764299996983027
5970,0.009563899999193382
5971,0.008381399999052519
5972,0.010771000001113862
5973,0.010623200003465172
5974,0.00888640000266605
5975,0.010308799999620533
5976,0.00971890000073472
5977,0.008486200000334065
5978,0.008556600001611514
5979,0.008080899999185931
5980,0.009282600000005914
5981,0.007855500000005122
5982,0.009239499999239342
5983,0.008322099998622434
5984,0.00973609999709879
5985,0.007751100001769373
5986,0.00902930000302149
5987,0.007744099999399623
5988,0.008766200000536628
5989,0.008149199999024859
5990,0.00900250000267988
5991,0.008120099999359809
5992,0.008612100002210354
5993,0.010225699999864446
5994,0.009705799999210285
5995,0.009087800000997959
5996,0.00772059999871999
5997,0.008947500002250308
5998,0.00831349999862141
5999,0.009366399997816188
6000,0.00843929999973625
6001,0.00812450000012177
6002,0.00905839999904856
6003,0.007878799999161856
6004,0.008957199999713339
6005,0.00920849999965867
6006,0.009264899999834597
6007,0.008538900001440197
6008,0.009085900001082337
6009,0.007845299998734845
6010,0.008733700000448152
6011,0.008447199998045107
6012,0.008042900000873487
6013,0.00894499999776599
6014,0.007839800000510877
6015,0.00945549999960349
6016,0.007739299999229843
6017,0.009141599999566097
6018,0.009166199997707736
6019,0.008958499998698244
6020,0.007688000001508044
6021,0.010420399998110952
6022,0.010282200000801822
6023,0.007752699999400647
6024,0.009018600001581945
6025,0.007719000001088716
6026,0.009804299999814248
6027,0.008003299997653812
6028,0.009648299997934373
6029,0.0077664999989792705
6030,0.010094400000525638
6031,0.008837299999868264
6032,0.008384299999306677
6033,0.009321800000179792
6034,0.008181600001989864
6035,0.009394599997904152
6036,0.00773730000219075
6037,0.009684000000561355
6038,0.007702099999733036
6039,0.009781400000065332
6040,0.008495999998558545
6041,0.010148000001208857
6042,0.00981320000209962
6043,0.008083700002316618
6044,0.010000899997976376
6045,0.009833200001594378
6046,0.008475099999486702
6047,0.00866909999967902
6048,0.008095900000625988
6049,0.009820000002946472
6050,0.00915760000134469
6051,0.00915280000117491
6052,0.008303399998112582
6053,0.0094018000017968
6054,0.007672899999306537
6055,0.010168600001634331
6056,0.009713399998872774
6057,0.00777860000016517
6058,0.008672300002217526
6059,0.008206299997254973
6060,0.009931799999321811
6061,0.008009000001038658
6062,0.009342199999082368
6063,0.008501599997543963
6064,0.00859399999899324
6065,0.008810200000880286
6066,0.007954999997309642
6067,0.008798299997579306
6068,0.007764400001178728
6069,0.009816199999477249
6070,0.007770699998218333
6071,0.010105400000611553
6072,0.009637200000724988
6073,0.010241299998597242
6074,0.009758799998962786
6075,0.0077676000000792556
6076,0.009153300001344178
6077,0.0082287000004726
6078,0.00921820000075968
6079,0.007912099998065969
6080,0.00930760000119335
6081,0.00766730000032112
6082,0.009016800002427772
6083,0.008521700001438148
6084,0.008329300002515083
6085,0.00879749999876367
6086,0.00808110000070883
6087,0.009214400000928435
6088,0.009593799997674068
6089,0.009785799997189315
6090,0.008088700000371318
6091,0.010192900001129601
6092,0.009752099998877384
6093,0.007767400002194336
6094,0.009120200000324985
6095,0.007774300000164658
6096,0.009093199998460477
6097,0.007744399998045992
6098,0.009584499999618856
6099,0.007719100001850165
6100,0.009359099996800069
6101,0.008063200002652593
6102,0.009154899998975452
6103,0.009244699998816941
6104,0.008239399998274166
6105,0.009131500002695248
6106,0.008106300003419165
6107,0.009139099998719757
6108,0.008146799998939969
6109,0.00911180000184686
6110,0.008069999999861466
6111,0.009116900000663009
6112,0.008725899999262765
6113,0.00841500000024098
6114,0.008955500001320615
6115,0.00957860000198707
6116,0.010320500001398614
6117,0.009691800001746742
6118,0.010289300000295043
6119,0.009802999997191364
6120,0.007773900000756839
6121,0.009832399999140762
6122,0.010239800001727417
6123,0.010329900000215275
6124,0.009728100001666462
6125,0.00793129999874509
6126,0.008778499999607448
6127,0.007939300001453375
6128,0.009451900001295144
6129,0.008311199999297969
6130,0.009090600000490667
6131,0.008046099999774015
6132,0.010206799997831695
6133,0.010087099999509519
6134,0.00948219999918365
6135,0.009052599998540245
6136,0.008045099999435479
6137,0.009226900001522154
6138,0.008748099997319514
6139,0.009265799999411684
6140,0.00953740000113612
6141,0.007779899999150075
6142,0.00870299999951385
6143,0.007716399999480927
6144,0.00971189999836497
6145,0.009976500001357635
6146,0.009303800001362106
6147,0.009203900001011789
6148,0.007993699997314252
6149,0.009299099998315796
6150,0.008173999998689396
6151,0.0090197999998054
6152,0.007641199998033699
6153,0.009022400001413189
6154,0.00784899999780464
6155,0.009870099998806836
6156,0.008685400000103982
6157,0.008386900000914466
6158,0.008392799998546252
6159,0.00967109999692184
6160,0.009952399999747286
6161,0.009173799997370224
6162,0.010314600000128848
6163,0.010119999999005813
6164,0.008384500000829576
6165,0.009960000003047753
6166,0.008115399999951478
6167,0.010631600001943298
6168,0.009759600001416402
6169,0.007926999998744577
6170,0.008779299998423085
6171,0.00965630000064266
6172,0.009404800002812408
6173,0.007966100001794985
6174,0.009473000001889886
6175,0.008554500000172993
6176,0.008939400002418552
6177,0.008457100000669016
6178,0.008273399998870445
6179,0.009633199999370845
6180,0.009638100000302074
6181,0.009338199997728225
6182,0.007692999999562744
6183,0.009264799999073148
6184,0.00854819999949541
6185,0.01020260000223061
6186,0.009998800000175834
6187,0.007721599999058526
6188,0.008982200000900775
6189,0.007782000000588596
6190,0.00912140000218642
6191,0.008378299997275462
6192,0.008982299998024246
6193,0.008041799999773502
6194,0.00886270000046352
6195,0.009301300000515766
6196,0.007980500002304325
6197,0.008800100000371458
6198,0.008098599999357248
6199,0.009578900000633439
6200,0.007826299999578623
6201,0.009390799998072907
6202,0.008496599999489263
6203,0.009262499999749707
6204,0.008173899997927947
6205,0.009151600002951454
6206,0.008983899999293499
6207,0.008012800000869902
6208,0.009359699997730786
6209,0.009895399998640642
6210,0.009569699999701697
6211,0.009749500000907574
6212,0.008360499999980675
6213,0.008373699998628581
6214,0.007872000001952983
6215,0.008510800002113683
6216,0.00781979999737814
6217,0.008950299998105038
6218,0.010001800001191441
6219,0.009414799998921808
6220,0.007796799996867776
6221,0.009378999999171356
6222,0.009891300000163028
6223,0.009604799997759983
6224,0.010236599999188911
6225,0.00920620000033523
6226,0.009185599999909755
6227,0.007885799997893628
6228,0.010193699999945238
6229,0.010173200000281213
6230,0.008052400000451598
6231,0.0093416999989131
6232,0.007716000000073109
6233,0.009509999999863794
6234,0.007672399999137269
6235,0.009317799998825649
6236,0.0092666000018653
6237,0.008153099999617552
6238,0.009146399999735877
6239,0.00956919999953243
6240,0.009519200000795536
6241,0.008189200001652353
6242,0.009173800001008203
6243,0.007693900002777809
6244,0.0102320999976655
6245,0.009169599998131162
6246,0.009818899998208508
6247,0.009577000000717817
6248,0.007743699999991804
6249,0.008946299996750895
6250,0.008332099998369813
6251,0.010419700000056764
6252,0.010184599999774946
6253,0.009594099999958416
6254,0.009559600002830848
6255,0.007702200000494486
6256,0.009175999999570195
6257,0.008658999999170192
6258,0.008913500001654029
6259,0.009634900001401547
6260,0.009282099999836646
6261,0.00929829999950016
6262,0.007981099999597063
6263,0.009096400000998983
6264,0.00805699999909848
6265,0.009064300000318326
6266,0.008167200001480523
6267,0.010044099999504397
6268,0.010340699998778291
6269,0.009497899998677894
6270,0.009549100002914201
6271,0.007978900001035072
6272,0.008461799996439368
6273,0.009887399999570334
6274,0.008836300003167707
6275,0.010479000000486849
6276,0.009971200001018587
6277,0.008599299999332288
6278,0.008736499999940861
6279,0.007912500001111766
6280,0.010814299999765353
6281,0.008228499998949701
6282,0.009178100001008715
6283,0.007776300000841729
6284,0.008684200001880527
6285,0.008155299998179544
6286,0.009473900001466973
6287,0.007875100000092061
6288,0.008689800000865944
6289,0.00840059999973164
6290,0.009250399998563807
6291,0.009639699997933349
6292,0.007852399998228066
6293,0.0088915000014822
6294,0.007982899998751236
6295,0.009640800002671313
6296,0.009917999999743188
6297,0.008292200000141747
6298,0.009297899996454362
6299,0.008574100000259932
6300,0.009388999998918734
6301,0.007984500000020489
6302,0.009420900001714472
6303,0.0077419000008376315
6304,0.01016150000214111
6305,0.008086600002570776
6306,0.008816199999273522
6307,0.009433100000023842
6308,0.008264200001576683
6309,0.009715700001834193
6310,0.00978440000108094
6311,0.009381500000017695
6312,0.007999800000106916
6313,0.008413100000325358
6314,0.008894499998859828
6315,0.009541699997498654
6316,0.010288699999364326
6317,0.010106999998242827
6318,0.008296799998788629
6319,0.008829099999275059
6320,0.00784399999974994
6321,0.009266700002626749
6322,0.007915600002888823
6323,0.010058899999421556
6324,0.007948899998154957
6325,0.010219600000709761
6326,0.010105599998496473
6327,0.008093899999948917
6328,0.008624699999927543
6329,0.009805800000322051
6330,0.00942860000213841
6331,0.007749399999738671
6332,0.008940499999880558
6333,0.007704899999225745
6334,0.00925920000008773
6335,0.008314800001244294
6336,0.009091800002352102
6337,0.008336999999301042
6338,0.009935399997630157
6339,0.009790000000066357
6340,0.0077529999980470166
6341,0.009641000000556232
6342,0.009727300002850825
6343,0.008716799999092473
6344,0.009640799999033334
6345,0.007929200000944547
6346,0.008784999998169951
6347,0.007963500000187196
6348,0.00918160000219359
6349,0.007997900000191294
6350,0.010265500000969041
6351,0.009286600001360057
6352,0.00949150000087684
6353,0.009927799997967668
6354,0.007921600001282059
6355,0.010298000001057517
6356,0.009465799997997237
6357,0.01016420000087237
6358,0.009882400001515634
6359,0.00782229999822448
6360,0.009275499996874714
6361,0.009396000001288485
6362,0.008989500001916895
6363,0.008371700001589488
6364,0.008985600001324201
6365,0.008798200000455836
6366,0.009745300001668511
6367,0.010146199998416705
6368,0.009279699999751756
6369,0.009933900000760332
6370,0.009582200000295416
6371,0.010188600001129089
6372,0.009831300001678756
6373,0.008389900001930073
6374,0.009433399998670211
6375,0.008399999998800922
6376,0.008588999997300562
6377,0.009201600001688348
6378,0.00806870000087656
6379,0.009330299999419367
6380,0.008438500000920612
6381,0.009319199998572003
6382,0.007737799998722039
6383,0.008962799998698756
6384,0.008639399999083253
6385,0.0093127000000095
6386,0.00942419999773847
6387,0.007882499998231651
6388,0.00905159999820171
6389,0.008198299998184666
6390,0.0088212000009662
6391,0.008496700000250712
6392,0.010041400000773137
6393,0.009771799999725772
6394,0.009901099998387508
6395,0.010645199999999022
6396,0.009875499999907333
6397,0.009035399998538196
6398,0.008314300001075026
6399,0.009950300001946744
6400,0.009718799999973271
6401,0.009105400000407826
6402,0.010235800000373274
6403,0.009892300000501564
6404,0.00921820000075968
6405,0.009984200001781574
6406,0.009160699999483768
6407,0.009785000002011657
6408,0.009903200003464008
6409,0.008701999999175314
6410,0.010151400001632283
6411,0.009830599999986589
6412,0.009932299999491079
6413,0.009384700002556201
6414,0.009749600001669023
6415,0.009939199997461401
6416,0.007985500000359025
6417,0.00910930000100052
6418,0.007649099999980535
6419,0.011408599999413127
6420,0.009949799998139497
6421,0.009820200000831392
6422,0.008852200000546873
6423,0.00802309999926365
6424,0.009415300002729055
6425,0.008963100000983104
6426,0.008875700001226505
6427,0.009577400000125635
6428,0.008159499997418607
6429,0.009047299998201197
6430,0.008028200001717778
6431,0.009491499997238861
6432,0.00777860000016517
6433,0.010107899997819914
6434,0.009110499999223975
6435,0.007975399999850197
6436,0.009096600002521882
6437,0.007903300000180025
6438,0.008563300001696916
6439,0.007823999996617204
6440,0.00893730000098003
6441,0.008086000001640059
6442,0.009181599998555612
6443,0.008210200001485646
6444,0.009110800001508323
6445,0.00836640000125044
6446,0.009153899998636916
6447,0.00902710000082152
6448,0.008120400001644157
6449,0.009071299999050098
6450,0.008017500000278233
6451,0.008798099999694386
6452,0.00907540000116569
6453,0.009730599998874823
6454,0.009239700000762241
6455,0.01064359999872977
6456,0.009822899999562651
6457,0.008043400001042755
6458,0.009272100000089267
6459,0.008051299999351613
6460,0.009201700002449797
6461,0.007962299998325761
6462,0.009311800000432413
6463,0.00915290000193636
6464,0.00818740000249818
6465,0.008979199999885168
6466,0.008151999998517567
6467,0.008862099999532802
6468,0.009452500002225861
6469,0.010249500002828427
6470,0.007644099998287857
6471,0.009314599999925122
6472,0.008710800000699237
6473,0.008455299997876864
6474,0.008605700000771321
6475,0.008352900000318186
6476,0.009118699999817181
6477,0.007720399997197092
6478,0.008745800001634052
6479,0.007707799999479903
6480,0.00989339999796357
6481,0.009267699999327306
6482,0.00911179999820888
6483,0.009086999998544343
6484,0.009350500000437023
6485,0.009889000000839587
6486,0.00980630000049132
6487,0.00897120000081486
6488,0.007990699999936623
6489,0.009564800002408447
6490,0.00964179999937187
6491,0.009303200000431389
6492,0.008981699997093529
6493,0.0076599999993050005
6494,0.008872600003087427
6495,0.007712599999649683
6496,0.009493300000031013
6497,0.008529800001269905
6498,0.0086087999989104
6499,0.008736100000533042
6500,0.00966080000216607
6501,0.010576900000160094
6502,0.009542700001475168
6503,0.008862900001986418
6504,0.008677600002556574
6505,0.00855279999814229
6506,0.009297500000684522
6507,0.00792619999992894
6508,0.009038000000145985
6509,0.007771300002787029
6510,0.009263100000680424
6511,0.0081804999972519
6512,0.009744300001329975
6513,0.007968900001287693
6514,0.008718199998838827
6515,0.009538800000882475
6516,0.008116899996821303
6517,0.008880100001988467
6518,0.00811489999978221
6519,0.009316300001955824
6520,0.007925199999590404
6521,0.009297299999161623
6522,0.007780200001434423
6523,0.009317000000010012
6524,0.00791929999832064
6525,0.00877530000070692
6526,0.007862900001782691
6527,0.009033499998622574
6528,0.009001099999295548
6529,0.00846570000067004
6530,0.009174499999062391
6531,0.008721099999092985
6532,0.00957389999894076
6533,0.008070500000030734
6534,0.010617100000672508
6535,0.010423399999126559
6536,0.010164600000280188
6537,0.010421599999972386
6538,0.009852600000158418
6539,0.009834500000579283
6540,0.01009150000027148
6541,0.0094941999996081
6542,0.009249299997463822
6543,0.007815500001015607
6544,0.00891570000021602
6545,0.009004300001834054
6546,0.009515100002317922
6547,0.010051599998405436
6548,0.009482299999945099
6549,0.009204199999658158
6550,0.00871230000120704
6551,0.010476400002517039
6552,0.010523500000999775
6553,0.009831499999563675
6554,0.010209399999439484
6555,0.010406999997940147
6556,0.00980609999896842
6557,0.009384799999679672
6558,0.008972200001153396
6559,0.009374999997817213
6560,0.010078100000100676
6561,0.009728299999551382
6562,0.0103144999993674
6563,0.01044499999989057
6564,0.008037100000365172
6565,0.009023099999467377
6566,0.007976799999596551
6567,0.00865969999722438
6568,0.008649100000184262
6569,0.009090399998967769
6570,0.00798930000019027
6571,0.009162800000922289
6572,0.008459699998638825
6573,0.00996590000067954
6574,0.010083500001201173
6575,0.008000500001799082
6576,0.008971800001745578
6577,0.008191600001737243
6578,0.009412899999006186
6579,0.008271099999547005
6580,0.008780000000115251
6581,0.008357700000487966
6582,0.007925400001113303
6583,0.009460799999942537
6584,0.007954799999424722
6585,0.009547700003167847
6586,0.009677199999714503
6587,0.009603900001820875
6588,0.00852619999932358
6589,0.010183200000028592
6590,0.010425499996927101
6591,0.009360200001538033
6592,0.009485599999607075
6593,0.008366399997612461
6594,0.010257900001306552
6595,0.009558599998854334
6596,0.00793800000246847
6597,0.009796399997867411
6598,0.009255699998902855
6599,0.009112899999308866
6600,0.009521500000118976
6601,0.009275599997636164
6602,0.009178599997540005
6603,0.007908299998234725
6604,0.009567799999786075
6605,0.009754099999554455
6606,0.008244200002081925
6607,0.008948000002419576
6608,0.007931399999506539
6609,0.008841599999868777
6610,0.007907100000011269
6611,0.00938289999976405
6612,0.007918300001620082
6613,0.00903430000107619
6614,0.008053699999436503
6615,0.00970420000157901
6616,0.0077679000023636036
6617,0.009214400000928435
6618,0.008434600000327919
6619,0.008430599998973776
6620,0.008513799999491312
6621,0.008017100000870414
6622,0.008641299998998875
6623,0.008143200000631623
6624,0.008471500001178356
6625,0.0077276000010897405
6626,0.009454799997911323
6627,0.008241500003350666
6628,0.009558999998262152
6629,0.0077664999989792705
6630,0.008862099999532802
6631,0.0076432999994722195
6632,0.009315399998740759
6633,0.008532600000762613
6634,0.009559800000715768
6635,0.009931699998560362
6636,0.007776300000841729
6637,0.00895229999878211
6638,0.007816299999831244
6639,0.009174099999654572
6640,0.007738599997537676
6641,0.009020699999382487
6642,0.007735400002275128
6643,0.008965900000475813
6644,0.007702500002778834
6645,0.008961499999713851
6646,0.009086000001843786
6647,0.008382200001506135
6648,0.00905129999955534
6649,0.007865399998991052
6650,0.009508900002401788
6651,0.009379200000694254
6652,0.010729700003139442
6653,0.010490000000572763
6654,0.007813500000338536
6655,0.009245200002624188
6656,0.009684399999969173
6657,0.009733999999298248
6658,0.008326099999976577
6659,0.008634800000436371
6660,0.00885529999868595
6661,0.007993200000782963
6662,0.00897600000098464
6663,0.009515499998087762
6664,0.009433100000023842
6665,0.008377199999813456
6666,0.008992200000648154
6667,0.009532000000035623
6668,0.008466999999654945
6669,0.008765099999436643
6670,0.00796740000077989
6671,0.009013500002765795
6672,0.009647899998526555
6673,0.00911400000040885
6674,0.008232199998019496
6675,0.009035199997015297
6676,0.00791400000161957
6677,0.008790400002908427
6678,0.00811980000071344
6679,0.010294399999111192
6680,0.009181599998555612
6681,0.00791640000170446
6682,0.009153999999398366
6683,0.008045800001127645
6684,0.009048799998709
6685,0.008105699998850469
6686,0.0090438000006543
6687,0.007723200000327779
6688,0.009178399999655085
6689,0.010249700000713347
6690,0.00819210000190651
6691,0.009365099998831283
6692,0.009742700000060722
6693,0.009814000000915257
6694,0.009865799998806324
6695,0.00819690000207629
6696,0.009213600002112798
6697,0.008123699997668155
6698,0.010417600002256222
6699,0.009406500001205131
6700,0.008989300000393996
6701,0.00819960000080755
6702,0.00834709999980987
6703,0.008675900000525871
6704,0.007904699999926379
6705,0.009185699997033225
6706,0.007858799999667099
6707,0.009188799998810282
6708,0.00779070000135107
6709,0.009132299997872906
6710,0.007950100000016391
6711,0.01050579999719048
6712,0.01002410000000964
6713,0.008082600001216633
6714,0.008499100000335602
6715,0.00789720000102534
6716,0.009899000000586966
6717,0.008665800000017043
6718,0.009424200001376448
6719,0.008698699999513337
6720,0.008754400001635076
6721,0.008332299999892712
6722,0.008290500001749024
6723,0.008851300000969786
6724,0.009795300000405405
6725,0.009434099996724399
6726,0.007784699999319855
6727,0.008984899999632034
6728,0.008074400000623427
6729,0.009405200002220226
6730,0.009436299998924369
6731,0.008455399998638313
6732,0.009269800000765827
6733,0.007947000001877313
6734,0.009188399999402463
6735,0.008384799999475945
6736,0.009113299998716684
6737,0.007721400001173606
6738,0.010066599999845494
6739,0.010080299998662667
6740,0.01081509999858099
6741,0.010240800002065953
6742,0.009291200000006938
6743,0.008817699999781325
6744,0.009190400000079535
6745,0.00805680000121356
6746,0.008844500000122935
6747,0.00782700000127079
6748,0.0095714000017324
6749,0.009562699997331947
6750,0.008740099998249207
6751,0.007989499998075189
6752,0.00897120000081486
6753,0.00786810000136029
6754,0.009850799997366266
6755,0.009614599999622442
6756,0.007829800000763498
6757,0.009071700002095895
6758,0.00953260000096634
6759,0.008948300001065945
6760,0.007925099998828955
6761,0.010308299999451265
6762,0.010430900001665577
6763,0.007749899999907939
6764,0.009695400000055088
6765,0.008054099998844322
6766,0.009167899999738438
6767,0.008042600002227118
6768,0.009527500002150191
6769,0.009488100000453414
6770,0.00876340000104392
6771,0.009707200002594618
6772,0.009549099999276223
6773,0.00904169999921578
6774,0.0077338999981293455
6775,0.00930290000178502
6776,0.00769169999693986
6777,0.00947230000019772
6778,0.008316800001921365
6779,0.009752300000400282
6780,0.00985469999795896
6781,0.008045100003073458
6782,0.009068600000318838
6783,0.008088900001894217
6784,0.0101037999993423
6785,0.009188100000756094
6786,0.008151400001224829
6787,0.008923699999286328
6788,0.008570599999075057
6789,0.009127699999226024
6790,0.008610699998826021
6791,0.010947300001134863
6792,0.010570300000836141
6793,0.007993699997314252
6794,0.008989599999040365
6795,0.007829500002117129
6796,0.00919400000202586
6797,0.007760099997540237
6798,0.009360000000015134
6799,0.008665800000017043
6800,0.010260099999868544
6801,0.009963000000425382
6802,0.007999000001291279
6803,0.008935999998357147
6804,0.007871699999668635
6805,0.00922799999898416
6806,0.00827710000157822
6807,0.009354100002383348
6808,0.008554400003049523
6809,0.009899799999402603
6810,0.010133199997653719
6811,0.00806190000002971
6812,0.009463000002142508
6813,0.007762700002786005
6814,0.009454600000026403
6815,0.009205599999404512
6816,0.009079399998881854
6817,0.00799879999976838
6818,0.008633600002212916
6819,0.008938699997088406
6820,0.008830499999021413
6821,0.009750999997777399
6822,0.009446100000786828
6823,0.010356700000556884
6824,0.009933400000591064
6825,0.009456800002226373
6826,0.009517700000287732
6827,0.008062999997491715
6828,0.008972200001153396
6829,0.008070199997746386
6830,0.009059500000148546
6831,0.008456999999907566
6832,0.008267500001238659
6833,0.007998100001714192
6834,0.008326400002260925
6835,0.008475700000417419
6836,0.009633400000893744
6837,0.010015399999247165
6838,0.009313300000940217
6839,0.010131899998668814
6840,0.010060300002805889
6841,0.008774500001891283
6842,0.009405099997820798
6843,0.007774600002449006
6844,0.009303799997724127
6845,0.008637899998575449
6846,0.010182900001382222
6847,0.01008420000289334
6848,0.008689400001458125
6849,0.010033200000179932
6850,0.00944309999977122
6851,0.008861599999363534
6852,0.00855299999966519
6853,0.008442800000921125
6854,0.008780600001045968
6855,0.008486599999741884
6856,0.009835500000917818
6857,0.008117000001220731
6858,0.009068999999726657
6859,0.007748600000923034
6860,0.009115000000747386
6861,0.007976600001711631
6862,0.009102200001507299
6863,0.008379900002182694
6864,0.008423699997365475
6865,0.009081700001843274
6866,0.008392300002014963
6867,0.009521200001472607
6868,0.009566100001393352
6869,0.009076300000742776
6870,0.008026600000448525
6871,0.009055300000909483
6872,0.008239800001319963
6873,0.008548999998311047
6874,0.008752900001127273
6875,0.009460799999942537
6876,0.010097599999426166
6877,0.008583399998315144
6878,0.009280700000090292
6879,0.009498499999608612
6880,0.008307100000820355
6881,0.009105599998292746
6882,0.009831600000325125
6883,0.009536400000797585
6884,0.008648499999253545
6885,0.009137799999734852
6886,0.008787200000369921
6887,0.00819240000055288
6888,0.008624699999927543
6889,0.007898500000010245
6890,0.008933400000387337
6891,0.00805670000045211
6892,0.009062200002517784
6893,0.007712700000411132
6894,0.009234500001184642
6895,0.008296600000903709
6896,0.009618100000807317
6897,0.007686599998123711
6898,0.010640099997544894
6899,0.009715899999719113
6900,0.007886399998824345
6901,0.008728600001632003
6902,0.0078058000035525765
6903,0.009279500001866836
6904,0.007719700002780883
6905,0.00913349999973434
6906,0.008659899998747278
6907,0.009664400000474416
6908,0.008471000001009088
6909,0.008323600002768217
6910,0.008360299998457776
6911,0.008205699999962235
6912,0.009149699999397853
6913,0.009547800000291318
6914,0.01000700000076904
6915,0.009555599997838726
6916,0.010238099999696715
6917,0.009278400000766851
6918,0.008503000000928296
6919,0.010039299999334617
6920,0.009424200001376448
6921,0.00858449999941513
6922,0.008876799998688512
6923,0.008285399999294896
6924,0.00889900000038324
6925,0.008037900002818787
6926,0.01004079999984242
6927,0.009505300000455463
6928,0.009169500001007691
6929,0.008116199998767115
6930,0.008502399999997579
6931,0.008980599999631522
6932,0.009701200000563404
6933,0.010378799997852184
6934,0.008094299999356735
6935,0.010400899998785462
6936,0.011126800000056392
6937,0.00973340000200551
6938,0.009977799996704562
6939,0.007782299999234965
6940,0.009009699999296572
6941,0.007823800002370263
6942,0.008665400000609225
6943,0.009804099998291349
6944,0.007949500002723653
6945,0.008847000000969274
6946,0.007922000000689877
6947,0.009194500002195127
6948,0.007716500000242377
6949,0.008933599998272257
6950,0.008384200002183206
6951,0.009310599998570979
6952,0.0076420000004873145
6953,0.009239499999239342
6954,0.009026600000652252
6955,0.009258600002794992
6956,0.009815099998377264
6957,0.009500399999524234
6958,0.008917299997847294
6959,0.007996600001206389
6960,0.009312000001955312
6961,0.009304300001531374
6962,0.009447600001294632
6963,0.009943400000338443
6964,0.009246400000847643
6965,0.009545400000206428
6966,0.008529700000508456
6967,0.009921799999574432
6968,0.009465000002819579
6969,0.007809499998984393
6970,0.009897100000671344
6971,0.009219800002028933
6972,0.009152099999482743
6973,0.008360499999980675
6974,0.008643499997560866
6975,0.008756800001719967
6976,0.009860400001343805
6977,0.01071579999916139
6978,0.00997319999805768
6979,0.00902230000065174
6980,0.009776100003364263
6981,0.00958589999936521
6982,0.01070629999958328
6983,0.010454899998876499
6984,0.008747300002141856
6985,0.011274100001173792
6986,0.009664199998951517
6987,0.008795100002316758
6988,0.009236499998223735
6989,0.008087599999271333
6990,0.009498200000962242
6991,0.008519200000591809
6992,0.010247800000797724
6993,0.009321500001533423
6994,0.008714200001122663
6995,0.008703999999852385
6996,0.00799149999875226
6997,0.009571099999448052
6998,0.0077901000004203524
6999,0.009523400000034599
7000,0.008023700000194367
7001,0.009319800003140699
7002,0.007670700000744546
7003,0.01051509999888367
7004,0.010091800002555829
7005,0.007884700000431621
7006,0.00893269999869517
7007,0.008145200001308694
7008,0.009176499999739463
7009,0.00803049999740324
7010,0.008660299998155097
7011,0.007949700000608573
7012,0.010732599999755621
7013,0.010087099999509519
7014,0.007886600000347244
7015,0.008771100001467858
7016,0.009446099997148849
7017,0.010611000001517823
7018,0.009451900001295144
7019,0.008588099997723475
7020,0.008467099996778416
7021,0.009574399999110028
7022,0.00987150000219117
7023,0.009213500001351349
7024,0.00894749999861233
7025,0.008420799997111317
7026,0.008521299998392351
7027,0.009181299999909243
7028,0.008176000003004447
7029,0.009185800001432654
7030,0.00828929999988759
7031,0.009253000000171596
7032,0.008553899999242276
7033,0.009556699998938711
7034,0.008131300000968622
7035,0.009972899999411311
7036,0.009567600001901155
7037,0.009169499997369712
7038,0.009759100001247134
7039,0.008112500003335299
7040,0.009891199999401579
7041,0.009373700002470287
7042,0.008244299999205396
7043,0.00930270000026212
7044,0.008148400000209222
7045,0.00949659999969299
7046,0.007772400000249036
7047,0.009412900002644164
7048,0.009754200000315905
7049,0.008780699998169439
7050,0.009011299996927846
7051,0.008584100000007311
7052,0.009416900000360329
7053,0.00915280000117491
7054,0.00938289999976405
7055,0.007727500000328291
7056,0.009208700001181569
7057,0.007720900001004338
7058,0.0092302999983076
7059,0.008013500002562068
7060,0.008644599998660851
7061,0.009986299999582116
7062,0.009913699999742676
7063,0.00964419999945676
7064,0.007850899997720262
7065,0.010513199998968048
7066,0.010261499999614898
7067,0.009819700000662124
7068,0.00920119999864255
7069,0.008633500001451466
7070,0.008956899997428991
7071,0.007997900000191294
7072,0.010164999999688007
7073,0.00981369999863091
7074,0.007731600002443884
7075,0.009041999997862149
7076,0.008437300002697157
7077,0.00911439999981667
7078,0.007737700001598569
7079,0.009089299997867784
7080,0.008065599999099504
7081,0.008684799999173265
7082,0.009361899999930756
7083,0.007912099998065969
7084,0.00919419999991078
7085,0.007869799999753013
7086,0.008961200001067482
7087,0.008653100001538405
7088,0.009127799999987474
7089,0.008254500000475673
7090,0.008848299999954179
7091,0.008498699997289805
7092,0.010041699999419507
7093,0.010174200000619749
7094,0.009270499998820014
7095,0.010636400002113078
7096,0.010229800001980038
7097,0.008014499999262625
7098,0.009042000001500128
7099,0.00864960000035353
7100,0.010431200000311946
7101,0.009467600000789389
7102,0.01016430000163382
7103,0.010001099999499274
7104,0.008407299999817042
7105,0.00992949999999837
7106,0.008661399999255082
7107,0.008892199999536388
7108,0.009114599997701589
7109,0.00932950000060373
7110,0.009646999998949468
7111,0.007732800000667339
7112,0.009274799998820527
7113,0.008096400000795256
7114,0.009642100001656218
7115,0.009735200001159683
7116,0.009388700000272365
7117,0.010544200002186699
7118,0.008075300000200514
7119,0.008904400001483737
7120,0.007700599999225233
7121,0.009260800001356984
7122,0.007972999999765307
7123,0.011149499998282408
7124,0.009368900002300506
7125,0.00923759999932372
7126,0.009581599999364698
7127,0.007695799999055453
7128,0.009732099999382626
7129,0.008691699997143587
7130,0.008447700001852354
7131,0.00844150000193622
7132,0.008161499998095678
7133,0.009593999999196967
7134,0.007697699998971075
7135,0.009088200000405777
7136,0.007739499997114763
7137,0.008997199998702854
7138,0.00891320000300766
7139,0.009030499997606967
7140,0.00792399999772897
7141,0.008709300000191433
7142,0.008060199997999007
7143,0.008271599999716273
7144,0.009477300001890399
7145,0.009711399998195702
7146,0.009650500000134343
7147,0.008368700000573881
7148,0.00959829999919748
7149,0.009667099999205675
7150,0.008421100003033644
7151,0.008849399997416185
7152,0.008155899999110261
7153,0.009810400002606912
7154,0.009493000001384644
7155,0.009032400001160568
7156,0.00768410000091535
7157,0.010801200001878897
7158,0.010712899998907233
7159,0.01023939999868162
7160,0.009645000001910375
7161,0.010523400000238325
7162,0.00854550000076415
7163,0.00922319999881438
7164,0.008277600001747487
7165,0.009142700000666082
7166,0.007738399999652756
7167,0.00953519999893615
7168,0.007782399999996414
7169,0.010570499998721061
7170,0.010217899998679059
7171,0.007816800000000512
7172,0.009970200000680052
7173,0.009238800001185155
7174,0.009242800002539298
7175,0.009255499997379957
7176,0.008022300000448013
7177,0.00875580000138143
7178,0.008425799998803996
7179,0.009183000001939945
7180,0.008251799998106435
7181,0.00936809999984689
7182,0.008159900000464404
7183,0.009249499998986721
7184,0.008721399997739354
7185,0.008601900000940077
7186,0.009635700000217184
7187,0.007774399997288128
7188,0.008668400001624832
7189,0.007783900000504218
7190,0.008575099996960489
7191,0.007717700002103811
7192,0.009662300002673874
7193,0.008168399999703979
7194,0.009288799999922048
7195,0.009010999998281477
7196,0.010204399997746805
7197,0.010330500001145992
7198,0.009602400001313072
7199,0.009183900001517031
7200,0.007678999998461222
7201,0.009331199998996453
7202,0.008462600002530962
7203,0.008582700000260957
7204,0.00920830000177375
7205,0.00788730000203941
7206,0.008888600001228042
7207,0.007933600001706509
7208,0.009621400000469293
7209,0.007742099998722551
7210,0.00925439999991795
7211,0.007680599999730475
7212,0.009594099999958416
7213,0.008115799999359297
7214,0.010308799999620533
7215,0.009806999998545507
7216,0.007965900000272086
7217,0.010119299997313647
7218,0.009517200000118464
7219,0.008948300001065945
7220,0.00795780000044033
7221,0.008559500001865672
7222,0.009007199998450233
7223,0.008367999998881714
7224,0.009226099999068538
7225,0.007795800000167219
7226,0.009013599999889266
7227,0.007804799999576062
7228,0.009175499999400927
7229,0.008353299999726005
7230,0.009912700003042119
7231,0.009066499998880317
7232,0.00813689999995404
7233,0.009120999999140622
7234,0.008723000002646586
7235,0.01052229999913834
7236,0.009471099998336285
7237,0.010531600000831531
7238,0.010277400000632042
7239,0.009299800000007963
7240,0.009129800000664545
7241,0.007975699998496566
7242,0.009705799999210285
7243,0.007956199999171076
7244,0.010045999999420019
7245,0.009985799999412848
7246,0.008406099997955607
7247,0.008584700000938028
7248,0.008000899997568922
7249,0.00905609999972512
7250,0.007939200000691926
7251,0.009795400001166854
7252,0.00960789999953704
7253,0.008084700002655154
7254,0.008932100001402432
7255,0.007986399999936111
7256,0.00992220000262023
7257,0.010146399999939604
7258,0.010425000000395812
7259,0.009747299998707604
7260,0.008476800001517404
7261,0.00914800000100513
7262,0.00830130000031204
7263,0.009098200000153156
7264,0.008031900000787573
7265,0.009738800003106007
7266,0.0093706999978167
7267,0.008191199998691445
7268,0.008727200001885649
7269,0.007999600002221996
7270,0.010156599997571902
7271,0.009651600001234328
7272,0.01001439999890863
7273,0.010144399999262532
7274,0.008386800000153016
7275,0.009392899999511428
7276,0.008187100000213832
7277,0.010761500001535751
7278,0.010193800000706688
7279,0.008062000000791159
7280,0.008609500000602566
7281,0.008251600000221515
7282,0.00882859999910579
7283,0.007773000001179753
7284,0.008938999999372754
7285,0.00838840000142227
7286,0.009565699998347554
7287,0.007958199999848148
7288,0.009053099998709513
7289,0.007706399999733549
7290,0.00946750000002794
7291,0.009088599999813596
7292,0.00863250000111293
7293,0.011021599999367027
7294,0.011512500001117587
7295,0.009966500001610257
7296,0.009806800000660587
7297,0.007772700002533384
7298,0.010638899999321438
7299,0.010069199997815304
7300,0.008370499999728054
7301,0.008904500002245186
7302,0.007979800000612158
7303,0.008897100000467617
7304,0.007863900002121227
7305,0.009860800000751624
7306,0.008054900001297938
7307,0.009062000000994885
7308,0.007945900000777328
7309,0.009516500002064276
7310,0.00836179999896558
7311,0.008906900002330076
7312,0.009621100001822924
7313,0.009563499999785563
7314,0.01030709999758983
7315,0.009296199998061638
7316,0.00828679999904125
7317,0.008111499999358784
7318,0.008393899999646237
7319,0.009818999998969957
7320,0.009679999999207212
7321,0.009199100000842009
7322,0.00770600000032573
7323,0.010172599999350496
7324,0.009708699999464443
7325,0.00816579999809619
7326,0.009332500001619337
7327,0.00813390000257641
7328,0.010162499998841668
7329,0.009676699999545235
7330,0.00939479999942705
7331,0.009835900000325637
7332,0.009553600000799634
7333,0.010719999998400453
7334,0.009887199998047436
7335,0.00993650000236812
7336,0.00945280000087223
7337,0.00868360000094981
7338,0.008995299998787232
7339,0.008545200002117781
7340,0.009349100000690669
7341,0.009318000000348547
7342,0.008543500000087079
7343,0.009883999999146909
7344,0.009395799999765586
7345,0.009195200000249315
7346,0.009849300000496441
7347,0.009727199998451397
7348,0.010203599998931168
7349,0.009810300001845462
7350,0.009750199998961762
7351,0.009499899999354966
7352,0.008179000000382075
7353,0.009635599999455735
7354,0.00928619999831426
7355,0.009943000000930624
7356,0.009969499998987885
7357,0.008281900001748
7358,0.008767899998929352
7359,0.009427999997569714
7360,0.009484900001552887
7361,0.007736399998975685
7362,0.009385900000779657
7363,0.00810520000231918
7364,0.00922060000084457
7365,0.007800700001098448
7366,0.008784400000877213
7367,0.009123699997871881
7368,0.0081876000003831
7369,0.009016199997859076
7370,0.007879299999331124
7371,0.009040100001584506
7372,0.008160100001987303
7373,0.00935159999789903
7374,0.00884550000046147
7375,0.01028760000190232
7376,0.009927400002197828
7377,0.009743999999045627
7378,0.00965139999971143
7379,0.008065300000453135
7380,0.009469099997659214
7381,0.007973399999173125
7382,0.009185399998386856
7383,0.009371600001031766
7384,0.00795279999874765
7385,0.009395900000527035
7386,0.0097578999993857
7387,0.009130000002187444
7388,0.007881800000177464
7389,0.009194700000080047
7390,0.00840539999990142
7391,0.008642000000691041
7392,0.008796099999017315
7393,0.008094199998595286
7394,0.008820699997158954
7395,0.008028199998079799
7396,0.009642099998018239
7397,0.008099000002403045
7398,0.00895210000089719
7399,0.008696699998836266
7400,0.009475800001382595
7401,0.007832800001779106
7402,0.010464999999385327
7403,0.009635900001740083
7404,0.007728199998382479
7405,0.008934299999964423
7406,0.008065600002737483
7407,0.008987300003354903
7408,0.007779100000334438
7409,0.009047499999724096
7410,0.00820430000021588
7411,0.010215999998763436
7412,0.009616299998015165
7413,0.00783160000355565
7414,0.008924000001570676
7415,0.008375499997782754
7416,0.009832499999902211
7417,0.008119399997667642
7418,0.010165899999265093
7419,0.009993699997721706
7420,0.009611099998437567
7421,0.009629700001823949
7422,0.008348700001079123
7423,0.009358999999676598
7424,0.008719599998585181
7425,0.008379999999306165
7426,0.00893269999869517
7427,0.008178100000804989
7428,0.009335499998996966
7429,0.007934900000691414
7430,0.00912860000244109
7431,0.00775680000151624
7432,0.01019319999977597
7433,0.00802549999934854
7434,0.010018600001785671
7435,0.008957300000474788
7436,0.008193300000129966
7437,0.009707900000648806
7438,0.008106400000542635
7439,0.00933440000153496
7440,0.007839800000510877
7441,0.009430099999008235
7442,0.008713999999599764
7443,0.008997500000987202
7444,0.008319200002006255
7445,0.008615099999587983
7446,0.008424100000411272
7447,0.008356300000741612
7448,0.009591399997589178
7449,0.007894400001532631
7450,0.009200100001180544
7451,0.008681700001034187
7452,0.009250299997802358
7453,0.008173400001396658
7454,0.008874200000718702
7455,0.008114200001728022
7456,0.00969980000081705
7457,0.009871399997791741
7458,0.008425100000749808
7459,0.010501100001420127
7460,0.00937060000069323
7461,0.010043800000858027
7462,0.010222699998848839
7463,0.009572999999363674
7464,0.010214699999778531
7465,0.010109299997566268
7466,0.009142200000496814
7467,0.010392299998784438
7468,0.009772700002940837
7469,0.00854800000161049
7470,0.008142000002408167
7471,0.00821390000055544
7472,0.008735700001125224
7473,0.007933199998660712
7474,0.008783599998423597
7475,0.008049700001720339
7476,0.00922290000016801
7477,0.007802200001606252
7478,0.008672400002978975
7479,0.008413800002017524
7480,0.00927620000220486
7481,0.007682700001168996
7482,0.009112699997785967
7483,0.007711900001595495
7484,0.008994600000733044
7485,0.008394700002099853
7486,0.008668700000271201
7487,0.009211799999320647
7488,0.007974599997396581
7489,0.009193500001856592
7490,0.00965879999785102
7491,0.0095714000017324
7492,0.007676099998207064
7493,0.009295200001361081
7494,0.008661100000608712
7495,0.008467100000416394
7496,0.00916049999796087
7497,0.010094400000525638
7498,0.009212000000843545
7499,0.008063999997830251
7500,0.009269499998481479
7501,0.007701300000917399
7502,0.008931199998187367
7503,0.008539500002370914
7504,0.008311699999467237
7505,0.008948999999120133
7506,0.007927900001959642
7507,0.009560200000123587
7508,0.008019799999601673
7509,0.009063999998033978
7510,0.008019400000193855
7511,0.009531099996820558
7512,0.009353199999168282
7513,0.008726699998078402
7514,0.008081399999355199
7515,0.009981499999412335
7516,0.010032100002717925
7517,0.009755700000823708
7518,0.00919640000211075
7519,0.0086788999979035
7520,0.008519300001353258
7521,0.00922540000101435
7522,0.009435399999347283
7523,0.009330400000180816
7524,0.008146899999701418
7525,0.009407500001543667
7526,0.007751000001007924
7527,0.010068799998407485
7528,0.009899500000756234
7529,0.009341299999505281
7530,0.009726099997351412
7531,0.00804729999799747
7532,0.008861000002070796
7533,0.008148400000209222
7534,0.009960700001101941
7535,0.009696600001916522
7536,0.008136199998261873
7537,0.00995110000076238
7538,0.009689499998785323
7539,0.010497499999473803
7540,0.010226499998680083
7541,0.007834800002456177
7542,0.008945300000050338
7543,0.007778499999403721
7544,0.00936080000246875
7545,0.008494400000927271
7546,0.009172400001261849
7547,0.007987699998921016
7548,0.01036260000182665
7549,0.010258199999952922
7550,0.00822409999818774
7551,0.009346700000605779
7552,0.008038500000111526
7553,0.009548799996991875
7554,0.00833250000141561
7555,0.009231600000930484
7556,0.00826729999971576
7557,0.008447600001090905
7558,0.008830599999782862
7559,0.008238700000219978
7560,0.00922050000008312
7561,0.008058600000367733
7562,0.0094481000014639
7563,0.008235099998273654
7564,0.00948190000053728
7565,0.00799130000086734
7566,0.009098400001676055
7567,0.008814599998004269
7568,0.008407599998463411
7569,0.008716499996808125
7570,0.008090999999694759
7571,0.009198200001264922
7572,0.009836999997787643
7573,0.00961739999911515
7574,0.008641099997475976
7575,0.009117499997955747
7576,0.008924400000978494
7577,0.008195000002160668
7578,0.008759199998166878
7579,0.007975099997565849
7580,0.00902969999879133
7581,0.008019000000786036
7582,0.00930020000305376
7583,0.008182199999282602
7584,0.010095699999510543
7585,0.009757100000570063
7586,0.010043799997220049
7587,0.010470700002770172
7588,0.009570300000632415
7589,0.008743299997149734
7590,0.008355100002518157
7591,0.008201500000723172
7592,0.008745999999518972
7593,0.009834100001171464
7594,0.01000940000085393
7595,0.00811979999707546
7596,0.009337499999674037
7597,0.00777860000016517
7598,0.010458500000822823
7599,0.01002140000127838
7600,0.007810600000084378
7601,0.00885770000240882
7602,0.007803800002875505
7603,0.009147099997790065
7604,0.007818199999746867
7605,0.008682100000442006
7606,0.008151500001986278
7607,0.009534600001643412
7608,0.00861330000043381
7609,0.010377499998867279
7610,0.010085999998409534
7611,0.00869560000137426
7612,0.009262399998988258
7613,0.009572000002663117
7614,0.01034300000173971
7615,0.009888000000501052
7616,0.007987000000866828
7617,0.009785500002180925
7618,0.007706700002017897
7619,0.008843899999192217
7620,0.007997799999429844
7621,0.009095699999306817
7622,0.008756499999435619
7623,0.008109200000035344
7624,0.008974899999884656
7625,0.008283099999971455
7626,0.009273499999835622
7627,0.008367900001758244
7628,0.010050999997474719
7629,0.007726899999397574
7630,0.009344100002635969
7631,0.008313099999213591
7632,0.008740599998418475
7633,0.008809899998595938
7634,0.008337100000062492
7635,0.0094890000000305
7636,0.008612300000095274
7637,0.009724799998366507
7638,0.010034599999926286
7639,0.008569399997213623
7640,0.009010599998873658
7641,0.008155600000463892
7642,0.00917680000202381
7643,0.007829199999832781
7644,0.009413300002051983
7645,0.007775000001856824
7646,0.00987659999736934
7647,0.009781400000065332
7648,0.008420499998464948
7649,0.008733599999686703
7650,0.008358499999303604
7651,0.009154899998975452
7652,0.008168700001988327
7653,0.008765900001890259
7654,0.008085299999947893
7655,0.009771400000317954
7656,0.008040500000788597
7657,0.010035600000264822
7658,0.009661700001743156
7659,0.008006300002307398
7660,0.008945699999458157
7661,0.007978800000273623
7662,0.009947599999577506
7663,0.007978000001457985
7664,0.009577900000294903
7665,0.008135699998092605
7666,0.009535900000628317
7667,0.009555600001476705
7668,0.009618399999453686
7669,0.009963600001356099
7670,0.00872950000120909
7671,0.008819800001219846
7672,0.008297899999888614
7673,0.009447200001886813
7674,0.008302000002004206
7675,0.008394200001930585
7676,0.008767700001044432
7677,0.007946100002300227
7678,0.008754499998758547
7679,0.007836000000679633
7680,0.008958999998867512
7681,0.009828800000832416
7682,0.009320400000433438
7683,0.008198999999876833
7684,0.009011999998620013
7685,0.008201699998608092
7686,0.008399800000916002
7687,0.00867619999917224
7688,0.0079528999995091
7689,0.00890119999894523
7690,0.008411599999817554
7691,0.009636200000386452
7692,0.009243399999832036
7693,0.009000800000649178
7694,0.007985100000951206
7695,0.010097499998664716
7696,0.010175399998843204
7697,0.007766300001094351
7698,0.008954700002504978
7699,0.009197399998811306
7700,0.009246699999494012
7701,0.008200000000215368
7702,0.009093199998460477
7703,0.007987400000274647
7704,0.009645000001910375
7705,0.009458100001211278
7706,0.007770299998810515
7707,0.009228299997630529
7708,0.0077132000005804
7709,0.009270299997297116
7710,0.007942399999592453
7711,0.008874300001480151
7712,0.008000599998922553
7713,0.008957000001828419
7714,0.00820929999827058
7715,0.008435799998551374
7716,0.008534399999916786
7717,0.008005699997738702
7718,0.009546900000714231
7719,0.00808580000011716
7720,0.009216700000251876
7721,0.008524999997462146
7722,0.010667700000340119
7723,0.009936400001606671
7724,0.008572999999159947
7725,0.009763599999132566
7726,0.009317700001702178
7727,0.009142300001258263
7728,0.007701500002440298
7729,0.009950700001354562
7730,0.00918180000007851
7731,0.008267699999123579
7732,0.008933699999033706
7733,0.007813000000169268
7734,0.008990300000732532
7735,0.007967099998495542
7736,0.00893519999954151
7737,0.007801100000506267
7738,0.009226900001522154
7739,0.00908290000006673
7740,0.009069799998542294
7741,0.008432000002358109
7742,0.008599700002378086
7743,0.008439699999144068
7744,0.008222000000387197
7745,0.00919419999991078
7746,0.007761400000163121
7747,0.008965000000898726
7748,0.007998400000360562
7749,0.009377399997902103
7750,0.008628900002804585
7751,0.009670399998867651
7752,0.00808359999791719
7753,0.008735300001717405
7754,0.008585300001868745
7755,0.008188100000552367
7756,0.008938099999795668
7757,0.007965900000272086
7758,0.00864240000009886
7759,0.008569200002966681
7760,0.010161400001379661
7761,0.009643499997764593
7762,0.009980099999665981
7763,0.010605300001770956
7764,0.008162300000549294
7765,0.009118199999647914
7766,0.00774470000033034
7767,0.009279199999582488
7768,0.010091899999679299
7769,0.009817699999985052
7770,0.010291400001733564
7771,0.009631199998693774
7772,0.010482300000148825
7773,0.010081500000524102
7774,0.00847290000092471
7775,0.010412800002086442
7776,0.00991280000016559
7777,0.008205199999792967
7778,0.008770200001890771
7779,0.00997070000084932
7780,0.010272899999108631
7781,0.009844699998211581
7782,0.0102563000000373
7783,0.010505000002012821
7784,0.009761500001332024
7785,0.008808800001133932
7786,0.008313299997098511
7787,0.008507599999575177
7788,0.008913999998185318
7789,0.008203499997762265
7790,0.008776099999522557
7791,0.007820800001354655
7792,0.008883399998012464
7793,0.007919699997728458
7794,0.009339899999758927
7795,0.00807609999901615
7796,0.009107100002438528
7797,0.008412399998633191
7798,0.009257300000172108
7799,0.008678099999087863
7800,0.008703899999090936
7801,0.009105400000407826
7802,0.008156399999279529
7803,0.008997699998872122
7804,0.008050399999774527
7805,0.0097697999990487
7806,0.008038600000872975
7807,0.008554399999411544
7808,0.007719299999735085
7809,0.009369600000354694
7810,0.007673500000237254
7811,0.010211499997240026
7812,0.009711599999718601
7813,0.007784600002196385
7814,0.00875149999774294
7815,0.0094169999974838
7816,0.009139899997535395
7817,0.007749100001092302
7818,0.009363099998154212
7819,0.009280199999921024
7820,0.008338200001162477
7821,0.009648100000049453
7822,0.007913600002211751
7823,0.008647599999676459
7824,0.009137900000496302
7825,0.009360199997900054
7826,0.007950500003062189
7827,0.009412199997314019
7828,0.007711900001595495
7829,0.008871500001987442
7830,0.008497400001942879
7831,0.00886240000181715
7832,0.009351600001537008
7833,0.007973600000696024
7834,0.009076300000742776
7835,0.008351299999048933
7836,0.009500199998001335
7837,0.008639100000436883
7838,0.00996849999864935
7839,0.01050799999939045
7840,0.00962699999945471
7841,0.00970430000234046
7842,0.007709099998464808
7843,0.008803100001387065
7844,0.007742599998891819
7845,0.009597700001904741
7846,0.007802299998729723
7847,0.009966900001018075
7848,0.010278800000378396
7849,0.007869899996876484
7850,0.009345000002213055
7851,0.009606999999959953
7852,0.009875899999315152
7853,0.009848699999565724
7854,0.007926900001621107
7855,0.008968199999799253
7856,0.007861399997636909
7857,0.010288499997841427
7858,0.009377499998663552
7859,0.009107800000492716
7860,0.00827200000276207
7861,0.009342500001366716
7862,0.010151200000109384
7863,0.009166200001345715
7864,0.010290899997926317
7865,0.009892699999909382
7866,0.008636799997475464
7867,0.009178299998893635
7868,0.007804300003044773
7869,0.009447599997656653
7870,0.008236199999373639
7871,0.008872999998857267
7872,0.008045399998081848
7873,0.008902199999283766
7874,0.008041000000957865
7875,0.009111100000154693
7876,0.00908269999854383
7877,0.008100899998680688
7878,0.008915200000046752
7879,0.008471599998301826
7880,0.009367200000269804
7881,0.008294999999634456
7882,0.009214199999405537
7883,0.008083600001555169
7884,0.009400599999935366
7885,0.007683100000576815
7886,0.010145700001885416
7887,0.010052899997390341
7888,0.008790200001385529
7889,0.009593899998435518
7890,0.007777499999065185
7891,0.009143800001766067
7892,0.008720500001800247
7893,0.009474200000113342
7894,0.008981699997093529
7895,0.009494400001130998
7896,0.009588800003257347
7897,0.007998599998245481
7898,0.009040799999638693
7899,0.007746700001007412
7900,0.008985200001916382
7901,0.00798699999722885
7902,0.008796400001301663
7903,0.009096400000998983
7904,0.009488600000622682
7905,0.00987879999956931
7906,0.009361699998407857
7907,0.008719399997062283
7908,0.007972499999596039
7909,0.009167899999738438
7910,0.008707599998160731
7911,0.008822400002827635
7912,0.009269599999242928
7913,0.007802600001014071
7914,0.009190500000840984
7915,0.009722000002511777
7916,0.009235400000761729
7917,0.007912900000519585
7918,0.010229399998934241
7919,0.010122199997567805
7920,0.008284400002594339
7921,0.00910709999880055
7922,0.00800869999875431
7923,0.010026899999502348
7924,0.009625700000469806
7925,0.009509600000455976
7926,0.009629700001823949
7927,0.00807129999884637
7928,0.009609199998521945
7929,0.007906099999672733
7930,0.009160699999483768
7931,0.007727200001681922
7932,0.010291599999618484
7933,0.01002389999848674
7934,0.00778119999813498
7935,0.00875850000011269
7936,0.009613199999876088
7937,0.009711399998195702
7938,0.008420800000749296
7939,0.00918180000007851
7940,0.008415699998295167
7941,0.00847060000160127
7942,0.008898500000213971
7943,0.008721499998500803
7944,0.009918399999151006
7945,0.009461000001465436
7946,0.009619699998438591
7947,0.008382799998798873
7948,0.008504600002197549
7949,0.009504400000878377
7950,0.009993100000428967
7951,0.010449200002767611
7952,0.009674200002336875
7953,0.008172099998773774
7954,0.008849699999700533
7955,0.0086808000014571
7956,0.009806800000660587
7957,0.010037500000180444
7958,0.00903679999828455
7959,0.008092000000033295
7960,0.01014279999799328
7961,0.009648400002333801
7962,0.008075800000369782
7963,0.009320900000602705
7964,0.0076693000009981915
7965,0.009421700000530109
7966,0.008122600000206148
7967,0.00926170000093407
7968,0.008920200001739431
7969,0.008080700001301011
7970,0.009048500000062631
7971,0.009722999999212334
7972,0.009572400002070935
7973,0.007736300001852214
7974,0.00902469999709865
7975,0.008053400000790134
7976,0.010084500001539709
7977,0.00837360000150511
7978,0.009646099999372382
7979,0.00982049999947776
7980,0.0093416999989131
7981,0.009147699998720782
7982,0.007711599999311147
7983,0.009643100001994753
7984,0.009468600001127925
7985,0.00966320000225096
7986,0.009507099999609636
7987,0.0077146000003267545
7988,0.01015959999858751
7989,0.010014999999839347
7990,0.00803999999698135
7991,0.009236699999746634
7992,0.00834229999964009
7993,0.009168600001430605
7994,0.007923400000436231
7995,0.009189899999910267
7996,0.007842799997888505
7997,0.0105440000006638
7998,0.010153700000955723
7999,0.00826259999666945
8000,0.009214699999574805
8001,0.009882000002107816
8002,0.009553700001561083
8003,0.007761299999401672
8004,0.009810100000322564
8005,0.00833260000217706
8006,0.009431700000277488
8007,0.010057499999675201
8008,0.009572400002070935
8009,0.009467199997743592
8010,0.008125799999106675
8011,0.009313599999586586
8012,0.009504500001639826
8013,0.009689099999377504
8014,0.01043299999946612
8015,0.009844099997280864
8016,0.00883100000282866
8017,0.009274100000766339
8018,0.008094500000879634
8019,0.009657499998866115
8020,0.007755700000416255
8021,0.008917700000893092
8022,0.007864200000767596
8023,0.009116199998970842
8024,0.00849480000033509
8025,0.009407899997313507
8026,0.00860389999797917
8027,0.008124299998598872
8028,0.009054199999809498
8029,0.008172100002411753
8030,0.009524200002488215
8031,0.008063000001129694
8032,0.009061400000064168
8033,0.009465999999520136
8034,0.009516500002064276
8035,0.008536599998478778
8036,0.008357700000487966
8037,0.008893000001990004
8038,0.007975599997735117
8039,0.00915750000058324
8040,0.009717299999465467
8041,0.009444100000109756
8042,0.007725100000243401
8043,0.00909479999972973
8044,0.007653500000742497
8045,0.010060099997645011
8046,0.01013280000188388
8047,0.007975599997735117
8048,0.00894229999903473
8049,0.007879799999500392
8050,0.008649199997307733
8051,0.007874200000514975
8052,0.009764000002178364
8053,0.0076730000000679865
8054,0.010455800002091564
8055,0.009974100001272745
8056,0.008150900001055561
8057,0.008876799998688512
8058,0.009168100001261337
8059,0.009549499998684041
8060,0.008020999997825129
8061,0.009323499998572515
8062,0.0085966999977245
8063,0.008594100003392668
8064,0.009190400000079535
8065,0.00885529999868595
8066,0.009424899999430636
8067,0.009604499999113614
8068,0.00951569999961066
8069,0.008547400000679772
8070,0.009708600002340972
8071,0.009853100000327686
8072,0.007943500000692438
8073,0.009496800001215888
8074,0.00838129999829107
8075,0.010394500000984408
8076,0.01001670000187005
8077,0.008372199998120777
8078,0.009406100001797313
8079,0.007785400001012022
8080,0.009778399999049725
8081,0.010279699999955483
8082,0.010090100000525126
8083,0.009567400000378257
8084,0.007775100002618274
8085,0.008844200001476565
8086,0.00787520000085351
8087,0.009839000002102694
8088,0.009544099997583544
8089,0.008454999999230495
8090,0.008206200000131503
8091,0.008062600001721876
8092,0.008909000000130618
8093,0.008041000000957865
8094,0.009008900000480935
8095,0.01039659999878495
8096,0.009199799998896196
8097,0.007845100000849925
8098,0.009088400001928676
8099,0.008867700002156198
8100,0.008201299999200273
8101,0.009071699998457916
8102,0.008234699998865835
8103,0.009475200000451878
8104,0.00911900000210153
8105,0.010664600002201041
8106,0.010378399998444365
8107,0.009818800001085037
8108,0.010588000001007458
8109,0.009677400001237402
8110,0.008590900000854162
8111,0.009283999999752268
8112,0.007961499999510124
8113,0.008788200000708457
8114,0.007799300001352094
8115,0.009035899998707464
8116,0.007956600002216874
8117,0.009928900002705632
8118,0.007920500000182074
8119,0.010409000002255198
8120,0.010782599998492515
8121,0.009165300001768628
8122,0.00922809999974561
8123,0.007762299999740208
8124,0.009134899999480695
8125,0.00851649999822257
8126,0.010008799999923212
8127,0.009771099998033606
8128,0.008258999998361105
8129,0.008902300000045216
8130,0.0082888000033563
8131,0.009258999998564832
8132,0.008222399999795016
8133,0.010584100000414765
8134,0.010009500001615379
8135,0.008098800000880146
8136,0.009352699998999014
8137,0.00980379999964498
8138,0.009189899999910267
8139,0.00864499999806867
8140,0.008525400000507943
8141,0.008725799998501316
8142,0.008019299999432405
8143,0.008806000001641223
8144,0.008092500000202563
8145,0.00884559999758494
8146,0.007904099998995662
8147,0.009389499999088002
8148,0.009607399999367772
8149,0.00887950000105775
8150,0.007753799996862654
8151,0.011239600000408245
8152,0.01115639999989071
8153,0.011281600000074832
8154,0.011010299996996764
8155,0.010126799999852665
8156,0.007707999997364823
8157,0.009924000001774402
8158,0.00998030000118888
8159,0.008428499997535255
8160,0.009906299997965107
8161,0.008161199999449309
8162,0.008944599998358171
8163,0.007812899999407819
8164,0.00938749999841093
8165,0.009215199999744073
8166,0.009156899999652524
8167,0.008092199997918215
8168,0.008295399999042274
8169,0.008435199997620657
8170,0.008206799997424241
8171,0.009231700001691934
8172,0.008148000000801403
8173,0.009444499999517575
8174,0.00869809999858262
8175,0.0104328000015812
8176,0.011133300002256874
8177,0.008147099997586338
8178,0.008887200001481688
8179,0.008130700000037905
8180,0.00985430000218912
8181,0.010245299999951385
8182,0.008367800000996795
8183,0.008838000001560431
8184,0.008196399998269044
8185,0.009027799998875707
8186,0.007803399999829708
8187,0.010042399997473694
8188,0.00833749999947031
8189,0.009233700002369005
8190,0.007727100000920473
8191,0.009126700002525467
8192,0.008895899998606183
8193,0.008771499997237697
8194,0.009451800000533694
8195,0.007935199999337783
8196,0.00896170000123675
8197,0.008343000001332257
8198,0.009474099999351893
8199,0.008035300001210999
8200,0.009170100001938408
8201,0.00893299999734154
8202,0.010302799997589318
8203,0.010150800000701565
8204,0.007823899999493733
8205,0.009845500000665197
8206,0.007820999999239575
8207,0.009082099997613113
8208,0.007855600000766572
8209,0.009209300002112286
8210,0.009491900000284659
8211,0.008275200001662597
8212,0.008885699997335905
8213,0.007794199998897966
8214,0.009048699997947551
8215,0.008112500003335299
8216,0.009163700000499375
8217,0.007748699998046504
8218,0.009811500000068918
8219,0.009831799998210045
8220,0.00831330000073649
8221,0.008564300002035452
8222,0.009751199999300297
8223,0.009321800000179792
8224,0.008017199997993885
8225,0.010087099999509519
8226,0.009988199999497738
8227,0.008181399996828986
8228,0.0090730000010808
8229,0.008273600000393344
8230,0.009379399998579174
8231,0.00864010000077542
8232,0.010545200002525235
8233,0.00989800000024843
8234,0.008098500002233777
8235,0.009244300003047101
8236,0.008184100002836203
8237,0.0086909999990894
8238,0.007853800001612399
8239,0.009541600000375183
8240,0.007789799998136004
8241,0.009275599997636164
8242,0.008510399999067886
8243,0.010249399998428999
8244,0.010025100000348175
8245,0.009506999998848187
8246,0.010043099999165861
8247,0.009771699998964323
8248,0.009790500000235625
8249,0.009681100000307197
8250,0.008097199999610893
8251,0.009265600001526764
8252,0.008775099999184022
8253,0.009274200001527788
8254,0.007831699997041142
8255,0.008830599999782862
8256,0.008059100000537
8257,0.009918899999320274
8258,0.009938099999999395
8259,0.007716000000073109
8260,0.008853399998770328
8261,0.008249599999544444
8262,0.009335599999758415
8263,0.007953199998155469
8264,0.009582400001818314
8265,0.008739900000364287
8266,0.009800100000575185
8267,0.009970099999918602
8268,0.00850200000058976
8269,0.008826699999190168
8270,0.007910799999081064
8271,0.009032699999806937
8272,0.008758700001635589
8273,0.008931899999879533
8274,0.008926300000894116
8275,0.008236199999373639
8276,0.009197300001687836
8277,0.008250999999290798
8278,0.009444899998925393
8279,0.007748499996523606
8280,0.009421099999599392
8281,0.0077223000007506926
8282,0.010187299998506205
8283,0.010397300000477117
8284,0.007973399999173125
8285,0.009352400000352645
8286,0.007884600003308151
8287,0.009347100000013597
8288,0.008634499998152023
8289,0.010455100000399398
8290,0.009977199999411823
8291,0.007839699999749428
8292,0.009130499998718733
8293,0.009737899999890942
8294,0.01054649999787216
8295,0.010376300000643823
8296,0.007948200000100769
8297,0.008418199999141507
8298,0.008389800001168624
8299,0.009217500002705492
8300,0.007828900001186412
8301,0.008900400000129594
8302,0.008137099997838959
8303,0.009964400000171736
8304,0.009652900000219233
8305,0.009849199999734992
8306,0.010413800002424978
8307,0.009744900002260692
8308,0.009279599998990307
8309,0.009463399997912347
8310,0.008798099999694386
8311,0.010571099999651778
8312,0.008350899999641115
8313,0.009077099999558413
8314,0.00852630000008503
8315,0.010252899999613874
8316,0.009863600000244332
8317,0.008022100002563093
8318,0.008955599998444086
8319,0.008043600002565654
8320,0.009005800002341857
8321,0.008412099999986822
8322,0.009071300002688076
8323,0.008034899998165201
8324,0.010559700000158045
8325,0.009805699999560602
8326,0.007997199998499127
8327,0.009111300001677591
8328,0.008089999999356223
8329,0.009200000000419095
8330,0.008273400002508424
8331,0.008997500000987202
8332,0.008496200000081444
8333,0.008927400001994101
8334,0.00935369999933755
8335,0.011053100002754945
8336,0.010421399998449488
8337,0.009713600000395672
8338,0.008225500001572073
8339,0.009146500000497326
8340,0.007971400002134033
8341,0.009345200000097975
8342,0.009680600000137929
8343,0.008883500002411893
8344,0.007946999998239335
8345,0.010994399999617599
8346,0.009949400002369657
8347,0.007716900003288174
8348,0.009200299999065464
8349,0.008235599998442922
8350,0.009846299999480834
8351,0.009611900000891183
8352,0.008468899999570567
8353,0.008909500000299886
8354,0.008106300003419165
8355,0.009002300001156982
8356,0.007825800003047334
8357,0.009633400000893744
8358,0.009783299999980954
8359,0.00951080000231741
8360,0.00862799999958952
8361,0.008477499999571592
8362,0.00946519999706652
8363,0.007917399998405017
8364,0.009045800001331372
8365,0.008226099998864811
8366,0.009204000001773238
8367,0.0077664999989792705
8368,0.00891599999886239
8369,0.0077586000006704126
8370,0.009628800002246862
8371,0.010087100003147498
8372,0.008761200002481928
8373,0.009588699998857919
8374,0.007760599997709505
8375,0.009088300001167227
8376,0.008060999996814644
8377,0.009739799999806564
8378,0.009540200000628829
8379,0.01010130000213394
8380,0.010075800000777235
8381,0.009701200000563404
8382,0.009501000000454951
8383,0.008370600000489503
8384,0.00867880000078003
8385,0.008764199999859557
8386,0.009862700000667246
8387,0.009614300000976073
8388,0.007705700001679361
8389,0.009323499998572515
8390,0.007758499999908963
8391,0.009217399998306064
8392,0.008486899998388253
8393,0.008566199998313095
8394,0.008572599999752128
8395,0.009669800001574913
8396,0.01047380000090925
8397,0.009829200000240235
8398,0.008820099999866216
8399,0.009067300001333933
8400,0.010430999998789048
8401,0.01060940000024857
8402,0.009792299999389797
8403,0.008192099998268532
8404,0.009963600001356099
8405,0.009812899999815272
8406,0.009363199998915661
8407,0.008690900001965929
8408,0.010339099997509038
8409,0.009959499999240506
8410,0.007737400002952199
8411,0.009497200000623707
8412,0.007708299999649171
8413,0.009894599999825004
8414,0.007876300001953496
8415,0.009223400000337278
8416,0.008639499999844702
8417,0.008353399996849475
8418,0.009284299998398637
8419,0.009429100002307678
8420,0.00958119999995688
8421,0.007962800002133008
8422,0.009593899998435518
8423,0.007731099998636637
8424,0.009566299999278272
8425,0.00784140000178013
8426,0.008931799999118084
8427,0.00910709999880055
8428,0.007934299999760697
8429,0.00898119999692426
8430,0.008276799999293871
8431,0.00986660000125994
8432,0.008584999999584397
8433,0.009351700002298458
8434,0.008079600000201026
8435,0.009115899996686494
8436,0.008286200001748512
8437,0.008106799999950454
8438,0.009091899999475572
8439,0.008420100002695108
8440,0.010465300001669675
8441,0.01329970000006142
8442,0.010952500000712462
8443,0.011344499998813262
8444,0.010633199999574572
8445,0.00821630000064033
8446,0.009035799997946015
8447,0.008049000000028173
8448,0.01104259999920032
8449,0.01092169999901671
8450,0.007919300001958618
8451,0.009066999999049585
8452,0.008855500000208849
8453,0.009967500001948792
8454,0.010284799998771632
8455,0.010247700000036275
8456,0.009321199999249075
8457,0.007903300000180025
8458,0.009418100002221763
8459,0.007982499999343418
8460,0.009304400002292823
8461,0.008922199998778524
8462,0.008363700002519181
8463,0.009395900000527035
8464,0.009282800001528813
8465,0.009754700000485172
8466,0.008124899999529589
8467,0.01020559999960824
8468,0.010141200000362005
8469,0.009544100001221523
8470,0.009875299998384435
8471,0.007939099999930477
8472,0.008946800000558142
8473,0.00843190000159666
8474,0.00981809999939287
8475,0.009236300000338815
8476,0.009690900002169656
8477,0.009400799997820286
8478,0.0080061000007845
8479,0.01006539999798406
8480,0.01013759999841568
8481,0.009804100001929328
8482,0.010511300002690405
8483,0.010338800002500648
8484,0.00933420000001206
8485,0.009611199999199016
8486,0.007904299996880582
8487,0.010101600000780309
8488,0.010755800001788884
8489,0.009480299999268027
8490,0.009343399997305823
8491,0.008023899998079287
8492,0.009014600000227802
8493,0.008241399998951238
8494,0.010264799999276875
8495,0.01002650000009453
8496,0.009905900002195267
8497,0.00967540000056033
8498,0.00804450000214274
8499,0.009274799998820527
8500,0.008289800000056857
8501,0.009421500002645189
8502,0.00896419999844511
8503,0.010553000000072643
8504,0.010233000000880565
8505,0.009603700000297977
8506,0.008780000000115251
8507,0.00882400000045891
8508,0.008926999998948304
8509,0.009562400002323557
8510,0.008171199999196688
8511,0.009088500002690125
8512,0.008092199997918215
8513,0.008844799998769304
8514,0.007887299998401431
8515,0.00933179999992717
8516,0.009175399998639477
8517,0.009713399998872774
8518,0.00994659999923897
8519,0.009396699999342673
8520,0.009190000000671716
8521,0.008126400000037393
8522,0.009168900000076974
8523,0.008744800001295516
8524,0.008149600002070656
8525,0.008839499998430256
8526,0.008377099999052007
8527,0.009258800000679912
8528,0.008407200002693571
8529,0.009258500002033543
8530,0.007966299999679904
8531,0.008928999999625375
8532,0.008440399997198256
8533,0.008922799999709241
8534,0.008809800001472468
8535,0.008270199999969918
8536,0.008916100003261818
8537,0.009729299999889918
8538,0.01033119999920018
8539,0.00973359999989043
8540,0.009937599999830127
8541,0.009721700000227429
8542,0.008015200000954792
8543,0.009696799999801442
8544,0.00771800000075018
8545,0.00937309999790159
8546,0.00807150000036927
8547,0.009390899998834357
8548,0.00932939999984228
8549,0.008196200000384124
8550,0.008966099998360733
8551,0.008138099998177495
8552,0.009376300000440096
8553,0.008090300001640571
8554,0.00982790000125533
8555,0.009694300002593081
8556,0.010366999998950632
8557,0.009907499999826541
8558,0.009602599999197992
8559,0.010472600002685795
8560,0.010422699997434393
8561,0.008045800001127645
8562,0.00984220000100322
8563,0.008096300000033807
8564,0.009477400002651848
8565,0.008613699999841629
8566,0.009319500000856351
8567,0.009656800000811927
8568,0.007932399999845074
8569,0.008673399999679532
8570,0.008532800002285512
8571,0.009720599999127444
8572,0.008036999999603722
8573,0.009404100001120241
8574,0.008316500003274996
8575,0.008745700000872603
8576,0.008390200000576442
8577,0.008062299999437528
8578,0.009042800000315765
8579,0.007813299998815637
8580,0.009742400001414353
8581,0.008071199998084921
8582,0.009187899999233196
8583,0.007732399997621542
8584,0.009272499999497086
8585,0.008059800002229167
8586,0.009311000001616776
8587,0.00795990000187885
8588,0.008566900000005262
8589,0.00839079999786918
8590,0.008186700000806013
8591,0.009459799999604002
8592,0.008151400001224829
8593,0.009160699999483768
8594,0.008071799999015639
8595,0.009221899999829475
8596,0.009140399997704662
8597,0.010322300000552787
8598,0.010280600003170548
8599,0.0081754999991972
8600,0.00975530000141589
8601,0.009608600001229206
8602,0.010210900003585266
8603,0.010370799998781877
8604,0.008178100000804989
8605,0.008904099999199389
8606,0.007949599999847123
8607,0.00965639999776613
8608,0.007758099996863166
8609,0.00976029999947059
8610,0.007879799999500392
8611,0.010557400000834605
8612,0.01020520000020042
8613,0.009465200000704499
8614,0.009974000000511296
8615,0.009736600000906037
8616,0.008198799998353934
8617,0.00864499999806867
8618,0.007969300000695512
8619,0.009117999998125015
8620,0.00936800000272342
8621,0.009974899996450404
8622,0.008713900002476294
8623,0.009466600000450853
8624,0.00930040000093868
8625,0.008016300002054777
8626,0.008918600000470178
8627,0.008256699999037664
8628,0.009316300001955824
8629,0.00806390000070678
8630,0.00891109999793116
8631,0.007966200002556434
8632,0.009355000001960434
8633,0.007714200000918936
8634,0.010134799998922972
8635,0.008768799998506438
8636,0.008445399998890935
8637,0.009478199997829506
8638,0.007866400002967566
8639,0.009518800001387717
8640,0.008609000000433298
8641,0.009656700000050478
8642,0.008342500001162989
8643,0.009111499999562511
8644,0.009381899999425514
8645,0.008092000000033295
8646,0.009455700001126388
8647,0.008007099997485057
8648,0.009731900001497706
8649,0.00807840000197757
8650,0.009228800001437776
8651,0.008749300002818927
8652,0.008165200000803452
8653,0.009084299999813084
8654,0.00786579999839887
8655,0.008643500001198845
8656,0.007878500000515487
8657,0.009274899999581976
8658,0.008226900001318427
8659,0.010146100001293235
8660,0.009431999998923857
8661,0.008963100000983104
8662,0.008589900000515627
8663,0.008774800000537653
8664,0.00896920000013779
8665,0.009257599998818478
8666,0.00948949999656179
8667,0.008272600000054808
8668,0.009197699997457676
8669,0.008256900000560563
8670,0.00884569999834639
8671,0.008720900001208065
8672,0.008832499999698484
8673,0.009553700001561083
8674,0.009234699999069562
8675,0.00954730000012205
8676,0.008612900001025992
8677,0.008967699999629986
8678,0.008871000001818174
8679,0.00856039999780478
8680,0.009480299999268027
8681,0.008184300000721123
8682,0.009091500000067754
8683,0.0077272999988053925
8684,0.008684600001288345
8685,0.007690700000239303
8686,0.00918190000083996
8687,0.0077292000023589935
8688,0.010373900000558933
8689,0.009709099998872261
8690,0.009681899999122834
8691,0.009710300000733696
8692,0.008015699997486081
8693,0.009789300002012169
8694,0.00938030000179424
8695,0.008378200000151992
8696,0.008578000000852626
8697,0.008141099999193102
8698,0.008387599998968653
8699,0.009750100001838291
8700,0.00976730000184034
8701,0.007887100000516511
8702,0.00992000000042026
8703,0.010610900000756374
8704,0.00872479999816278
8705,0.009517700000287732
8706,0.007729799999651732
8707,0.009391600000526523
8708,0.00985460000083549
8709,0.008904700000130106
8710,0.009227299997291993
8711,0.008554299998650094
8712,0.00934889999916777
8713,0.007778999999572989
8714,0.00900730000284966
8715,0.0077118999979575165
8716,0.010758699998405064
8717,0.008830599999782862
8718,0.008515699999406934
8719,0.00924460000169347
8720,0.008171400000719586
8721,0.009126000000833301
8722,0.010228300001472235
8723,0.011315100000501843
8724,0.011258300000918098
8725,0.008699900001374772
8726,0.009184799997456139
8727,0.007974000000103842
8728,0.010820499999681488
8729,0.010077700000692857
8730,0.00819720000072266
8731,0.009549200000037672
8732,0.00804480000078911
8733,0.01057319999745232
8734,0.010142800001631258
8735,0.008448000000498723
8736,0.010593699997116346
8737,0.009626200000639074
8738,0.009263899999496061
8739,0.0076783000004070345
8740,0.009247900001355447
8741,0.009094399996683933
8742,0.00797719999900437
8743,0.009016600000904873
8744,0.00816109999868786
8745,0.009616700001060963
8746,0.008232200001657475
8747,0.00933959999747458
8748,0.008641899999929592
8749,0.010111499999766238
8750,0.010250299998006085
8751,0.007827699999324977
8752,0.00886259999970207
8753,0.008121999999275431
8754,0.010044600003311643
8755,0.010059899999760091
8756,0.008403700001508696
8757,0.009110300001339056
8758,0.009773000001587206
8759,0.009446399999433197
8760,0.008075499998085434
8761,0.009478199997829506
8762,0.007982699997228337
8763,0.009260000002541346
8764,0.009019500001159031
8765,0.008239599999797065
8766,0.009175999999570195
8767,0.008333999998285435
8768,0.009739400000398746
8769,0.008087499998509884
8770,0.009073400000488618
8771,0.008316999999806285
8772,0.009404000000358792
8773,0.008675999997649342
8774,0.008202900000469526
8775,0.008736299998417962
8776,0.008099700000457233
8777,0.008726500000193482
8778,0.008350399999471847
8779,0.009083500000997446
8780,0.008202400000300258
8781,0.009193599998980062
8782,0.008316899999044836
8783,0.01051490000099875
8784,0.009821100000408478
8785,0.008074999997916166
8786,0.008845200001815101
8787,0.008076800000708317
8788,0.009569800000463147
8789,0.007826600001862971
8790,0.009528999999020016
8791,0.007709900000918424
8792,0.01021049999690149
8793,0.010347300001740223
8794,0.009466500003327383
8795,0.010084600002301158
8796,0.008671600000525359
8797,0.009202199998981087
8798,0.008472400000755442
8799,0.008513299999322044
8800,0.008559599998989142
8801,0.008016100000531878
8802,0.00959549999970477
8803,0.009321999998064712
8804,0.009311400001024595
8805,0.007986199998413213
8806,0.009442599999601953
8807,0.009352100001706276
8808,0.008133799998176983
8809,0.008421400001680013
8810,0.009564800002408447
8811,0.009650999996665632
8812,0.00794300000052317
8813,0.009358100000099512
8814,0.008559100002457853
8815,0.010224100002233172
8816,0.010268599999108119
8817,0.009631400000216672
8818,0.009413800002221251
8819,0.007685900000069523
8820,0.010193500002060318
8821,0.010411300001578638
8822,0.009828800000832416
8823,0.00940690000061295
8824,0.007971099999849685
8825,0.00957889999699546
8826,0.007809599999745842
8827,0.009254700002202298
8828,0.009225999998307088
8829,0.008156500000040978
8830,0.00887950000105775
8831,0.007917599999927916
8832,0.009229399998730514
8833,0.00800149999849964
8834,0.009908999996696366
8835,0.009561900002154289
8836,0.008570899997721426
8837,0.010075199999846518
8838,0.00946960000146646
8839,0.008846199998515658
8840,0.007971099999849685
8841,0.00929540000288398
8842,0.008053400000790134
8843,0.009314300001278752
8844,0.00891579999733949
8845,0.010018600001785671
8846,0.009897899999486981
8847,0.007974099997227313
8848,0.009246699999494012
8849,0.008241899999120506
8850,0.009542899999360088
8851,0.009350799999083392
8852,0.009497899998677894
8853,0.009717799999634735
8854,0.008634600002551451
8855,0.009217400001944043
8856,0.007716899999650195
8857,0.009086899997782893
8858,0.00797210000018822
8859,0.008561000002373476
8860,0.008737400003155926
8861,0.008320899996761
8862,0.009580099998856895
8863,0.00774950000050012
8864,0.008864299998094793
8865,0.008179399999789894
8866,0.009345800001028692
8867,0.008195099999284139
8868,0.00909469999896828
8869,0.007680599999730475
8870,0.00934400000187452
8871,0.009408000001712935
8872,0.007971899998665322
8873,0.00889889999962179
8874,0.008680899998580571
8875,0.00973570000132895
8876,0.009324300001026131
8877,0.010036600000603357
8878,0.00916000000142958
8879,0.009187899999233196
8880,0.00974050000149873
8881,0.00927120000051218
8882,0.009033700000145473
8883,0.008400700000493089
8884,0.008981700000731507
8885,0.009495099999185186
8886,0.00815359999978682
8887,0.009456399999180576
8888,0.009881800000584917
8889,0.008869199999026023
8890,0.007627499999216525
8891,0.00927880000017467
8892,0.008760200002143392
8893,0.008518100003129803
8894,0.008833700001559919
8895,0.008116199998767115
8896,0.009220899999490939
8897,0.008556900000257883
8898,0.009410300001036376
8899,0.007989200003066799
8900,0.009312900001532398
8901,0.008467299998301314
8902,0.009071600001334446
8903,0.00838080000175978
8904,0.008641500000521773
8905,0.009617600000638049
8906,0.007758799998555332
8907,0.009620900000300026
8908,0.00778599999830476
8909,0.009826599998632446
8910,0.009786200000235112
8911,0.008821899999020388
8912,0.009649799998442177
8913,0.009204900001350325
8914,0.009603200000128709
8915,0.007756900002277689
8916,0.009480500000790926
8917,0.008722900001885137
8918,0.008706500000698725
8919,0.008829400001559407
8920,0.00814669999817852
8921,0.008697599998413352
8922,0.008168500000465428
8923,0.009194700000080047
8924,0.008033300000533927
8925,0.009875700001430232
8926,0.007782599997881334
8927,0.009551499999361113
8928,0.009217800001351861
8929,0.009801799998967908
8930,0.009322599998995429
8931,0.007846199998311931
8932,0.009598500000720378
8933,0.008117899997159839
8934,0.009168000000499887
8935,0.00788539999848581
8936,0.008645400001114467
8937,0.008034599999518832
8938,0.008643600001960294
8939,0.009341099997982383
8940,0.007930499999929452
8941,0.009134900003118673
8942,0.00790209999831859
8943,0.009105900000577094
8944,0.008280400001240196
8945,0.010338600000977749
8946,0.010160899997572415
8947,0.008154800001648255
8948,0.008481799999572104
8949,0.00970430000234046
8950,0.00944829999934882
8951,0.007907600000180537
8952,0.009336300001450581
8953,0.008331799999723444
8954,0.009206900002027396
8955,0.008953699998528464
8956,0.008066399997915141
8957,0.009361999997054227
8958,0.008011799996893387
8959,0.009826299999986077
8960,0.007862099999329075
8961,0.009999199999583652
8962,0.008612600002379622
8963,0.009004300001834054
8964,0.008485499998641899
8965,0.009829700000409503
8966,0.009714699997857679
8967,0.007809699996869313
8968,0.009305700001277728
8969,0.007743400001345435
8970,0.008783900000707945
8971,0.008147299999109237
8972,0.009361500000522938
8973,0.009268500001780922
8974,0.008103100000880659
8975,0.009681300001830095
8976,0.00985450000007404
8977,0.009224599998560734
8978,0.008018500000616768
8979,0.009009199999127304
8980,0.00816300000224146
8981,0.010137000001122942
8982,0.009536300000036135
8983,0.009599499997420935
8984,0.010125299999344861
8985,0.007995700001629302
8986,0.008993700001155958
8987,0.008066999998845858
8988,0.008376500001759268
8989,0.008264100000815233
8990,0.008094000000710366
8991,0.008993799998279428
8992,0.009580199999618344
8993,0.009991099999751896
8994,0.007705700001679361
8995,0.008686700002726866
8996,0.007738199998129858
8997,0.009417799999937415
8998,0.008964399999968009
8999,0.008374499997444218
9000,0.009052999997948064
9001,0.009244299999409122
9002,0.009504500001639826
9003,0.007743099999061087
9004,0.008855600000970298
9005,0.00799130000086734
9006,0.009965300003386801
9007,0.009792900000320515
9008,0.008088099999440601
9009,0.008735600000363775
9010,0.007911599997896701
9011,0.009253199998056516
9012,0.007740500001091277
9013,0.00957610000114073
9014,0.009047699997609016
9015,0.009079999999812571
9016,0.007670800001505995
9017,0.009468500000366475
9018,0.008755700000619981
9019,0.008405900000070687
9020,0.009259700000256998
9021,0.008655499997985316
9022,0.009020299999974668
9023,0.008362100001249928
9024,0.009709999998449348
9025,0.007742600002529798
9026,0.010743999999249354
9027,0.010225900001387345
9028,0.008130900001560804
9029,0.00933420000001206
9030,0.008083900000201538
9031,0.009437299999262905
9032,0.00811269999758224
9033,0.008998400000564288
9034,0.009252300002117408
9035,0.00845100000151433
9036,0.009533399999781977
9037,0.008399999998800922
9038,0.009364500001538545
9039,0.007950999999593478
9040,0.009110599999985425
9041,0.008615900002041599
9042,0.010201400000369176
9043,0.01056590000007418
9044,0.0078108000016072765
9045,0.009098800001083873
9046,0.008038699997996446
9047,0.009199700001772726
9048,0.00798919999942882
9049,0.008708800000022165
9050,0.008021800000278745
9051,0.009012099999381462
9052,0.007676299999729963
9053,0.009248200000001816
9054,0.008661399999255082
9055,0.010203500001807697
9056,0.010329500000807457
9057,0.009724699997605057
9058,0.009064699999726145
9059,0.008206599999539321
9060,0.008793799999693874
9061,0.009524299999611685
9062,0.008148199998686323
9063,0.009216399997967528
9064,0.008051600001635961
9065,0.009623199999623466
9066,0.00831560000005993
9067,0.009349600000859937
9068,0.00814170000012382
9069,0.008704300002136733
9070,0.009730300000228453
9071,0.009773599998879945
9072,0.009724999999889405
9073,0.007735999999567866
9074,0.009925599999405676
9075,0.009069600000657374
9076,0.008760599997913232
9077,0.010274100000970066
9078,0.009831499999563675
9079,0.00954959999944549
9080,0.007831599999917671
9081,0.011242200002016034
9082,0.009321600002294872
9083,0.009357899998576613
9084,0.011764700000640005
9085,0.009654699999373406
9086,0.009734399998706067
9087,0.009812199998123106
9088,0.0076999999982945155
9089,0.010512299999390962
9090,0.010083899996971013
9091,0.007797500002197921
9092,0.008808000002318295
9093,0.008170000000973232
9094,0.009124700001848396
9095,0.007702499999140855
9096,0.009021699999721022
9097,0.007697600001847604
9098,0.009150900001259288
9099,0.007664200002182042
9100,0.008655999998154584
9101,0.008078399998339592
9102,0.009127699999226024
9103,0.008112100000289502
9104,0.009968400001525879
9105,0.010920899996563094
9106,0.010307900000043446
9107,0.00821419999920181
9108,0.008722599999600789
9109,0.010003700001107063
9110,0.009640399999625515
9111,0.007773599998472491
9112,0.009756700001162244
9113,0.009700799997517606
9114,0.009883099999569822
9115,0.010042300000350224
9116,0.007753199999569915
9117,0.009272799998143455
9118,0.009562100000039209
9119,0.009421700000530109
9120,0.007985399999597576
9121,0.008561100003134925
9122,0.008711900001799222
9123,0.007961900002555922
9124,0.009330500000942266
9125,0.008108000001811888
9126,0.009609600001567742
9127,0.00923289999991539
9128,0.009828599999309517
9129,0.008595400002377573
9130,0.00845860000117682
9131,0.009585499999957392
9132,0.008120599999529077
9133,0.009208299998135772
9134,0.00808839999808697
9135,0.009437199998501455
9136,0.008040900000196416
9137,0.009042699999554316
9138,0.008066200000030221
9139,0.009501900000032037
9140,0.008295899999211542
9141,0.00999009999941336
9142,0.010307399999874178
9143,0.008373699998628581
9144,0.00924010000017006
9145,0.007680300001084106
9146,0.009152099999482743
9147,0.007883800000854535
9148,0.010097700000187615
9149,0.009889900000416674
9150,0.007758699997793883
9151,0.009644599998864578
9152,0.009219800002028933
9153,0.008984300002339296
9154,0.008302999998704763
9155,0.008943200002249796
9156,0.008419499998126412
9157,0.008237599999119993
9158,0.008961200001067482
9159,0.009545699998852797
9160,0.010397300000477117
9161,0.009735199997521704
9162,0.008529899998393375
9163,0.009033099999214755
9164,0.009253700001863763
9165,0.01042790000064997
9166,0.00967559999844525
9167,0.008535000000847504
9168,0.008669999999256106
9169,0.008153099999617552
9170,0.009473300000536256
9171,0.009300399997300701
9172,0.00994889999856241
9173,0.007881800000177464
9174,0.009106199999223463
9175,0.007970099999511149
9176,0.010206599999946775
9177,0.009860699999990175
9178,0.009238900001946604
9179,0.00960299999860581
9180,0.009186100000079023
9181,0.00881179999851156
9182,0.00877059999766061
9183,0.010498899999220157
9184,0.010034800001449184
9185,0.008055799997237045
9186,0.00929800000085379
9187,0.008123499999783235
9188,0.009116499997617211
9189,0.00882859999910579
9190,0.009318099997472018
9191,0.009640200001740595
9192,0.007849300000088988
9193,0.009733900002174778
9194,0.007674799999222159
9195,0.009354300000268267
9196,0.008253100000729319
9197,0.008922799999709241
9198,0.008856099997501587
9199,0.008193599998776335
9200,0.008953700002166443
9201,0.008215999998355983
9202,0.009342500001366716
9203,0.007775100002618274
9204,0.009162100002868101
9205,0.00813170000037644
9206,0.008657599999423837
9207,0.008123100000375416
9208,0.00981369999863091
9209,0.007937200000014855
9210,0.00862770000094315
9211,0.009415500000613974
9212,0.00800349999917671
9213,0.009129800000664545
9214,0.007792299998982344
9215,0.00881890000164276
9216,0.007672300002013799
9217,0.01017629999842029
9218,0.009710700000141514
9219,0.010017900000093505
9220,0.00989589999880991
9221,0.00789489999806392
9222,0.009173999998893123
9223,0.008414300002186792
9224,0.009474099999351893
9225,0.007705899999564281
9226,0.009495400001469534
9227,0.008251600000221515
9228,0.008512699998391327
9229,0.008976699999038829
9230,0.008022300000448013
9231,0.009142700000666082
9232,0.00785389999873587
9233,0.008860400001140079
9234,0.00801339999816264
9235,0.00930270000026212
9236,0.008295899999211542
9237,0.009323600002971943
9238,0.0077492999989772215
9239,0.008979700000054436
9240,0.008699800000613322
9241,0.010046999999758555
9242,0.010323400001652772
9243,0.008738500000617933
9244,0.010511799999221694
9245,0.010446699998283293
9246,0.008239099999627797
9247,0.009347800001705764
9248,0.00777860000016517
9249,0.00973610000073677
9250,0.010030799996457063
9251,0.009805699999560602
9252,0.00948160000189091
9253,0.00887460000012652
9254,0.009193300000333693
9255,0.008296100000734441
9256,0.009392199997819262
9257,0.008794400000624591
9258,0.010033399998064851
9259,0.010265200002322672
9260,0.007938500002637738
9261,0.008883300000888994
9262,0.007676599998376332
9263,0.009564300002239179
9264,0.008450299999822164
9265,0.008871199999703094
9266,0.009337200001027668
9267,0.007933199998660712
9268,0.008970300001237774
9269,0.007873700000345707
9270,0.008841599999868777
9271,0.007946699999592965
9272,0.009159599998383783
9273,0.007762299999740208
9274,0.008837899997161003
9275,0.007925099998828955
9276,0.008938099999795668
9277,0.007679099999222672
9278,0.009678200000053039
9279,0.00915270000041346
9280,0.008457999996608123
9281,0.008581099998991704
9282,0.007983300001797033
9283,0.008778800001891796
9284,0.00806910000028438
9285,0.009908800002449425
9286,0.008605099999840604
9287,0.009543199998006457
9288,0.008527700003469363
9289,0.00993670000025304
9290,0.010284899999533081
9291,0.009685899996838998
9292,0.00937300000077812
9293,0.00825279999844497
9294,0.00942649999706191
9295,0.008447899999737274
9296,0.007984899999428308
9297,0.008692100000189384
9298,0.00808580000011716
9299,0.009303599999839207
9300,0.008513400000083493
9301,0.009971800001949305
9302,0.010034999999334104
9303,0.010099899998749606
9304,0.010020200003054924
9305,0.008337100000062492
9306,0.009685600001830608
9307,0.00781980000101612
9308,0.0089786999997159
9309,0.007696000000578351
9310,0.009159400000498863
9311,0.00959099999818136
9312,0.008209999999962747
9313,0.008503900000505382
9314,0.00838579999981448
9315,0.009336200000689132
9316,0.008760000000620494
9317,0.00901739999972051
9318,0.007983999999851221
9319,0.009018700002343394
9320,0.00794040000255336
9321,0.009043000001838664
9322,0.008972300001914846
9323,0.008080399999016663
9324,0.00838819999989937
9325,0.00822859999971115
9326,0.009253599997464335
9327,0.008044400001381291
9328,0.008680399998411303
9329,0.007765099999232916
9330,0.008928999999625375
9331,0.008742600002733525
9332,0.009025399998790817
9333,0.008016899999347515
9334,0.010651000000507338
9335,0.010156600001209881
9336,0.00781279999864637
9337,0.008881699999619741
9338,0.009674299999460345
9339,0.009821600000577746
9340,0.009988800000428455
9341,0.0093827999990026
9342,0.009974699998565484
9343,0.009103099997446407
9344,0.009602300000551622
9345,0.010137499997654231
9346,0.009219200001098216
9347,0.009652699998696335
9348,0.00795759999891743
9349,0.0093245999996725
9350,0.008102499999949941
9351,0.009824000000662636
9352,0.009644699999626027
9353,0.00840990000142483
9354,0.009378800001286436
9355,0.007842499999242136
9356,0.009204100002534688
9357,0.00893750000250293
9358,0.009899700002279133
9359,0.009251799998310162
9360,0.008307199997943826
9361,0.009260200000426266
9362,0.008167799998773262
9363,0.00940439999976661
9364,0.007738500000414206
9365,0.009069700001418823
9366,0.007732999998552259
9367,0.009522200001811143
9368,0.008619899999757763
9369,0.009372599997732323
9370,0.008431799997197231
9371,0.008589500001107808
9372,0.009421999999176478
9373,0.010842299998330418
9374,0.010064300000522053
9375,0.00923989999864716
9376,0.008012899997993372
9377,0.008941300002334174
9378,0.008015800001885509
9379,0.008744999999180436
9380,0.008164399998349836
9381,0.009117199999309378
9382,0.008285599997179816
9383,0.009231300002284115
9384,0.007755200000246987
9385,0.009345799997390714
9386,0.008148800003255019
9387,0.010108200000104262
9388,0.01013750000129221
9389,0.007819000002200482
9390,0.008841400001983857
9391,0.00773490000210586
9392,0.009527400001388742
9393,0.009796999998798128
9394,0.008926700000301935
9395,0.00925430000279448
9396,0.008338599996932317
9397,0.009281599999667378
9398,0.007765599999402184
9399,0.008650300002045697
9400,0.007963799998833565
9401,0.009160999998130137
9402,0.008062799999606796
9403,0.009502199998678407
9404,0.007727500000328291
9405,0.009674799999629613
9406,0.009624399997846922
9407,0.009339799998997478
9408,0.009536900000966853
9409,0.007904900001449278
9410,0.0095882999994501
9411,0.008045200000196928
9412,0.010438199999043718
9413,0.010362199998780852
9414,0.009706600001663901
9415,0.010093500000948552
9416,0.008762000001297565
9417,0.008729100001801271
9418,0.008234199998696567
9419,0.00856969999949797
9420,0.008574100000259932
9421,0.009708399997180095
9422,0.009570099999109516
9423,0.007916099999420112
9424,0.008956100002251333
9425,0.0076546999989659525
9426,0.00938010000027134
9427,0.007629899999301415
9428,0.009543600001052255
9429,0.008532500000001164
9430,0.008721800000785151
9431,0.009052700002939673
9432,0.007903900001110742
9433,0.009072199998627184
9434,0.007834899999579648
9435,0.01006260000212933
9436,0.009023499998875195
9437,0.009011199999804376
9438,0.008963599997514393
9439,0.008049100000789622
9440,0.00944780000281753
9441,0.007705099997110665
9442,0.008660200001031626
9443,0.007963500000187196
9444,0.009252799998648698
9445,0.008055400001467206
9446,0.009463300000788877
9447,0.00968020000073011
9448,0.009214199999405537
9449,0.008899599997675978
9450,0.008030899996811058
9451,0.008969700000307057
9452,0.00792139999975916
9453,0.009142699997028103
9454,0.00775939999948605
9455,0.009638100000302074
9456,0.009702999999717576
9457,0.010542800002440345
9458,0.009758199998032069
9459,0.008379099999729078
9460,0.009063500001502689
9461,0.007953800002724165
9462,0.008913699999538949
9463,0.00795519999883254
9464,0.009606999999959953
9465,0.007958499998494517
9466,0.008839899997838074
9467,0.008260700000391807
9468,0.010048899999674177
9469,0.010009099998569582
9470,0.008564100000512553
9471,0.01034570000047097
9472,0.010268699999869568
9473,0.008109899998089531
9474,0.00938010000027134
9475,0.009678300000814488
9476,0.01003829999899608
9477,0.010807699996803422
9478,0.007896799997979542
9479,0.009494100002484629
9480,0.007866599997214507
9481,0.009812099997361656
9482,0.008312199999636505
9483,0.009152200000244193
9484,0.007740900000499096
9485,0.009166200001345715
9486,0.009024099999805912
9487,0.008568799999920884
9488,0.009284200001275167
9489,0.009240800001862226
9490,0.009795599999051774
9491,0.007728500000666827
9492,0.009998000001360197
9493,0.010157700002309866
9494,0.007983799998328323
9495,0.009181400000670692
9496,0.007988499997736653
9497,0.008958000002166955
9498,0.008474500002193963
9499,0.009168099997623358
9500,0.0077068999999028165
9501,0.009158599998045247
9502,0.007708100001764251
9503,0.009100300001591677
9504,0.008427499997196719
9505,0.009950499999831663
9506,0.009454000002733665
9507,0.007968300000356976
9508,0.00932680000187247
9509,0.008423600000242004
9510,0.008889099997759331
9511,0.007753999998385552
9512,0.009235800000169547
9513,0.00798650000069756
9514,0.009092899999814108
9515,0.008166399999026908
9516,0.008481900000333553
9517,0.01046189999760827
9518,0.008554200001526624
9519,0.009094299999560462
9520,0.008416199998464435
9521,0.009589599998435006
9522,0.008675400000356603
9523,0.009572300001309486
9524,0.009867000000667758
9525,0.009163200000330107
9526,0.009572300001309486
9527,0.008065100002568215
9528,0.009940699997969205
9529,0.010036700001364807
9530,0.008043999998335494
9531,0.009214899997459725
9532,0.00810309999724268
9533,0.00879259999783244
9534,0.008292800001072465
9535,0.008988099998532562
9536,0.008258699999714736
9537,0.009062600001925603
9538,0.007966799999849172
9539,0.008655999998154584
9540,0.009170199999061879
9541,0.008120200000121258
9542,0.009962199997971766
9543,0.009532500000204891
9544,0.010192500001721783
9545,0.010313899998436682
9546,0.007851900001696777
9547,0.009138999997958308
9548,0.007831399998394772
9549,0.008959899998444598
9550,0.0082457999997132
9551,0.010028100001363782
9552,0.00928820000262931
9553,0.008767999999690801
9554,0.009009500001411652
9555,0.008115900000120746
9556,0.008831899998767767
9557,0.008118600002489984
9558,0.008786100002907915
9559,0.008077599999523954
9560,0.00937829999747919
9561,0.007760600001347484
9562,0.009020399997098139
9563,0.007950799998070579
9564,0.009146600001258776
9565,0.008424200001172721
9566,0.00867640000069514
9567,0.008585999999922933
9568,0.008589799999754177
9569,0.009517099999357015
9570,0.008196000002499204
9571,0.00958360000004177
9572,0.008297499996842816
9573,0.009936799997376511
9574,0.008657900001708185
9575,0.00959330000114278
9576,0.009630999997170875
9577,0.009201900000334717
9578,0.009096199999476084
9579,0.007729100001597544
9580,0.009086199999728706
9581,0.008118199999444187
9582,0.008671799998410279
9583,0.01028549999682582
9584,0.009468699998251395
9585,0.010590599998977268
9586,0.010226400001556613
9587,0.010131700000783894
9588,0.010149199999432312
9589,0.007922700002382044
9590,0.009253799998987233
9591,0.00800359999993816
9592,0.009006399999634596
9593,0.007821399998647394
9594,0.011132399999041809
9595,0.010159199999179691
9596,0.010216200000286335
9597,0.010867700002563652
9598,0.011171600002853666
9599,0.010268999998515937
9600,0.010884399998758454
9601,0.010864899999432964
9602,0.010705000000598375
9603,0.009107600002607796
9604,0.010118700000020908
9605,0.00999729999966803
9606,0.01110770000013872
9607,0.01080780000120285
9608,0.008706200002052356
9609,0.009915699996781768
9610,0.008589799999754177
9611,0.009190299999318086
9612,0.009883200000331271
9613,0.008787999999185558
9614,0.010545199998887256
9615,0.010579000001598615
9616,0.010831699997652322
9617,0.010576099997706478
9618,0.009188299998641014
9619,0.010873899998841807
9620,0.011249499999394175
9621,0.01068410000152653
9622,0.00930040000093868
9623,0.010694700002204627
9624,0.008339300002262462
9625,0.010654300000169314
9626,0.01129390000278363
9627,0.009972100000595674
9628,0.010924399997747969
9629,0.010690999999496853
9630,0.009835799999564188
9631,0.009306800002377713
9632,0.007714100000157487
9633,0.00917469999694731
9634,0.007697200002439786
9635,0.009836299999733455
9636,0.009631400000216672
9637,0.010088800001540221
9638,0.009797099999559578
9639,0.007707800003117882
9640,0.00979419999930542
9641,0.009862499999144347
9642,0.009265900000173133
9643,0.010566599998128368
9644,0.008645699999760836
9645,0.00950610000290908
9646,0.008672900003148243
9647,0.010061499997391365
9648,0.010168299999349983
9649,0.008107099998596823
9650,0.00926679999975022
9651,0.0077713999999105
9652,0.010272499999700813
9653,0.010121200000867248
9654,0.008041599998250604
9655,0.009414799998921808
9656,0.009977400000934722
9657,0.00938029999815626
9658,0.008196199996746145
9659,0.008588799999415642
9660,0.008366800000658259
9661,0.00820699999894714
9662,0.008454999999230495
9663,0.007884899998316541
9664,0.009261200000764802
9665,0.007844799998565577
9666,0.009127000001171837
9667,0.008115900000120746
9668,0.009993800002121134
9669,0.00938039999891771
9670,0.00905849999981001
9671,0.009352600001875544
9672,0.008208200000808574
9673,0.009614200000214623
9674,0.00870770000256016
9675,0.009497600000031525
9676,0.007944199998746626
9677,0.009422700000868645
9678,0.00942159999976866
9679,0.008061000000452623
9680,0.009193300000333693
9681,0.007995500000106404
9682,0.009221899999829475
9683,0.009604899998521432
9684,0.008725600000616396
9685,0.008075899997493252
9686,0.009245400000509107
9687,0.007749999997031409
9688,0.008805699999356875
9689,0.010100699997565243
9690,0.009560400001646485
9691,0.009536400000797585
9692,0.00842949999787379
9693,0.009214999998221174
9694,0.007510700001148507
9695,0.009010699999635108
9696,0.009214099998644087
9697,0.007953500000439817
9698,0.009475799997744616
9699,0.007821399998647394
9700,0.009656900001573376
9701,0.009645899997849483
9702,0.009154099996521836
9703,0.008069900002737995
9704,0.008973099997092504
9705,0.009202500001265435
9706,0.00793369999882998
9707,0.008853200000885408
9708,0.008016699997824617
9709,0.008902400000806665
9710,0.00828180000098655
9711,0.009142599999904633
9712,0.008128299999953015
9713,0.009687499998108251
9714,0.008340399999724468
9715,0.008786599999439204
9716,0.008582499998738058
9717,0.008332199999131262
9718,0.00858910000169999
9719,0.008430400001088856
9720,0.009142200000496814
9721,0.007736499999737134
9722,0.008997599998110672
9723,0.008014399998501176
9724,0.009040699998877244
9725,0.008529699996870477
9726,0.00897400000030757
9727,0.008545900000171969
9728,0.009229499999491964
9729,0.008433499999227934
9730,0.009940299998561386
9731,0.0096464999987802
9732,0.007696500000747619
9733,0.009060500000487082
9734,0.008401399998547276
9735,0.009021399997436674
9736,0.008289700002933387
9737,0.008731100002478343
9738,0.008482099998218473
9739,0.009601899997505825
9740,0.009501700002147118
9741,0.008832100000290666
9742,0.009229200000845594
9743,0.008175700000720099
9744,0.009255900000425754
9745,0.008528300000762101
9746,0.008278299999801675
9747,0.00904919999811682
9748,0.008062200002314057
9749,0.008798399998340756
9750,0.008708599998499267
9751,0.010662400000001071
9752,0.010168200002226513
9753,0.008706699998583645
9754,0.008956099998613354
9755,0.007966300003317883
9756,0.008938200000557117
9757,0.007853800001612399
9758,0.010589699999400182
9759,0.00993699999889941
9760,0.0096395999971719
9761,0.009191900000587339
9762,0.00976000000082422
9763,0.010156500000448432
9764,0.010104299999511568
9765,0.008079999999608845
9766,0.008466900002531474
9767,0.007940900002722628
9768,0.009547800000291318
9769,0.009782799999811687
9770,0.009567000000970438
9771,0.008303199996589683
9772,0.009205099999235244
9773,0.008912400000554044
9774,0.009767999999894528
9775,0.010466599997016601
9776,0.009436399999685818
9777,0.008827500001643784
9778,0.00904120000268449
9779,0.008062900000368245
9780,0.00907290000031935
9781,0.008748500000365311
9782,0.009491700002399739
9783,0.007814500000677072
9784,0.009041000001161592
9785,0.008031299999856856
9786,0.009652500000811415
9787,0.007720800000242889
9788,0.010197399999015033
9789,0.0099272999977984
9790,0.008057099999859929
9791,0.009206999999150867
9792,0.007829700000002049
9793,0.009129500002018176
9794,0.008012800000869902
9795,0.009009199999127304
9796,0.008240999999543419
9797,0.009142200000496814
9798,0.008066399997915141
9799,0.008661199997732183
9800,0.008498899998812703
9801,0.009367000002384884
9802,0.00943830000323942
9803,0.008573200000682846
9804,0.010078399998747045
9805,0.008186799997929484
9806,0.009439299999939976
9807,0.00997780000034254
9808,0.009860699999990175
9809,0.009391099996719277
9810,0.007740599998214748
9811,0.009708000001410255
9812,0.009667199999967124
9813,0.008430999998381594
9814,0.008553100000426639
9815,0.008033599999180296
9816,0.009195599999657134
9817,0.007765899998048553
9818,0.009271900002204347
9819,0.009650799998780712
9820,0.009168500000669155
9821,0.007677900000999216
9822,0.010014800001954427
9823,0.009775099999387749
9824,0.007884899998316541
9825,0.009420400001545204
9826,0.008207599999877857
9827,0.008962399999290938
9828,0.007700199999817414
9829,0.009953400000085821
9830,0.009730099998705555
9831,0.010167700002057245
9832,0.009467700001550838
9833,0.007750099997792859
9834,0.009901000001264038
9835,0.007773299999826122
9836,0.008978399997431552
9837,0.008514400000422029
9838,0.009157300002698321
9839,0.009215199999744073
9840,0.007987000000866828
9841,0.008508799997798633
9842,0.009236999998393003
9843,0.010133700001460966
9844,0.00944069999968633
9845,0.009684200002084253
9846,0.010015200001362246
9847,0.007788899998558918
9848,0.008620100001280662
9849,0.009050100001331884
9850,0.010023499999078922
9851,0.008311900000990136
9852,0.008868100001564017
9853,0.008127600001898827
9854,0.008752699999604374
9855,0.009205099999235244
9856,0.008043400001042755
9857,0.009063199999218341
9858,0.007939800001622643
9859,0.009138699999311939
9860,0.008346999999048421
9861,0.00984940000125789
9862,0.009713399998872774
9863,0.010749400000349851
9864,0.010900299999775598
9865,0.009818199996516341
9866,0.010398200000054203
9867,0.010155699997994816
9868,0.009636400001909351
9869,0.009390200000780169
9870,0.008801100000709994
9871,0.008402600000408711
9872,0.00939730000027339
9873,0.008184300000721123
9874,0.00953769999978249
9875,0.009238099999492988
9876,0.009040100001584506
9877,0.008109099999273894
9878,0.008763099998759571
9879,0.009226699999999255
9880,0.008473400001093978
9881,0.008928700000979006
9882,0.008273700001154793
9883,0.008627299997897353
9884,0.0078365000008489
9885,0.009470299999520648
9886,0.008024899998417823
9887,0.010230699997919146
9888,0.010447900000144728
9889,0.00792649999857531
9890,0.00861810000060359
9891,0.008253500000137137
9892,0.009265200002118945
9893,0.00782930000059423
9894,0.009238099999492988
9895,0.008097100002487423
9896,0.009534799999528332
9897,0.00770120000015595
9898,0.009072599998035002
9899,0.008050899999943795
9900,0.009218600000167498
9901,0.009013499999127816
9902,0.008112200001050951
9903,0.009124799998971866
9904,0.008898399999452522
9905,0.009129699999903096
9906,0.008641700002044672
9907,0.010156799999094801
9908,0.010058100000605918
9909,0.0079989999976533
9910,0.00879460000214749
9911,0.009763899997778935
9912,0.010608700002194382
9913,0.010010000001784647
9914,0.007972900002641836
9915,0.008994099996925797
9916,0.009231100000761217
9917,0.009752699999808101
9918,0.007982000002812129
9919,0.00919419999991078
9920,0.007944199998746626
9921,0.010149199999432312
9922,0.009972600000764942
9923,0.008179699998436263
9924,0.008998799999972107
9925,0.008151099998940481
9926,0.01194739999846206
9927,0.01133500000287313
9928,0.00993910000033793
9929,0.010755300001619617
9930,0.010472300000401447
9931,0.008111699997243704
9932,0.009064300000318326
9933,0.008065399997576606
9934,0.009566900000208989
9935,0.00774230000024545
9936,0.010073000001284527
9937,0.010262100000545615
9938,0.008049100000789622
9939,0.009095900000829715
9940,0.008236199999373639
9941,0.00936809999984689
9942,0.00803480000104173
9943,0.010097300000779796
9944,0.009281700000428827
9945,0.010740300000179559
9946,0.009758300002431497
9947,0.007747799998469418
9948,0.009197799998219125
9949,0.007964100001117913
9950,0.009296100000938168
9951,0.007693399998970563
9952,0.00882600000113598
9953,0.00801810000120895
9954,0.00900040000124136
9955,0.009210299998812843
9956,0.00821889999861014
9957,0.00911160000032396
9958,0.008080899999185931
9959,0.010543100001086714
9960,0.009059100000740727
9961,0.008932100001402432
9962,0.008340599997609388
9963,0.008747099996980978
9964,0.008998799999972107
9965,0.008135199997923337
9966,0.009569899997586617
9967,0.009724400002596667
9968,0.009173099999316037
9969,0.007717399999819463
9970,0.009344900001451606
9971,0.00846550000278512
9972,0.008338199997524498
9973,0.009823200001846999
9974,0.010333000001992332
9975,0.009453000002395129
9976,0.008045300000958377
9977,0.00890380000055302
9978,0.008294799998111557
9979,0.008585800002038013
9980,0.008553899999242276
9981,0.009652200002165046
9982,0.00990059999821824
9983,0.009382100000948412
9984,0.008941899999626912
9985,0.009323999998741783
9986,0.008117899997159839
9987,0.008660400002554525
9988,0.009764700000232551
9989,0.009379499999340624
9990,0.00823110000055749
9991,0.010370500000135507
9992,0.011133700001664693
9993,0.010135699998500058
9994,0.010480999997525942
9995,0.010146500000701053
9996,0.008039200001803692
9997,0.008711599999514874
9998,0.008179700002074242
9999,0.00957629999902565
10000,0.009519800001726253
10001,0.00924730000042473
10002,0.008302399997774046
10003,0.010263299998769071
10004,0.009910500000842148
10005,0.009850800001004245
10006,0.010243400000035763
10007,0.010072500001115259
10008,0.007987099997990299
10009,0.008617200001026504
10010,0.007879600001615472
10011,0.009197600000334205
10012,0.009522600001218962
10013,0.009471900000789901
10014,0.007751400000415742
10015,0.009396099998411955
10016,0.008757999999943422
10017,0.008145099996909266
10018,0.008733399998163804
10019,0.008031699999264674
10020,0.009962599997379584
10021,0.00948670000070706
10022,0.009502699998847675
10023,0.007716000000073109
10024,0.00922799999898416
10025,0.00807859999986249
10026,0.009739100001752377
10027,0.010417900000902591
10028,0.008236699999542907
10029,0.010073900000861613
10030,0.009449299999687355
10031,0.0097749999986263
10032,0.010052300000097603
10033,0.008062300003075507
10034,0.009753599999385187
10035,0.009295100000599632
10036,0.009947599999577506
10037,0.00958840000021155
10038,0.009797099999559578
10039,0.009771900000487221
10040,0.007967000001372071
10041,0.009140499998466112
10042,0.00824050000301213
10043,0.010014600000431528
10044,0.01001679999899352
10045,0.008081200001470279
10046,0.00983750000159489
10047,0.009861900001851609
10048,0.008531700001185527
10049,0.00846090000050026
10050,0.008333699999639066
10051,0.008878900000127032
10052,0.00784650000059628
10053,0.008931000000302447
10054,0.009275899999920512
10055,0.009781299999303883
10056,0.007776800001010997
10057,0.00878039999952307
10058,0.00805190000028233
10059,0.009002499999041902
10060,0.008107499998004641
10061,0.00974589999896125
10062,0.00955919999978505
10063,0.007944199998746626
10064,0.009422700000868645
10065,0.0077342000004136935
10066,0.009109700000408338
10067,0.008294200000818819
10068,0.009371500000270316
10069,0.008687400000781054
10070,0.008397699999477481
10071,0.008518700000422541
10072,0.009301699999923585
10073,0.009336099999927683
10074,0.00775699999940116
10075,0.008894400001736358
10076,0.007765700000163633
10077,0.008979100002761697
10078,0.007907399998657638
10079,0.009161999998468673
10080,0.007695799999055453
10081,0.009420599999430124
10082,0.007789200000843266
10083,0.008597199997893767
10084,0.009183699999994133
10085,0.008697500001289882
10086,0.010039499997219536
10087,0.009307100001024082
10088,0.009219600000506034
10089,0.007912900000519585
10090,0.010191000001213979
10091,0.009906899998895824
10092,0.007882099998823833
10093,0.009162199999991572
10094,0.008179899999959162
10095,0.00940219999756664
10096,0.008573499999329215
10097,0.009149100002105115
10098,0.008769899999606423
10099,0.00998519999848213
10100,0.009781500000826782
10101,0.008110899998428067
10102,0.009417000001121778
10103,0.007999000001291279
10104,0.00890100000106031
10105,0.007889699998486321
10106,0.009799499999644468
10107,0.009654999998019775
10108,0.009503900000709109
10109,0.009666900001320755
10110,0.008062799999606796
10111,0.010459899996931199
10112,0.010066999999253312
10113,0.00860139999713283
10114,0.009164099999907194
10115,0.007812800002284348
10116,0.00930760000119335
10117,0.008228200000303332
10118,0.00906810000014957
10119,0.008390099999814993
10120,0.008908100000553532
10121,0.008829000002151588
10122,0.008153300001140451
10123,0.008875199997419259
10124,0.008002099999430357
10125,0.008829700000205776
10126,0.007721499998297077
10127,0.00916750000033062
10128,0.008218500002840301
10129,0.009134399999311427
10130,0.008276399999886053
10131,0.009308100001362618
10132,0.008511199997883523
10133,0.009446000000025379
10134,0.009650699998019263
10135,0.008344400001078611
10136,0.009425500000361353
10137,0.007927500002551824
10138,0.009025899998960085
10139,0.008172599998943042
10140,0.010418800000479678
10141,0.010587400000076741
10142,0.007856599997467129
10143,0.008928200000809738
10144,0.008275399999547517
10145,0.010257399997499306
10146,0.009697500001493609
10147,0.008539800001017284
10148,0.008659800001623807
10149,0.0097165999977733
10150,0.009671699997852556
10151,0.00852879999729339
10152,0.008860699999786448
10153,0.007727200001681922
10154,0.009354300000268267
10155,0.00875340000129654
10156,0.009722200000396697
10157,0.009817300000577234
10158,0.008472200002870522
10159,0.008961299998190952
10160,0.008479600001010112
10161,0.009358700001030229
10162,0.008460699998977361
10163,0.010104799999680836
10164,0.00973869999870658
10165,0.008580199999414617
10166,0.010266500001307577
10167,0.0098690999984683
10168,0.008162900001480011
10169,0.008707900000445079
10170,0.00795520000247052
10171,0.008829400001559407
10172,0.008007499996892875
10173,0.008762199999182485
10174,0.00802800000019488
10175,0.009477700001298217
10176,0.008641399999760324
10177,0.009250099999917438
10178,0.008041799999773502
10179,0.008735900002648123
10180,0.009328100000857376
10181,0.009389799997734372
10182,0.009551400002237642
10183,0.007837099998141639
10184,0.009035899998707464
10185,0.00831100000141305
10186,0.009579100002156338
10187,0.007690599999477854
10188,0.009534500000881962
10189,0.00840309999694
10190,0.008774899997661123
10191,0.00996830000076443
10192,0.009556499997415813
10193,0.00950370000282419
10194,0.007754199999908451
10195,0.01013769999917713
10196,0.010378000002674526
10197,0.009880000001430744
10198,0.010957499998767162
10199,0.010690600000089034
10200,0.008429600002273219
10201,0.009461300000111805
10202,0.00925229999847943
10203,0.010525599998800317
10204,0.011001999999280088
10205,0.00857470000119065
10206,0.009216700000251876
10207,0.008099100003164494
10208,0.01008680000086315
10209,0.010213199999270728
10210,0.008307699998113094
10211,0.009355700000014622
10212,0.009323499998572515
10213,0.01037019999785116
10214,0.010142899998754729
10215,0.008162400001310743
10216,0.0087850999989314
10217,0.008169299999281066
10218,0.008885300001566065
10219,0.00814399999944726
10220,0.00947489999816753
10221,0.007762899997032946
10222,0.009037299998453818
10223,0.007979199999681441
10224,0.009011900001496542
10225,0.007682800001930445
10226,0.009077400001842761
10227,0.008737600001040846
10228,0.008421799997449853
10229,0.009908599997288547
10230,0.007925099998828955
10231,0.009106500001507811
10232,0.007738100001006387
10233,0.009518700000626268
10234,0.009193300000333693
10235,0.008758199997828342
10236,0.00831829999879119
10237,0.008614999998826534
10238,0.008998699999210658
10239,0.008614899998065084
10240,0.009446800002478994
10241,0.008104600001388462
10242,0.009736600000906037
10243,0.009345899998152163
10244,0.009198299998388393
10245,0.00897610000174609
10246,0.008035899998503737
10247,0.009019199998874683
10248,0.009446000000025379
10249,0.010286599997925805
10250,0.009534400000120513
10251,0.00901720000183559
10252,0.009487299997999799
10253,0.008121000002574874
10254,0.010016800002631499
10255,0.011371700002200669
10256,0.00969700000132434
10257,0.010900199999014148
10258,0.009031300000060583
10259,0.012747499997203704
10260,0.011193000002094777
10261,0.008057799997914117
10262,0.013315599997440586
10263,0.010997199999110308
10264,0.008059899999352638
10265,0.010279199999786215
10266,0.009968899998057168
10267,0.00807629999690107
10268,0.009691200000816025
10269,0.009256899997126311
10270,0.009222000000590924
10271,0.008368099999643164
10272,0.009009999997942941
10273,0.00980370000252151
10274,0.007901399996626424
10275,0.010409899998194305
10276,0.008104800002911361
10277,0.0106433000000834
10278,0.009566700002324069
10279,0.00888209999902756
10280,0.010772900001029484
10281,0.009854800002358388
10282,0.009627800001908327
10283,0.010233900000457652
10284,0.00788260000263108
10285,0.01003389999823412
10286,0.008055099999182858
10287,0.009879199998977128
10288,0.009387600002810359
10289,0.008348900002602022
10290,0.010492499997781124
10291,0.009636099999625003
10292,0.009888900000078138
10293,0.008379300001251977
10294,0.00823339999988093
10295,0.010037600000941893
10296,0.008692700001120102
10297,0.010058900003059534
10298,0.00773049999770592
10299,0.00970200000301702
10300,0.008590699999331264
10301,0.00840299999981653
10302,0.00987650000024587
10303,0.008095900000625988
10304,0.009572099999786587
10305,0.007898100000602426
10306,0.010156599997571902
10307,0.008410700000240467
10308,0.010724899999331683
10309,0.012180700003227685
10310,0.01088040000104229
10311,0.009773599998879945
10312,0.010063000001537148
10313,0.008176299998012837
10314,0.01002629999857163
10315,0.01043059999938123
10316,0.008406499997363426
10317,0.010090399999171495
10318,0.00819690000207629
10319,0.010111999999935506
10320,0.009800199997698655
10321,0.008126299999275943
10322,0.010011200000008103
10323,0.00845599999956903
10324,0.010741500002040993
10325,0.010869200003071455
10326,0.008451500001683598
10327,0.009751300000061747
10328,0.008036799998080824
10329,0.010847199999261647
10330,0.009756700001162244
10331,0.0101327999982459
10332,0.010547499998210697
10333,0.007734300001175143
10334,0.009899199998471886
10335,0.008312000001751585
10336,0.010526499998377403
10337,0.01048839999930351
10338,0.0077391999984683935
10339,0.009929800002282718
10340,0.008067300001130207
10341,0.010956600002828054
10342,0.01094319999901927
10343,0.009709900001325877
10344,0.010230200001387857
10345,0.010147900000447407
10346,0.008837500001391163
10347,0.010162999999010935
10348,0.008849600002577063
10349,0.010285500000463799
10350,0.010959700000967132
10351,0.008648199996969197
10352,0.01045709999743849
10353,0.009945099998731166
10354,0.008264500000223052
10355,0.010034700000687735
10356,0.008012700000108453
10357,0.01083699999799137
10358,0.011136500001157401
10359,0.008203399997000815
10360,0.010532500000408618
10361,0.009622600002330728
10362,0.010881500002142275
10363,0.011264499997196253
10364,0.009566000000631902
10365,0.009897799998725532
10366,0.009711299997434253
10367,0.009398000001965556
10368,0.010796400001709117
10369,0.008503799999743933
10370,0.008936399997764966
10371,0.009893900001770817
10372,0.009913699999742676
10373,0.009785399997781496
10374,0.008074599998508347
10375,0.01053200000023935
10376,0.010745799998403527
10377,0.009696900000562891
10378,0.011090300002251752
10379,0.010632200002874015
10380,0.00961029999962193
10381,0.011001599999872269
10382,0.010463500002515502
10383,0.007945099998323712
10384,0.009627300001739059
10385,0.009643099998356774
10386,0.009839100002864143
10387,0.009955699999409262
10388,0.007924599998659687
10389,0.009388600003148895
10390,0.008150999998179032
10391,0.010952099997666664
10392,0.009879900000669295
10393,0.008785699999862118
10394,0.009180299999570707
10395,0.009647700000641635
10396,0.010461200003192062
10397,0.010917399999016197
10398,0.009813900000153808
10399,0.009695799999462906
10400,0.008662399999593617
10401,0.00927419999788981
10402,0.008196099999622675
10403,0.008997000000817934
10404,0.00928840000051423
10405,0.009493699999438832
10406,0.010794199999509146
10407,0.010578900000837166
10408,0.009879600002022926
10409,0.010200299999269191
10410,0.010213199999270728
10411,0.009446600000956096
10412,0.009789499999897089
10413,0.008031699999264674
10414,0.010276400000293506
10415,0.009984899999835761
10416,0.008361100000911392
10417,0.008745999999518972
10418,0.009110599999985425
10419,0.009516999998595566
10420,0.00771810000151163
10421,0.010325200000806944
10422,0.010034400002041366
10423,0.008778999999776715
10424,0.009086699999897974
10425,0.008097399997495813
10426,0.009138000001257751
10427,0.008357800001249416
10428,0.009316800002125092
10429,0.0077378999994834885
10430,0.008616300001449417
10431,0.008075400000961963
10432,0.009884600000077626
10433,0.008746100000280421
10434,0.008015100000193343
10435,0.008650499999930616
10436,0.007954699998663273
10437,0.009060399999725632
10438,0.008164200000464916
10439,0.009991699997044634
10440,0.008428999997704523
10441,0.009090499999729218
10442,0.008443700000498211
10443,0.010474999999132706
10444,0.010316199997760123
10445,0.0095593000005465
10446,0.009270899998227833
10447,0.007669099999475293
10448,0.009212699998897733
10449,0.008711500002391404
10450,0.009597399999620393
10451,0.009796199999982491
10452,0.009672300002421252
10453,0.00952040000265697
10454,0.007681799997953931
10455,0.009345899998152163
10456,0.008537499998055864
10457,0.00981809999939287
10458,0.009795599999051774
10459,0.008663299999170704
10460,0.00873919999867212
10461,0.008005699997738702
10462,0.009234099998138845
10463,0.010137299999769311
10464,0.009494300000369549
10465,0.009840599999733968
10466,0.008504000001266832
10467,0.010198899999522837
10468,0.01002649999645655
10469,0.009888100001262501
10470,0.009567000000970438
10471,0.007867899999837391
10472,0.00887709999733488
10473,0.007935400000860682
10474,0.009823899999901187
10475,0.009465500002988847
10476,0.009173800001008203
10477,0.009808200000406941
10478,0.009760900000401307
10479,0.009447699998418102
10480,0.008580199999414617
10481,0.008891100002074381
10482,0.009793300003366312
10483,0.00977240000065649
10484,0.009551200000714744
10485,0.007736399998975685
10486,0.00941439999951399
10487,0.008570299996790709
10488,0.008451900001091417
10489,0.008960499999375315
10490,0.008040400000027148
10491,0.0088261999990209
10492,0.007736100000329316
10493,0.00931989999662619
10494,0.009519899998849723
10495,0.010355799997341819
10496,0.010262600000714883
10497,0.008035599999857368
10498,0.008639600000606151
10499,0.008488299998134607
10500,0.00913330000184942
10501,0.008009400000446476
10502,0.00901720000183559
10503,0.008046700000704732
10504,0.009047400002600625
10505,0.010379899998952169
10506,0.008119900001474889
10507,0.009012900001835078
10508,0.007949999999254942
10509,0.010466200001246762
10510,0.009259800001018448
10511,0.010266999997838866
10512,0.009105499997531297
10513,0.008318599997437559
10514,0.009780100001080427
10515,0.008705699998245109
10516,0.009990700000344077
10517,0.00918910000109463
10518,0.008504099998390302
10519,0.008392499999899883
10520,0.008742799996980466
10521,0.009720999998535262
10522,0.00782210000033956
10523,0.010168199998588534
10524,0.009511500000371598
10525,0.010090600000694394
10526,0.00987380000151461
10527,0.00834229999964009
10528,0.00905599999896367
10529,0.008282900002086535
10530,0.009541499999613734
10531,0.007707799999479903
10532,0.008914100002584746
10533,0.008426699998381082
10534,0.00846359999923152
10535,0.008205999998608604
10536,0.008359799998288509
10537,0.009037300002091797
10538,0.007942399999592453
10539,0.008874099999957252
10540,0.009140900001511909
10541,0.00994649999847752
10542,0.009258899997803383
10543,0.009894999999232823
10544,0.009570400001393864
10545,0.009219600000506034
10546,0.009894399998302106
10547,0.009345999998913612
10548,0.0097046999981103
10549,0.009445399999094661
10550,0.007796699999744305
10551,0.009243000000424217
10552,0.007862699996621814
10553,0.009052099998370977
10554,0.008052600001974497
10555,0.008886499999789521
10556,0.008345199999894248
10557,0.008920599997509271
10558,0.008073400000284892
10559,0.00852149999991525
10560,0.00830359999963548
10561,0.008687599998665974
10562,0.009848599998804275
10563,0.009594499999366235
10564,0.009587699998519383
10565,0.00790200000119512
10566,0.010359899999457411
10567,0.009793000001081964
10568,0.008143399998516543
10569,0.009357400002045324
10570,0.008629200001450954
10571,0.01000459999704617
10572,0.00855289999890374
10573,0.008473699999740347
10574,0.008578599998145364
10575,0.008122199997160351
10576,0.008812000000034459
10577,0.007944400000269525
10578,0.009206499998981599
10579,0.007835500000510365
10580,0.009262199997465359
10581,0.008639600000606151
10582,0.009448900000279536
10583,0.008384799999475945
10584,0.009067200000572484
10585,0.008184099999198224
10586,0.008394500000576954
10587,0.008938399998442037
10588,0.007903199999418575
10589,0.009228200000507059
10590,0.009180699998978525
10591,0.00966839999819058
10592,0.00809819999994943
10593,0.009002099999634083
10594,0.007703900002525188
10595,0.00995630000033998
10596,0.009814199998800177
10597,0.00958810000156518
10598,0.009173599999485305
10599,0.008122800001729047
10600,0.009477600000536768
10601,0.008021100002224557
10602,0.009107600002607796
10603,0.008774500001891283
10604,0.009689099999377504
10605,0.009721600003103958
10606,0.007820100003300468
10607,0.009221899999829475
10608,0.008408499998040497
10609,0.01024899999902118
10610,0.009517999998934101
10611,0.008047900002566166
10612,0.008965500001067994
10613,0.008224100001825718
10614,0.009118400001170812
10615,0.0078002000009291805
10616,0.009335599999758415
10617,0.008912299999792594
10618,0.010619900000165217
10619,0.010201000000961358
10620,0.008214500001486158
10621,0.009799600000405917
10622,0.00776409999889438
10623,0.010162000002310378
10624,0.0077998999986448325
10625,0.008863499999279156
10626,0.008178800002497155
10627,0.008202900000469526
10628,0.010439799996674992
10629,0.007823100000678096
10630,0.008860599999024998
10631,0.007742900001176167
10632,0.009099200000491692
10633,0.008067100003245287
10634,0.009296500000345986
10635,0.00798420000137412
10636,0.00923270000203047
10637,0.00847779999821796
10638,0.00936599999840837
10639,0.009787399998458568
10640,0.009549499998684041
10641,0.009471299999859184
10642,0.008130599999276455
10643,0.009017899999889778
10644,0.010038199998234631
10645,0.007970900001964765
10646,0.00901490000251215
10647,0.007832300001609838
10648,0.009476499999436783
10649,0.007922599997982616
10650,0.009220200001436751
10651,0.007763999998132931
10652,0.008830799997667782
10653,0.00814630000240868
10654,0.009319699998741271
10655,0.008056099999521393
10656,0.010107300000527175
10657,0.010324799997761147
10658,0.010213800000201445
10659,0.01055869999981951
10660,0.010247999998682644
10661,0.007908600000519073
10662,0.009407499997905688
10663,0.009809899998799665
10664,0.010280900001816917
10665,0.00945299999875715
10666,0.008071700001892168
10667,0.009449400000448804
10668,0.009715899999719113
10669,0.009190600001602434
10670,0.008232500000303844
10671,0.008918300001823809
10672,0.008549499998480314
10673,0.008437799999228446
10674,0.009357499999168795
10675,0.009553600000799634
10676,0.009613700000045355
10677,0.007745200000499608
10678,0.010413999996671919
10679,0.010203599998931168
10680,0.008139400000800379
10681,0.009243599997716956
10682,0.007959599999594502
10683,0.009426000000530621
10684,0.008515900000929832
10685,0.009095999997953186
10686,0.00792350000119768
10687,0.010523200002353406
10688,0.010288999998010695
10689,0.009598999997251667
10690,0.009454099999857135
10691,0.007833200001186924
10692,0.008940799998526927
10693,0.008896999999706168
10694,0.008178700001735706
10695,0.008819800001219846
10696,0.00803490000180318
10697,0.008957400001236238
10698,0.007798900001944276
10699,0.009053099998709513
10700,0.007920899999589892
10701,0.009166300002107164
10702,0.008475800001178868
10703,0.00925930000084918
10704,0.007905800001026364
10705,0.008438100001512794
10706,0.008930199997848831
10707,0.00803739999901154
10708,0.008680399998411303
10709,0.008140599999023834
10710,0.008629700001620222
10711,0.00811969999995199
10712,0.00972389999878942
10713,0.007707500000833534
10714,0.008914499998354586
10715,0.007757700001093326
10716,0.009016399999381974
10717,0.00845389999813051
10718,0.009110700000746874
10719,0.009309600001870422
10720,0.009381100000609877
10721,0.010334300000977237
10722,0.009553800002322532
10723,0.009144300001935335
10724,0.008166200001141988
10725,0.009042599998792866
10726,0.009070299998711562
10727,0.009661699998105178
10728,0.009469499997067032
10729,0.00821170000199345
10730,0.009064800000487594
10731,0.007677400000829948
10732,0.010347699997510063
10733,0.010104699998919386
10734,0.008691700000781566
10735,0.009653399996750522
10736,0.007895800001278985
10737,0.010209899999608751
10738,0.010555500000918983
10739,0.009830099999817321
10740,0.0097819000002346
10741,0.007787900001858361
10742,0.009204199999658158
10743,0.007733499998721527
10744,0.009220100000675302
10745,0.009317799998825649
10746,0.007990099999005906
10747,0.008307899999635993
10748,0.009773899997526314
10749,0.009735699997690972
10750,0.007858799999667099
10751,0.009630100001231767
10752,0.009358200000860961
10753,0.009950899999239482
10754,0.009854900003119837
10755,0.008264300002338132
10756,0.009264300002541859
10757,0.008010599998669932
10758,0.008952899999712827
10759,0.007760699998470955
10760,0.009386800000356743
10761,0.008841699996992247
10762,0.008729199998924742
10763,0.009497499999270076
10764,0.009805999998206971
10765,0.0094840000019758
10766,0.007692999999562744
10767,0.00880189999952563
10768,0.007745500002783956
10769,0.009082100001251092
10770,0.008282499999040738
10771,0.008249200000136625
10772,0.008689499998581596
10773,0.00812709999809158
10774,0.009978300000511808
10775,0.009555199998430908
10776,0.009308000000601169
10777,0.007673600000998704
10778,0.009008000000903849
10779,0.008023899998079287
10780,0.00976019999870914
10781,0.00966089999928954
10782,0.009293499999330379
10783,0.00919870000143419
10784,0.007734799997706432
10785,0.00955220000105328
10786,0.00796249999984866
10787,0.009459100001549814
10788,0.007893800000601914
10789,0.008484800000587711
10790,0.009477600000536768
10791,0.0081876000003831
10792,0.009377299997140653
10793,0.009326399998826673
10794,0.010308000000804896
10795,0.010167299999011448
10796,0.008120999998936895
10797,0.009098099999391707
10798,0.007840499998565065
10799,0.008637200000521261
10800,0.007953100001031999
10801,0.009751199999300297
10802,0.008307699998113094
10803,0.009028000000398606
10804,0.007718499997281469
10805,0.008848800000123447
10806,0.00860580000153277
10807,0.00928360000034445
10808,0.009642999997595325
10809,0.008608000000094762
10810,0.009736899999552406
10811,0.008025900002394337
10812,0.01039140000284533
10813,0.009689599999546772
10814,0.009156000000075437
10815,0.009744999999384163
10816,0.007724500002950663
10817,0.009529099999781465
10818,0.008422899998549838
10819,0.00915270000041346
10820,0.007768299998133443
10821,0.009174300001177471
10822,0.008776499998930376
10823,0.00973589999921387
10824,0.009680099999968661
10825,0.00830389999828185
10826,0.009082299999136012
10827,0.007686000000830973
10828,0.008941299998696195
10829,0.00772069999948144
10830,0.00949150000087684
10831,0.008343400000740075
10832,0.009173100002954016
10833,0.009570500002155313
10834,0.007871199999499368
10835,0.00881640000079642
10836,0.007720600002357969
10837,0.008986500000901287
10838,0.008476900002278853
10839,0.009960499999579042
10840,0.009740299999975832
10841,0.008316700001159916
10842,0.008609699998487486
10843,0.008271599999716273
10844,0.00870490000306745
10845,0.007986100001289742
10846,0.009446500000194646
10847,0.007788700000673998
10848,0.008626599999843165
10849,0.008131000002322253
10850,0.009244699998816941
10851,0.00796009999976377
10852,0.009086400001251604
10853,0.008026800001971424
10854,0.008864600000379141
10855,0.008723200000531506
10856,0.009183499998471234
10857,0.010625299997627735
10858,0.00966080000216607
10859,0.008817500001896406
10860,0.008138200002576923
10861,0.009530600000289269
10862,0.01048350000201026
10863,0.008219799998187227
10864,0.009259800001018448
10865,0.00835229999938747
10866,0.009557900000800146
10867,0.00851890000194544
10868,0.008514400000422029
10869,0.008712099999684142
10870,0.008013099999516271
10871,0.009256699999241391
10872,0.008059699997829739
10873,0.00865969999722438
10874,0.007941899999423185
10875,0.009282600000005914
10876,0.007783299999573501
10877,0.008738100001210114
10878,0.0077399999972840305
10879,0.009092199998121941
10880,0.00823600000148872
10881,0.009590100002242252
10882,0.008853399998770328
10883,0.008159400000295136
10884,0.009026700001413701
10885,0.008524799999577226
10886,0.009396299999934854
10887,0.00773990000016056
10888,0.009381300002132775
10889,0.008185400001821108
10890,0.00993910000033793
10891,0.00792379999984405
10892,0.008762599998590304
10893,0.00890849999996135
10894,0.008749799999350216
10895,0.010371699998358963
10896,0.008171299999958137
10897,0.009381099996971898
10898,0.008460000000923174
10899,0.009170199999061879
10900,0.00877559999935329
10901,0.008571099999244325
10902,0.008447600001090905
10903,0.00815130000046338
10904,0.009053000001586042
10905,0.008084400000370806
10906,0.008742899997741915
10907,0.007709899997280445
10908,0.009160600002360297
10909,0.008070799998677103
10910,0.009887200001685414
10911,0.009241499999916414
10912,0.008692899999005022
10913,0.008554399999411544
10914,0.008411200000409735
10915,0.009057600000232924
10916,0.007820800001354655
10917,0.009016699998028344
10918,0.007677300000068499
10919,0.010043800000858027
10920,0.009573100000125123
10921,0.00926900000195019
10922,0.00908279999930528
10923,0.009282999999413732
10924,0.009785700000065845
10925,0.007925499998236774
10926,0.00905149999744026
10927,0.008195099999284139
10928,0.010223700002825353
10929,0.00900289999844972
10930,0.008031000001210487
10931,0.008931600001233164
10932,0.007995599997229874
10933,0.00887920000241138
10934,0.008301900001242757
10935,0.009197699997457676
10936,0.008077899998170324
10937,0.009491900000284659
10938,0.009575600000971463
10939,0.008572800001275027
10940,0.010442899998452049
10941,0.008400899998378009
10942,0.009331400000519352
10943,0.0077208999973663595
10944,0.009002300001156982
10945,0.008310500001243781
10946,0.009846599998127203
10947,0.009162800000922289
10948,0.008294899998873007
10949,0.008449400000245078
10950,0.00779550000152085
10951,0.009066800001164665
10952,0.008035799997742288
10953,0.009294600000430364
10954,0.007820499999070307
10955,0.010100899999088142
10956,0.009678800000983756
10957,0.01774199999999837
10958,0.009008199998788768
10959,0.009506600003078347
10960,0.007771099997626152
10961,0.00963449999835575
10962,0.009649000003264518
10963,0.010120499999175081
10964,0.009204900001350325
10965,0.00828160000310163
10966,0.00944549999985611
10967,0.008060200001636986
10968,0.009096499998122454
10969,0.007730000001174631
10970,0.009744400002091425
10971,0.010093699998833472
10972,0.008423300001595635
10973,0.009527599999273662
10974,0.00776679999762564
10975,0.009171899997454602
10976,0.008236300000135088
10977,0.009799999999813735
10978,0.00825059999988298
10979,0.011604999999690335
10980,0.010739999997895211
10981,0.008346799997525522
10982,0.010353800000302726
10983,0.009778100000403356
10984,0.008034599999518832
10985,0.008869599998433841
10986,0.008150800000294112
10987,0.00921569999991334
10988,0.00853859999915585
10989,0.009613999998691725
10990,0.00805920000129845
10991,0.01024640000105137
10992,0.010149100002308842
10993,0.008172300000296673
10994,0.009207400002196664
10995,0.008067299997492228
10996,0.009727499997097766
10997,0.009150800000497838
10998,0.010311399997590343
10999,0.01011099999959697
11000,0.007801600000675535
11001,0.009034099999553291
11002,0.007728700002189726
11003,0.009074800000234973
11004,0.00773750000007567
11005,0.009943099998054095
11006,0.009875400002783863
11007,0.009908600000926526
11008,0.009894199996779207
11009,0.009555199998430908
11010,0.010274500000377884
11011,0.008207899998524226
11012,0.009929099996952573
11013,0.009379200000694254
11014,0.00845359999948414
11015,0.009967300000425894
11016,0.00982049999947776
11017,0.0085966999977245
11018,0.008767799998167902
11019,0.008127200002491008
11020,0.009412100000190549
11021,0.00844409999990603
11022,0.00922549999813782
11023,0.007722500002273591
11024,0.009193699999741511
11025,0.007808900001691654
11026,0.010298500001226785
11027,0.010032300000602845
11028,0.00918670000100974
11029,0.009517999998934101
11030,0.007934699999168515
11031,0.009420099999260856
11032,0.008409400001255563
11033,0.010210700002062367
11034,0.009832699997787131
11035,0.009392100000695791
11036,0.010209100000793114
11037,0.009854299998551141
11038,0.00828900000124122
11039,0.009210000000166474
11040,0.009459599998081103
11041,0.009906299997965107
11042,0.009438900000532158
11043,0.010524499997700332
11044,0.010549700000410667
11045,0.009925400001520757
11046,0.010084700003062608
11047,0.009713899999042042
11048,0.008200100000976818
11049,0.009444699997402495
11050,0.007970599999680417
11051,0.010042999998404412
11052,0.00861119999899529
11053,0.010028000000602333
11054,0.010061100001621526
11055,0.009950400002708193
11056,0.010314999999536667
11057,0.009534799999528332
11058,0.008272499999293359
11059,0.008786999998847023
11060,0.008285100000648526
11061,0.009808099999645492
11062,0.007833600000594743
11063,0.009351500000775559
11064,0.007770399999571964
11065,0.009209499999997206
11066,0.007717899999988731
11067,0.010300699999788776
11068,0.00984969999990426
11069,0.008578000000852626
11070,0.009282600000005914
11071,0.007810700000845827
11072,0.009722300001158146
11073,0.009356499998830259
11074,0.00895709999895189
11075,0.008393300002353499
11076,0.01036010000098031
11077,0.01026350000029197
11078,0.007953899999847636
11079,0.009089200000744313
11080,0.008031900000787573
11081,0.009165900002699345
11082,0.007692700000916375
11083,0.009020199999213219
11084,0.009194999998726416
11085,0.009736499996506609
11086,0.010301400001480943
11087,0.009966800000256626
11088,0.010658700000931276
11089,0.010170600002311403
11090,0.008822100000543287
11091,0.00938769999993383
11092,0.00796980000086478
11093,0.009174099999654572
11094,0.00784899999780464
11095,0.010317299998860108
11096,0.01020990000324673
11097,0.007809499998984393
11098,0.009420399997907225
11099,0.008337900002516108
11100,0.01036259999818867
11101,0.009657700000389013
11102,0.007978699999512173
11103,0.009004299998196075
11104,0.009377300000778632
11105,0.009694699998362921
11106,0.008242200001404854
11107,0.009256899997126311
11108,0.007948599999508588
11109,0.009344499998405809
11110,0.00907050000023446
11111,0.008687400000781054
11112,0.010044999999081483
11113,0.00914790000024368
11114,0.009418099998583784
11115,0.007887100000516511
11116,0.010124599997652695
11117,0.009654100002080668
11118,0.007758499999908963
11119,0.008946500001911772
11120,0.008195300000807038
11121,0.00982050000311574
11122,0.008897399999113986
11123,0.00931000000127824
11124,0.008355300000403076
11125,0.008399400001508184
11126,0.008657999998831656
11127,0.00798199999917415
11128,0.008810199997242307
11129,0.00798909999866737
11130,0.00972879999972065
11131,0.0077149000026111025
11132,0.009014699997351272
11133,0.007729000000836095
11134,0.00952550000147312
11135,0.007707100001425715
11136,0.00887920000241138
11137,0.007727500000328291
11138,0.009127900000748923
11139,0.008500899999489775
11140,0.00828439999895636
11141,0.009179099997709272
11142,0.008766500002820976
11143,0.009973600001103478
11144,0.007746800001768861
11145,0.009287599998060614
11146,0.009275999997043982
11147,0.008686500001203967
11148,0.008604899998317705
11149,0.008383000000321772
11150,0.009047400002600625
11151,0.009921600001689512
11152,0.011069200001657009
11153,0.012184800001705298
11154,0.009937700000591576
11155,0.011012999999366002
11156,0.011538800001289928
11157,0.009773200003110105
11158,0.009531800002150703
11159,0.010563899999397108
11160,0.009651800002757227
11161,0.010839700000360608
11162,0.011227200000575976
11163,0.010402599997178186
11164,0.011599299999943469
11165,0.010791400000016438
11166,0.00781500000084634
11167,0.010448199998791097
11168,0.0123319000012998
11169,0.009938300001522293
11170,0.01341849999880651
11171,0.01057089999812888
11172,0.010605499999655876
11173,0.009216299997206079
11174,0.010162599999603117
11175,0.011694200002239086
11176,0.011945300000661518
11177,0.010712100000091596
11178,0.010480699998879572
11179,0.00960050000139745
11180,0.010397999998531304
11181,0.008444700000836747
11182,0.010140700000192737
11183,0.009598700002243277
11184,0.010212499997578561
11185,0.010664299999916693
11186,0.009611299999960465
11187,0.009197200000926387
11188,0.009821499999816297
11189,0.009676500001660315
11190,0.009755099999892991
11191,0.009417900000698864
11192,0.009289400000852766
11193,0.011598299999604933
11194,0.011342099998728372
11195,0.009394000000611413
11196,0.010191500001383247
11197,0.0087028999987524
11198,0.010050099997897632
11199,0.00978410000243457
11200,0.01051059999736026
11201,0.009511699998256518
11202,0.008243700001912657
11203,0.010271499999362277
11204,0.010087899998325156
11205,0.009548300000460586
11206,0.01029259999995702
11207,0.009784000001673121
11208,0.00974349999887636
11209,0.009935599999153055
11210,0.008191699998860713
11211,0.01207079999949201
11212,0.011072099998273188
11213,0.008613099998910911
11214,0.009254799999325769
11215,0.00839780000023893
11216,0.01029480000215699
11217,0.010379899998952169
11218,0.010402299998531817
11219,0.01036039999962668
11220,0.010231500000372762
11221,0.008268300000054296
11222,0.009848599998804275
11223,0.010467000000062399
11224,0.010079900002892828
11225,0.009842799998295959
11226,0.009353299999929732
11227,0.010325300001568394
11228,0.010399899998446926
11229,0.00902700000006007
11230,0.009836400000494905
11231,0.008824199998343829
11232,0.010389800001576077
11233,0.010384900000644848
11234,0.011019999998097774
11235,0.01094349999766564
11236,0.01020060000155354
11237,0.00818269999945187
11238,0.00966839999819058
11239,0.009403300002304604
11240,0.010978000002069166
11241,0.010745899999164976
11242,0.009347499999421416
11243,0.011474200000520796
11244,0.011379999999917345
11245,0.00909749999846099
11246,0.011817899998277426
11247,0.011397199999919394
11248,0.008274899999378249
11249,0.010138000001461478
11250,0.010406699999293778
11251,0.011336999999912223
11252,0.009870500001852633
11253,0.008131300000968622
11254,0.011810099997092038
11255,0.012055500003043562
11256,0.011650399999780348
11257,0.00881899999876623
11258,0.009987099998397753
11259,0.009177800002362346
11260,0.010374599998613121
11261,0.01021279999986291
11262,0.008904100002837367
11263,0.010349800002586562
11264,0.010106599998835009
11265,0.009495700000115903
11266,0.010559899998042965
11267,0.00933910000094329
11268,0.011414699998567812
11269,0.01114640000014333
11270,0.009305600000516279
11271,0.010555699998803902
11272,0.010269000002153916
11273,0.009007200002088211
11274,0.010022599999501836
11275,0.008781500000623055
11276,0.00945079999655718
11277,0.00950639999791747
11278,0.009763200003362726
11279,0.010556799999903888
11280,0.009814500001084525
11281,0.009500599997409154
11282,0.009671900003013434
11283,0.008454099999653408
11284,0.009545699998852797
11285,0.008493000001180917
11286,0.010167099997488549
11287,0.010014300001785159
11288,0.010472199999639997
11289,0.010709800000768155
11290,0.010683399999834364
11291,0.009279800000513205
11292,0.009910599997965619
11293,0.008462599998892983
11294,0.009417000001121778
11295,0.010228200000710785
11296,0.009381099996971898
11297,0.012134599997807527
11298,0.011627399999269983
11299,0.009196099999826401
11300,0.010528000002523186
11301,0.010516599999391474
11302,0.009366199999931268
11303,0.009954699999070726
11304,0.009035200000653276
11305,0.009464300001127413
11306,0.010114600001543295
11307,0.008817900001304224
11308,0.010107099999004276
11309,0.008695200001966441
11310,0.011372500001016306
11311,0.011770299999625422
11312,0.012289300000702497
11313,0.01134480000109761
11314,0.01029470000139554
11315,0.00953769999978249
11316,0.018307599999388913
11317,0.008952899999712827
11318,0.009874899998976616
11319,0.009665199999290053
11320,0.009840800001256866
11321,0.009806599999137688
11322,0.010076099999423604
11323,0.00971170000048005
11324,0.008675799999764422
11325,0.010104699998919386
11326,0.010409400001663016
11327,0.010589399997115834
11328,0.011381600001186598
11329,0.009701700000732671
11330,0.009620100001484388
11331,0.010008799999923212
11332,0.009027799998875707
11333,0.009603900001820875
11334,0.009688099999038968
11335,0.00936809999984689
11336,0.009722699996927986
11337,0.008401900002354523
11338,0.010293999999703374
11339,0.01064599999881466
11340,0.010087999999086605
11341,0.009507299997494556
11342,0.010272200001054443
11343,0.009345299997221446
11344,0.009992999999667518
11345,0.009133200001087971
11346,0.011169100002007326
11347,0.010653500001353677
11348,0.010547099998802878
11349,0.008186600000044564
11350,0.009344800000690157
11351,0.008045100003073458
11352,0.009552400002576178
11353,0.00921100000050501
11354,0.009694500000478001
11355,0.008658299997478025
11356,0.008278099998278776
11357,0.009312300000601681
11358,0.009003600000141887
11359,0.009719900001073256
11360,0.008179600001312792
11361,0.010107400001288624
11362,0.010064500002044952
11363,0.0093124999984866
11364,0.010807599999679951
11365,0.00836160000108066
11366,0.011986800000158837
11367,0.011188100001163548
11368,0.008766999999352265
11369,0.009314099999755854
11370,0.009210500000335742
11371,0.009617700001399498
11372,0.009800700001505902
11373,0.009037799998623086
11374,0.01067019999754848
11375,0.00902680000217515
11376,0.010409700000309385
11377,0.010450699999637436
11378,0.008817300000373507
11379,0.01000219999696128
11380,0.009970399998564972
11381,0.00940210000044317
11382,0.010188899999775458
11383,0.008299299999634968
11384,0.009901100002025487
11385,0.0103385000002163
11386,0.009137500001088483
11387,0.009959900002286304
11388,0.009008999997604406
11389,0.008924300000217045
11390,0.009704000000056112
11391,0.010246199999528471
11392,0.010045399998489302
11393,0.009544299999106443
11394,0.010381399999459973
11395,0.009923500001605134
11396,0.008449600001767976
11397,0.010395199999038596
11398,0.010004899999330519
11399,0.008757499999774154
11400,0.009776000002602814
11401,0.008059600000706268
11402,0.01047399999879417
11403,0.010224599998764461
11404,0.009354300000268267
11405,0.010341799999878276
11406,0.009450800000195159
11407,0.009042000001500128
11408,0.009296799998992356
11409,0.011489300002722302
11410,0.011461500002042158
11411,0.011010700000042561
11412,0.009626099999877624
11413,0.009963700002117548
11414,0.010102699998242315
11415,0.008599799999501556
11416,0.010071199998492375
11417,0.00919390000126441
11418,0.00999740000042948
11419,0.00945089999731863
11420,0.008495199999742908
11421,0.009967199999664444
11422,0.01128679999965243
11423,0.011361500000930391
11424,0.00996609999856446
11425,0.008232700001826743
11426,0.009729499997774838
11427,0.008719099998415913
11428,0.008624199999758275
11429,0.009590099998604273
11430,0.009410400001797825
11431,0.010341299999709008
11432,0.009432899998500943
11433,0.009079899999051122
11434,0.01013510000120732
11435,0.011095100002421532
11436,0.009726500000397209
11437,0.009294299998146016
11438,0.01077409999925294
11439,0.009968700000172248
11440,0.008525900000677211
11441,0.009935599999153055
11442,0.010715200001868652
11443,0.00926919999983511
11444,0.01021970000147121
11445,0.010163700000703102
11446,0.008800399999017827
11447,0.010286500000802334
11448,0.00984020000032615
11449,0.010716199998569209
11450,0.010983000000123866
11451,0.012045600000419654
11452,0.008687699999427423
11453,0.009175099999993108
11454,0.00905140000031679
11455,0.009838800000579795
11456,0.009963199998310301
11457,0.009079099996597506
11458,0.010542199997871649
11459,0.012376399998174747
11460,0.008420599999226397
11461,0.010141499999008374
11462,0.011900299999979325
11463,0.008468500000162749
11464,0.00944770000205608
11465,0.011910299999726703
11466,0.009469599997828482
11467,0.009702800001832657
11468,0.008339100000739563
11469,0.01053939999837894
11470,0.013835200003086356
11471,0.011123399999632966
11472,0.011839700000564335
11473,0.010930100001132814
11474,0.009814000000915257
11475,0.01123860000006971
11476,0.011021500002243556
11477,0.008261500002845423
11478,0.009776599999895552
11479,0.008509099996445002
11480,0.009187899999233196
11481,0.009097900001506787
11482,0.008891099998436403
11483,0.010263000000122702
11484,0.009074499997950625
11485,0.009258300000510644
11486,0.00842689999990398
11487,0.008606900002632756
11488,0.009161900001345202
11489,0.008497800001350697
11490,0.009254900000087218
11491,0.00793350000094506
11492,0.011596299998927861
11493,0.011034400002245093
11494,0.009451899997657165
11495,0.010632400000758935
11496,0.009819499999139225
11497,0.008534099997632438
11498,0.009217800001351861
11499,0.008525599998392863
11500,0.010169599998334888
11501,0.009351799999421928
11502,0.00959780000266619
11503,0.009926300001097843
11504,0.009492300003330456
11505,0.010912699999607867
11506,0.010017099997639889
11507,0.008113699997920776
11508,0.00926919999983511
11509,0.008648700000776444
11510,0.009857599998213118
11511,0.0094117999979062
11512,0.010469200002262369
11513,0.010538800001086202
11514,0.010087799997563707
11515,0.010642599998391233
11516,0.01010609999866574
11517,0.008713600000191946
11518,0.010332300000300165
11519,0.009413300002051983
11520,0.008996499997010687
11521,0.009708100002171705
11522,0.0081054000002041
11523,0.009399800001119729
11524,0.007955500001116889
11525,0.008961100000306033
11526,0.008321000001160428
11527,0.00946720000138157
11528,0.008186999999452382
11529,0.00984940000125789
11530,0.009902499998133862
11531,0.008686299999681069
11532,0.009514199999102857
11533,0.009126500001002569
11534,0.010758599997643614
11535,0.009238999999070074
11536,0.008372599997528596
11537,0.009916499999235384
11538,0.009376300000440096
11539,0.00989569999728701
11540,0.010586700002022553
11541,0.008231699997850228
11542,0.009311900001193862
11543,0.008599700002378086
11544,0.010372199998528231
11545,0.009559899997839238
11546,0.009342800000013085
11547,0.00980129999879864
11548,0.009294200001022546
11549,0.009227499998814892
11550,0.009271700000681449
11551,0.011353600002621533
11552,0.01082949999909033
11553,0.009874999999738066
11554,0.00803520000044955
11555,0.009174800001346739
11556,0.00807630000053905
11557,0.009674400000221794
11558,0.008986100001493469
11559,0.009490799999184674
11560,0.007947499998408603
11561,0.011950600001000566
11562,0.010110300001542782
11563,0.008002000002306886
11564,0.009994399999413872
11565,0.01040379999903962
11566,0.008022500001970911
11567,0.009865600000921404
11568,0.011972500000410946
11569,0.009752900001331
11570,0.010635300001013093
11571,0.010361799999373034
11572,0.010782500001369044
11573,0.010579999998299172
11574,0.010128499998245388
11575,0.010398499998700572
11576,0.00999500000034459
11577,0.009294100000261096
11578,0.01010639999731211
11579,0.00948430000062217
11580,0.011230400003114482
11581,0.012635900002351264
11582,0.011688800001138588
11583,0.009056400002009468
11584,0.010237500002403976
11585,0.011027500000636792
11586,0.010833200001798104
11587,0.009809900002437644
11588,0.008183199999621138
11589,0.008745600000111153
11590,0.009260300001187716
11591,0.008829499998682877
11592,0.009492000001046108
11593,0.009534700002404861
11594,0.010504800000489922
11595,0.010783900001115398
11596,0.009501500000624219
11597,0.01066250000076252
11598,0.010520300002099248
11599,0.008334300000569783
11600,0.009457099997234764
11601,0.009191700002702419
11602,0.010569300000497606
11603,0.010078400002385024
11604,0.008189500000298722
11605,0.00977680000141845
11606,0.008834000000206288
11607,0.010559599999396596
11608,0.010144399999262532
11609,0.008663900000101421
11610,0.009754400001838803
11611,0.009938399998645764
11612,0.010279999998601852
11613,0.010596500000247033
11614,0.00999249999949825
11615,0.009464300001127413
11616,0.008004300001630327
11617,0.011115500001324108
11618,0.011279499998636311
11619,0.008320199998706812
11620,0.011226099999475991
11621,0.011483799997222377
11622,0.009059699998033466
11623,0.011193199999979697
11624,0.01139100000000326
11625,0.008092600000964012
11626,0.009393700001965044
11627,0.008182199999282602
11628,0.009455999999772757
11629,0.008710400001291418
11630,0.011282899999059737
11631,0.011166100000991719
11632,0.009759199998370605
11633,0.00915549999990617
11634,0.01030479999826639
11635,0.009937200000422308
11636,0.011252200001763413
11637,0.011750400000892114
11638,0.00931750000017928
11639,0.009922900000674417
11640,0.009886300002108328
11641,0.008447000000160187
11642,0.009627600000385428
11643,0.009380700001202058
11644,0.010528700000577373
11645,0.010179799999605166
11646,0.008811699997750111
11647,0.009652099997765617
11648,0.008653199998661876
11649,0.00985479999872041
11650,0.008884599999873899
11651,0.010364399997342844
11652,0.010759999997389968
11653,0.009207999999489402
11654,0.011764399998355657
11655,0.01092649999918649
11656,0.009311899997555884
11657,0.009903499998472398
11658,0.010625799997797003
11659,0.00932230000034906
11660,0.009222199998475844
11661,0.007913600002211751
11662,0.012323700000706594
11663,0.010970400002406677
11664,0.00954239999919082
11665,0.008618899999419227
11666,0.009435600000870181
11667,0.010636399998475099
11668,0.011720600003172876
11669,0.010421900002256734
11670,0.00835229999938747
11671,0.010384999997768318
11672,0.011061100001825253
11673,0.009964200002286816
11674,0.010766300001705531
11675,0.010317500000383006
11676,0.008088700000371318
11677,0.009069900002941722
11678,0.008164499999111285
11679,0.009190100001433166
11680,0.008097000001725974
11681,0.00960280000072089
11682,0.009328099997219397
11683,0.010443099999974947
11684,0.009707699999125907
11685,0.008140899997670203
11686,0.01026830000046175
11687,0.011118299997178838
11688,0.011215400001674425
11689,0.009416299999429611
11690,0.008249399998021545
11691,0.010880000001634471
11692,0.011063100002502324
11693,0.008095199998933822
11694,0.010728200002631638
11695,0.011600599998928374
11696,0.010577200002444442
11697,0.009657999999035383
11698,0.008609500000602566
11699,0.010417600002256222
11700,0.010176900002988987
11701,0.00814170000012382
11702,0.009309999997640261
11703,0.00823629999649711
11704,0.010058500000013737
11705,0.009870800000499003
11706,0.008849100002407795
11707,0.010285899999871617
11708,0.009022200003528269
11709,0.01059230000100797
11710,0.009959200000594137
11711,0.008261999999376712
11712,0.00931259999924805
11713,0.008807599999272497
11714,0.010447600001498358
11715,0.010658299997885479
11716,0.009141500002442626
11717,0.010071000000607455
11718,0.007943600001453888
11719,0.01046660000065458
11720,0.00996110000050976
11721,0.008194100002583582
11722,0.009511700001894496
11723,0.009139900001173373
11724,0.009857600001851097
11725,0.008239399998274166
11726,0.012067300001945114
11727,0.012285799999517621
11728,0.011284100000921171
11729,0.009221899999829475
11730,0.009570599999278784
11731,0.009415500000613974
11732,0.011608100001467392
11733,0.010624600003211526
11734,0.008670200000779005
11735,0.010768100000859704
11736,0.010699799997382797
11737,0.008566599997720914
11738,0.010621399997035041
11739,0.011299500001769047
11740,0.008415500000410248
11741,0.009558300000207964
11742,0.0093708999993396
11743,0.01162549999935436
11744,0.010613900001771981
11745,0.008133700001053512
11746,0.009729399997013388
11747,0.00904150000133086
11748,0.009620900000300026
11749,0.010120300001290161
11750,0.010044800001196563
11751,0.01156270000137738
11752,0.010770799999590963
11753,0.009875600000668783
11754,0.010118800000782358
11755,0.009896700001263525
11756,0.009010699999635108
11757,0.010075400001369417
11758,0.008677499998157145
11759,0.01121430000057444
11760,0.010877500000788132
11761,0.009825799999816809
11762,0.009940500000084285
11763,0.008145300002070144
11764,0.011119200000393903
11765,0.010378500002843793
11766,0.009744899998622714
11767,0.009772999997949228
11768,0.009923300000082236
11769,0.009321800000179792
11770,0.009644699999626027
11771,0.007978199999342905
11772,0.009103300002607284
11773,0.008301500001834938
11774,0.009234400000423193
11775,0.008078999999270309
11776,0.008894800001144176
11777,0.009168699998554075
11778,0.009682500000053551
11779,0.010324499999114778
11780,0.00967799999853014
11781,0.01221850000001723
11782,0.01083229999858304
11783,0.010073700002976693
11784,0.009453999999095686
11785,0.009641299999202602
11786,0.007849999998143176
11787,0.011234099998546299
11788,0.011747399999876507
11789,0.009021400001074653
11790,0.010094600002048537
11791,0.00934419999975944
11792,0.00972159999946598
11793,0.009511899999779416
11794,0.008224100001825718
11795,0.009305199997470481
11796,0.008274299998447532
11797,0.010211299999355106
11798,0.010397800000646384
11799,0.008363299999473384
11800,0.008987099998194026
11801,0.007998399996722583
11802,0.009686299999884795
11803,0.009107199999561999
11804,0.009398199999850476
11805,0.00818769999750657
11806,0.008890300003258744
11807,0.009341000000858912
11808,0.009397500001796288
11809,0.010736699998233235
11810,0.008660399998916546
11811,0.009447600001294632
11812,0.009658099999796832
11813,0.008108200003334787
11814,0.009250699997210177
11815,0.008134600000630599
11816,0.010150999998586485
11817,0.010358800001995405
11818,0.008671100000356091
11819,0.009392600000865059
11820,0.00818289999733679
11821,0.009178399999655085
11822,0.008506099999067374
11823,0.009867299999314127
11824,0.008799999999610009
11825,0.01162050000129966
11826,0.010247500002151355
11827,0.008066999998845858
11828,0.00973840000006021
11829,0.009433900002477458
11830,0.008089400002063485
11831,0.009613799997168826
11832,0.009896999999909895
11833,0.009580899997672532
11834,0.00829159999921103
11835,0.011408800000936026
11836,0.011118399997940287
11837,0.008341699998709373
11838,0.010658700000931276
11839,0.010387600003014086
11840,0.0101859999995213
11841,0.009547600002406398
11842,0.008915599999454571
11843,0.009232100001099752
11844,0.009919699998135911
11845,0.009291599999414757
11846,0.009949299997970229
11847,0.00985239999863552
11848,0.008604399998148438
11849,0.009120800001255702
11850,0.008199299998523202
11851,0.009814599998207996
11852,0.009412100000190549
11853,0.011624200000369456
11854,0.010754800001450349
11855,0.008014500002900604
11856,0.012115300000004936
11857,0.01103270000021439
11858,0.008131200000207173
11859,0.010166499996557832
11860,0.008927200000471203
11861,0.010489100000995677
11862,0.010116800000105286
11863,0.008672199997818097
11864,0.00985460000083549
11865,0.009426999997231178
11866,0.010920900000201073
11867,0.010195099999691593
11868,0.008319000000483356
11869,0.010203800000454066
11870,0.010031699999672128
11871,0.009985699998651398
11872,0.009866000000329223
11873,0.0086498999989999
11874,0.010370299998612609
11875,0.009874399998807348
11876,0.008358499999303604
11877,0.009539599999698112
11878,0.008312699999805773
11879,0.010015200001362246
11880,0.008592899997893255
11881,0.009796800000913208
11882,0.010577100001682993
11883,0.009378999999171356
11884,0.010978800000884803
11885,0.010028099997725803
11886,0.008245100001659011
11887,0.00945569999748841
11888,0.007987500001036096
11889,0.010778200001368532
11890,0.010450599998875987
11891,0.010803599998325808
11892,0.011184400002093753
11893,0.010094999997818377
11894,0.008594899998570327
11895,0.010255299999698764
11896,0.01212149999992107
11897,0.009365699999762
11898,0.009986599998228485
11899,0.008286100000987062
11900,0.010204299996985355
11901,0.009933900000760332
11902,0.008558800000173505
11903,0.009419899997737957
11904,0.009325200000603218
11905,0.010338100000808481
11906,0.009829300001001684
11907,0.008907400002499344
11908,0.010305899999366375
11909,0.012210500000946922
11910,0.010971300001983764
11911,0.010191600002144696
11912,0.007936599999084137
11913,0.010748400000011316
11914,0.009717199998704018
11915,0.009355199999845354
11916,0.010351100001571467
11917,0.008225999998103362
11918,0.011346499999490334
11919,0.011409799997636583
11920,0.008686200002557598
11921,0.01067499999771826
11922,0.009948399998393143
11923,0.00802560000010999
11924,0.00922559999889927
11925,0.009105500001169275
11926,0.010206399998423876
11927,0.008566599997720914
11928,0.008559699999750592
11929,0.009749600001669023
11930,0.009052599998540245
11931,0.009980700000596698
11932,0.009041100001923041
11933,0.010378599999967264
11934,0.010276899996824795
11935,0.009129399997618748
11936,0.010830899998836685
11937,0.009309000000939704
11938,0.008827999998175073
11939,0.010281800001394004
11940,0.01098210000054678
11941,0.011771699999371776
11942,0.010855100001208484
11943,0.00970450000022538
11944,0.009552499999699648
11945,0.01024929999766755
11946,0.009007399999973131
11947,0.009808099999645492
11948,0.009371600001031766
11949,0.00998279999839724
11950,0.010224900001048809
11951,0.009118000001762994
11952,0.009950000003300374
11953,0.010013600000092993
11954,0.01073059999907855
11955,0.010269700000208104
11956,0.008393500000238419
11957,0.01133029999982682
11958,0.010674099998141173
11959,0.008619700001872843
11960,0.010107000001880806
11961,0.01036759999988135
11962,0.010663299999578157
11963,0.010378999999375083
11964,0.01042520000191871
11965,0.008333399997354718
11966,0.010192599998845253
11967,0.009294999999838183
11968,0.009770500000740867
11969,0.009734300001582596
11970,0.008230499999626772
11971,0.00984000000244123
11972,0.00871729999926174
11973,0.009720599999127444
11974,0.010470299999724375
11975,0.00840799999787123
11976,0.009456200001295656
11977,0.008490100000926759
11978,0.010368600000219885
11979,0.009640700001909863
11980,0.010552399999141926
11981,0.01054170000134036
11982,0.009961799998563947
11983,0.00886270000046352
11984,0.009165800001937896
11985,0.01127469999846653
11986,0.010046800001873635
11987,0.009103500000492204
11988,0.008534099997632438
11989,0.009611800000129733
11990,0.009101499999815132
11991,0.010177799998928094
11992,0.009258699999918463
11993,0.01048149999769521
11994,0.010048799998912727
11995,0.008074500001384877
11996,0.00904659999650903
11997,0.007796100002451567
11998,0.010097900001710514
11999,0.010233600001811283
12000,0.010870000001887092
12001,0.00981099999989965
12002,0.007877000000007683
12003,0.009168300002784235
12004,0.008018900000024587
12005,0.008926399998017587
12006,0.009283299998060102
12007,0.008266400000138674
12008,0.00911669999914011
12009,0.009212999997544102
12010,0.00965389999691979
12011,0.007995799998752773
12012,0.010995800003001932
12013,0.010296000000380445
12014,0.008370100000320235
12015,0.009322699999756878
12016,0.0077012999972794205
12017,0.010273799998685718
12018,0.010586000000330387
12019,0.008669800001371186
12020,0.010545400000410154
12021,0.011690799998177681
12022,0.008182200002920581
12023,0.008956699999544071
12024,0.008808400001726113
12025,0.010821700001542922
12026,0.008975599997938843
12027,0.009220899999490939
12028,0.009654099998442689
12029,0.009183400001347763
12030,0.009963099997548852
12031,0.009042500001669396
12032,0.009773900001164293
12033,0.009775499998795567
12034,0.008161800000380026
12035,0.009480000000621658
12036,0.008626799997728085
12037,0.010071500000776723
12038,0.00829629999861936
12039,0.009863699997367803
12040,0.009762099998624763
12041,0.008344400001078611
12042,0.010136499997315696
12043,0.00924010000017006
12044,0.009012099999381462
12045,0.008163599999534199
12046,0.009978000001865439
12047,0.009696299999632174
12048,0.009237900001608068
12049,0.009799399998883018
12050,0.009249999999155989
12051,0.011367999999492895
12052,0.011720300000888528
12053,0.011677600003167754
12054,0.011380400002963142
12055,0.01071080000110669
12056,0.010306200001650723
12057,0.010557500001596054
12058,0.00990040000033332
12059,0.009361100001115119
12060,0.010621800000080839
12061,0.010224599998764461
12062,0.008270700000139186
12063,0.01081279999925755
12064,0.010855900000024121
12065,0.009960299998056144
12066,0.00977950000014971
12067,0.009236499998223735
12068,0.009170799999992596
12069,0.010296100001141895
12070,0.008921300002839416
12071,0.009728400000312831
12072,0.009029499997268431
12073,0.008431599999312311
12074,0.010001600003306521
12075,0.010631099998136051
12076,0.011521199998242082
12077,0.01085889999740175
12078,0.008310499997605802
12079,0.009280300000682473
12080,0.008211000000301283
12081,0.010371500000474043
12082,0.010324399998353329
12083,0.008834899999783374
12084,0.009360600000945851
12085,0.00814410000020871
12086,0.010197600000537932
12087,0.011563799998839386
12088,0.008434899998974288
12089,0.00932710000051884
12090,0.00811279999834369
12091,0.009463700000196695
12092,0.00819930000216118
12093,0.009963999997125939
12094,0.010128900001291186
12095,0.008829300000797957
12096,0.009668400001828559
12097,0.009550700000545476
12098,0.009725700001581572
12099,0.009664199998951517
12100,0.008158299999195151
12101,0.009112200001254678
12102,0.007915500002127374
12103,0.011118999998871004
12104,0.011136500001157401
12105,0.008257199999206932
12106,0.008924900001147762
12107,0.008063799999945331
12108,0.00989349999872502
12109,0.009263899999496061
12110,0.009207600000081584
12111,0.008949299997766502
12112,0.00873880000290228
12113,0.01096770000003744
12114,0.011283199997706106
12115,0.008595700001023943
12116,0.009225600002537249
12117,0.008322499998030253
12118,0.010057499999675201
12119,0.01019540000197594
12120,0.01126490000024205
12121,0.009904900001856731
12122,0.009025899998960085
12123,0.009986199998820666
12124,0.010484400001587346
12125,0.009431999998923857
12126,0.009456800002226373
12127,0.008594999999331776
12128,0.010201000000961358
12129,0.010380399999121437
12130,0.008707200002390891
12131,0.010095300000102725
12132,0.008988699999463279
12133,0.009901699999318225
12134,0.009314899998571491
12135,0.008840699996653711
12136,0.009403200001543155
12137,0.008179299999028444
12138,0.010637399998813635
12139,0.010290700000041397
12140,0.009219700001267483
12141,0.010467399999470217
12142,0.008540300001186552
12143,0.012417800000548596
12144,0.010989700000209268
12145,0.009517099999357015
12146,0.010351000000810018
12147,0.009923200002958765
12148,0.008322699999553151
12149,0.010537800000747666
12150,0.011398400001780828
12151,0.008205000001908047
12152,0.00949659999969299
12153,0.009246900001016911
12154,0.009507500002655433
12155,0.008075400000961963
12156,0.010224100002233172
12157,0.009979599999496713
12158,0.007961700001033023
12159,0.009364499997900566
12160,0.008381499999813968
12161,0.009875600000668783
12162,0.009574100000463659
12163,0.008746999999857508
12164,0.010034499999164836
12165,0.010640199998306343
12166,0.011624300001130905
12167,0.012460699999792268
12168,0.010097400001541246
12169,0.010447900000144728
12170,0.010090300002048025
12171,0.010146100001293235
12172,0.0114054000005126
12173,0.0110134000024118
12174,0.008749900000111666
12175,0.012348299998848233
12176,0.011271900002611801
12177,0.010340599998016842
12178,0.008420499998464948
12179,0.009323100002802676
12180,0.009022899997944478
12181,0.010274699998262804
12182,0.00855079999746522
12183,0.009946199999831151
12184,0.009889599998132326
12185,0.008144799998262897
12186,0.01101570000173524
12187,0.01407150000159163
12188,0.010588600001938175
12189,0.010883900002227165
12190,0.01181200000064564
12191,0.012089100000594044
12192,0.00970210000014049
12193,0.010501000000658678
12194,0.009981499999412335
12195,0.008476499999233056
12196,0.009742800000822172
12197,0.01095540000096662
12198,0.012618099997780519
12199,0.010944699999527074
12200,0.008589799999754177
12201,0.009747100000822684
12202,0.009698900001239963
12203,0.010856900000362657
12204,0.011599299999943469
12205,0.010240600000543054
12206,0.011914000002434477
12207,0.01227389999985462
12208,0.010875200001464691
12209,0.009251499999663793
12210,0.00937270000213175
12211,0.009462900001381058
12212,0.008067599999776576
12213,0.009256699999241391
12214,0.008377999998629093
12215,0.009217299997544615
12216,0.008213699999032542
12217,0.011838600003102329
12218,0.011643800000456395
12219,0.009156200001598336
12220,0.010521000000153435
12221,0.01027560000147787
12222,0.00814159999936237
12223,0.009809399998630397
12224,0.007997900000191294
12225,0.011684900000545895
12226,0.011553600001207087
12227,0.008354800000233809
12228,0.009522600001218962
12229,0.008045499998843297
12230,0.012009900001430651
12231,0.011148399997182423
12232,0.008038500000111526
12233,0.009424100000614999
12234,0.008308800002851058
12235,0.00988139999753912
12236,0.010411700000986457
12237,0.011145399999804795
12238,0.012289000002056127
12239,0.010640500000590691
12240,0.008897699997760355
12241,0.009618999996746425
12242,0.00909239999964484
12243,0.008072900000115624
12244,0.009799800001928816
12245,0.009998599998652935
12246,0.010417999998026062
12247,0.010410200000478653
12248,0.009121999999479158
12249,0.009846600001765182
12250,0.00845100000151433
12251,0.011714599997503683
12252,0.011200900000403635
12253,0.00815850000071805
12254,0.011491900000692112
12255,0.01162789999943925
12256,0.008905599999707192
12257,0.010447799999383278
12258,0.010021099998994032
12259,0.009285199997975724
12260,0.00998309999704361
12261,0.008795599998848047
12262,0.01011819999985164
12263,0.009758200001670048
12264,0.008523500000592321
12265,0.009582900001987582
12266,0.009080799998628208
12267,0.009870900001260452
12268,0.00828160000310163
12269,0.012787900002876995
12270,0.011279499998636311
12271,0.010371199998189695
12272,0.008709499998076353
12273,0.01023189999978058
12274,0.008495000001857989
12275,0.010433899999043206
12276,0.010787299997900845
12277,0.009350199998152675
12278,0.009766700000909623
12279,0.00872229999731644
12280,0.011680100000376115
12281,0.011741499998606741
12282,0.011141499999212101
12283,0.00837870000032126
12284,0.009317000000010012
12285,0.009298500001023058
12286,0.010940500000288012
12287,0.010548400001425762
12288,0.008450199999060715
12289,0.009275200001866324
12290,0.007927599999675294
12291,0.010091099997225683
12292,0.009488499999861233
12293,0.01000220000059926
12294,0.009863499999482883
12295,0.008387699999730103
12296,0.009502500000962755
12297,0.007920399999420624
12298,0.009894900002109352
12299,0.00933209999857354
12300,0.008385100001760293
12301,0.009252600000763778
12302,0.008598500000516651
12303,0.009838400001171976
12304,0.008683000000019092
12305,0.011334200000419514
12306,0.010611399997287663
12307,0.008652399999846239
12308,0.011050400000385707
12309,0.01151200000094832
12310,0.008953200001997175
12311,0.010990200000378536
12312,0.011314600000332575
12313,0.009394400000019232
12314,0.010433900002681185
12315,0.00930309999966994
12316,0.01042059999963385
12317,0.011390399999072542
12318,0.011184800001501571
12319,0.00935129999925266
12320,0.009932799999660347
12321,0.00930520000110846
12322,0.01015670000197133
12323,0.01021760000003269
12324,0.00811260000045877
12325,0.009677599999122322
12326,0.008973500000138301
12327,0.011438800000178162
12328,0.010954299999866635
12329,0.008250899998529349
12330,0.009434400002646726
12331,0.008444700000836747
12332,0.0103043000017351
12333,0.009741599998960737
12334,0.009327599997050129
12335,0.009572400002070935
12336,0.00840279999829363
12337,0.009781100001418963
12338,0.009920200001943158
12339,0.009451699999772245
12340,0.0104326000000583
12341,0.00929099999848404
12342,0.009981900002458133
12343,0.010366999998950632
12344,0.008943400000134716
12345,0.009619000000384403
12346,0.00876570000036736
12347,0.010672600001271348
12348,0.009970999999495689
12349,0.009228400002029957
12350,0.010028800003055949
12351,0.008450699999229982
12352,0.011874499999976251
12353,0.011842700001579942
12354,0.01158420000137994
12355,0.00870559999748366
12356,0.009468399999605026
12357,0.009910799999488518
12358,0.010351400000217836
12359,0.010343800000555348
12360,0.009386300000187475
12361,0.011450400001194794
12362,0.011696199999278178
12363,0.008232699998188764
12364,0.010964199998852564
12365,0.011009399997419678
12366,0.009068900002603186
12367,0.00946529999782797
12368,0.008075400000961963
12369,0.009977699999581091
12370,0.008648999999422813
12371,0.00972130000081961
12372,0.010004099996876903
12373,0.008479899999656482
12374,0.009547500001644948
12375,0.009146600001258776
12376,0.00922540000101435
12377,0.008740799999941373
12378,0.009660299998358823
12379,0.009339700001874007
12380,0.008793900000455324
12381,0.012345200000709156
12382,0.011211500001081731
12383,0.00860610000017914
12384,0.009628200001316145
12385,0.008193199999368517
12386,0.00959579999835114
12387,0.00959290000173496
12388,0.008409499998379033
12389,0.00963929999852553
12390,0.009183900001517031
12391,0.01067259999763337
12392,0.010285699998348719
12393,0.008766200000536628
12394,0.010066799997730413
12395,0.009222799999406561
12396,0.00955199999953038
12397,0.008273399998870445
12398,0.011623499998677289
12399,0.011910000001080334
12400,0.010960500003420748
12401,0.008121200000459794
12402,0.009820299997954862
12403,0.009019800003443379
12404,0.009924399997544242
12405,0.009535900000628317
12406,0.008345799997186987
12407,0.009225900001183618
12408,0.008734400002140319
12409,0.010454399998707231
12410,0.009518900002149167
12411,0.009020599998621037
12412,0.009321600002294872
12413,0.010447699998621829
12414,0.009253500000340864
12415,0.008202400000300258
12416,0.011304999999993015
12417,0.012034800001856638
12418,0.010922400000708876
12419,0.009165900002699345
12420,0.010111800002050586
12421,0.010527400001592468
12422,0.009141799997451017
12423,0.008495399997627828
12424,0.010003100000176346
12425,0.011456500000349479
12426,0.012190899997222004
12427,0.00931990000026417
12428,0.010288000001310138
12429,0.009253700001863763
12430,0.009269500002119457
12431,0.009494699999777367
12432,0.008664999997563427
12433,0.010372900000220397
12434,0.009124799998971866
12435,0.01020030000290717
12436,0.010408800000732299
12437,0.009900000000925502
12438,0.009984399999666493
12439,0.010285600001225248
12440,0.009174399998300942
12441,0.010206200000538956
12442,0.009175200000754558
12443,0.010456699998030672
12444,0.010092999997141305
12445,0.009083400000235997
12446,0.009898899999825517
12447,0.008245099998021033
12448,0.01003340000170283
12449,0.010613100002956344
12450,0.010702900002797833
12451,0.009871999998722458
12452,0.00861599999916507
12453,0.008629699997982243
12454,0.008946900001319591
12455,0.00819240000055288
12456,0.009207899998727953
12457,0.008260900001914706
12458,0.009845600001426646
12459,0.009182399997371249
12460,0.009282800001528813
12461,0.009052000001247507
12462,0.009094599998206832
12463,0.009471399996982655
12464,0.008180699998774799
12465,0.010033099999418482
12466,0.0086038000008557
12467,0.010086300000693882
12468,0.00963209999827086
12469,0.008570600002713036
12470,0.010080699998070486
12471,0.010108099999342812
12472,0.011734800002159318
12473,0.0118746000007377
12474,0.01189410000006319
12475,0.011005500000464963
12476,0.011591200000111712
12477,0.010926099999778671
12478,0.009097699999983888
12479,0.010154900002817158
12480,0.010578699999314267
12481,0.009704100000817562
12482,0.009858299999905284
12483,0.009691799998108763
12484,0.009418499997991603
12485,0.009814100001676707
12486,0.00977200000124867
12487,0.009767799998371629
12488,0.008356199999980163
12489,0.008942099997511832
12490,0.009426900000107707
12491,0.008433899998635752
12492,0.009848100002272986
12493,0.00860110000212444
12494,0.009718699999211822
12495,0.008223000000725733
12496,0.010260099999868544
12497,0.01050779999786755
12498,0.010686199999327073
12499,0.009362000000692206
12500,0.00992969999788329
12501,0.00915079999685986
12502,0.011051800000132062
12503,0.010607399999571498
12504,0.009435200001462363
12505,0.00990069999897969
12506,0.008691700000781566
12507,0.009700099999463418
12508,0.008251600000221515
12509,0.009461300000111805
12510,0.00961960000131512
12511,0.009209699997882126
12512,0.00938749999841093
12513,0.008023499998671468
12514,0.010334200000215787
12515,0.010059100000944454
12516,0.009716800002934178
12517,0.010015199997724267
12518,0.009233200002199737
12519,0.010236099999019643
12520,0.010186700001213467
12521,0.009057999999640742
12522,0.009886399999231799
12523,0.009915700000419747
12524,0.011950999996770406
12525,0.01035530000081053
12526,0.009824500000831904
12527,0.009048500000062631
12528,0.009757499999977881
12529,0.008725200001208577
12530,0.0092253000002529
12531,0.007794899996952154
12532,0.009689100003015483
12533,0.009981400002288865
12534,0.008389099999476457
12535,0.009565399999701185
12536,0.009315899998910027
12537,0.010262100000545615
12538,0.008723200000531506
12539,0.010252000000036787
12540,0.01014249999934691
12541,0.008317499999975553
12542,0.009708900000987342
12543,0.008941399999457644
12544,0.008958099999290425
12545,0.009515400000964291
12546,0.008683800002472708
12547,0.010124299999006325
12548,0.009843899999395944
12549,0.00991769999745884
12550,0.009810799998376751
12551,0.009377499998663552
12552,0.009790899999643443
12553,0.009275199998228345
12554,0.009327800002211006
12555,0.009345600003143772
12556,0.0086397000013676
12557,0.010223900000710273
12558,0.00944570000137901
12559,0.010877000000618864
12560,0.010485199996765004
12561,0.00991740000245045
12562,0.012239499999850523
12563,0.01098920000004
12564,0.009053399997355882
12565,0.009054400001332397
12566,0.00908020000133547
12567,0.008339100000739563
12568,0.009217800001351861
12569,0.008186800001567462
12570,0.009887299998808885
12571,0.009262499999749707
12572,0.009042400000907946
12573,0.008791799999016803
12574,0.009036299998115283
12575,0.009307100001024082
12576,0.008011800000531366
12577,0.00919870000143419
12578,0.007925699999759672
12579,0.010127300000021933
12580,0.00954239999919082
12581,0.009962700001779012
12582,0.01002390000212472
12583,0.008341299999301555
12584,0.009381800002302043
12585,0.008016100000531878
12586,0.010715199998230673
12587,0.010622199999488657
12588,0.008760099997743964
12589,0.010494699999981094
12590,0.010656800001015654
12591,0.009514900000795024
12592,0.010811600001034094
12593,0.010242000000289408
12594,0.01036519999979646
12595,0.009941100001015002
12596,0.008602500001870794
12597,0.009768199997779448
12598,0.009610099998099031
12599,0.008468799998809118
12600,0.009274600000935607
12601,0.008666900001117028
12602,0.010156000000279164
12603,0.009381899999425514
12604,0.011759900000470225
12605,0.010951800002658274
12606,0.009091799998714123
12607,0.008825299999443814
12608,0.009159999997791601
12609,0.009954999997717096
12610,0.010981699997500982
12611,0.011224399997445289
12612,0.008086100002401508
12613,0.009881800000584917
12614,0.011836999998195097
12615,0.00931720000153291
12616,0.010901999998168321
12617,0.010789699997985736
12618,0.011812400000053458
12619,0.0103917000014917
12620,0.009431800001038937
12621,0.010039100001449697
12622,0.010473400001501432
12623,0.009705000000394648
12624,0.010082500000862638
12625,0.009847699999227189
12626,0.01081749999866588
12627,0.011918899999727728
12628,0.010800899999594549
12629,0.00873420000061742
12630,0.010963299999275478
12631,0.01172009999936563
12632,0.009371100000862498
12633,0.009823200001846999
12634,0.009183099999063415
12635,0.009046899998793378
12636,0.008440199999313336
12637,0.010861500002647517
12638,0.01029519999792683
12639,0.00927149999915855
12640,0.008841300001222407
12641,0.00984020000032615
12642,0.009190400000079535
12643,0.009525600002234569
12644,0.008260900001914706
12645,0.010203699999692617
12646,0.010716599997977028
12647,0.009627799998270348
12648,0.010475700000824872
12649,0.010734199997386895
12650,0.010047600000689272
12651,0.010507200000574812
12652,0.009299500001361594
12653,0.009618200001568766
12654,0.00988839999990887
12655,0.009884000002784887
12656,0.01021049999690149
12657,0.009865699998044875
12658,0.008973199997853953
12659,0.009852799998043338
12660,0.009826400000747526
12661,0.009350399999675574
12662,0.008594900002208306
12663,0.009499400002823677
12664,0.009875100000499515
12665,0.00851400000101421
12666,0.01036260000182665
12667,0.009665100002166582
12668,0.0104016999976011
12669,0.010335000002669403
12670,0.008925899997848319
12671,0.010623099999065744
12672,0.01020060000155354
12673,0.009302400001615752
12674,0.011099700001068413
12675,0.010547899997618515
12676,0.008716599997569574
12677,0.010276100001647137
12678,0.00945030000002589
12679,0.010670799998479197
12680,0.011585299998841947
12681,0.00996569999915664
12682,0.009707299999718089
12683,0.009733200000482611
12684,0.008887599997251527
12685,0.009771799999725772
12686,0.008327100000315113
12687,0.01135680000152206
12688,0.011041999998269603
12689,0.008053099998505786
12690,0.010167500000534346
12691,0.009793599998374702
12692,0.010328299998946022
12693,0.0104085999992094
12694,0.008309400000143796
12695,0.01020520000020042
12696,0.010142700000869809
12697,0.010197500003414461
12698,0.010198699997999938
12699,0.009892400001263013
12700,0.00825780000013765
12701,0.009425299998838454
12702,0.009371599997393787
12703,0.010196499999437947
12704,0.009285699998144992
12705,0.00955719999910798
12706,0.009357099999760976
12707,0.008672100000694627
12708,0.011423600000853185
12709,0.012262100000953069
12710,0.009767100000317441
12711,0.010964600001898361
12712,0.010678599999664584
12713,0.008071000000200002
12714,0.009185099999740487
12715,0.008033999998588115
12716,0.011056700001063291
12717,0.011283300002105534
12718,0.008180600001651328
12719,0.009495899998000823
12720,0.008227300000726245
12721,0.011491099998238496
12722,0.011541200001374818
12723,0.010387900001660455
12724,0.009174499999062391
12725,0.008258299996668939
12726,0.012417800000548596
12727,0.010932600001979154
12728,0.010340000000724103
12729,0.010179000000789529
12730,0.010611400000925642
12731,0.010147900000447407
12732,0.009244500000932021
12733,0.009636099999625003
12734,0.00798670000222046
12735,0.00954700000147568
12736,0.009222899996530032
12737,0.009994200001528952
12738,0.010561200000665849
12739,0.01195229999939329
12740,0.00974309999946854
12741,0.010174600000027567
12742,0.00886769999851822
12743,0.012137199999415316
12744,0.011329500001011183
12745,0.008419000001595123
12746,0.010266299999784678
12747,0.01007709999976214
12748,0.010358300001826137
12749,0.01048820000141859
12750,0.009313400001701666
12751,0.009277199998905417
12752,0.009316599996964214
12753,0.008195300000807038
12754,0.009311399997386616
12755,0.010001100003137253
12756,0.010679999999410938
12757,0.010192400000960333
12758,0.008048399999097455
12759,0.008992999999463791
12760,0.008221100000810111
12761,0.009525999998004409
12762,0.00823579999996582
12763,0.010098599999764701
12764,0.00998529999924358
12765,0.009541400002490263
12766,0.010600599998724647
12767,0.009946199999831151
12768,0.009687800000392599
12769,0.009820800001762109
12770,0.008143600000039442
12771,0.011073400000896072
12772,0.011020100002497202
12773,0.008290800000395393
12774,0.009782699999050237
12775,0.00891599999886239
12776,0.011592599999858066
12777,0.011176700001669815
12778,0.01015239999833284
12779,0.010066599999845494
12780,0.009653499997511972
12781,0.009270299997297116
12782,0.01042299999971874
12783,0.009122199997364078
12784,0.009637099999963539
12785,0.009739599998283666
12786,0.009361800002807286
12787,0.01228350000019418
12788,0.01211459999831277
12789,0.010063100002298597
12790,0.01152379999984987
12791,0.010478299998794682
12792,0.009056700000655837
12793,0.00947979999909876
12794,0.00799370000095223
12795,0.010825199999089818
12796,0.01007019999815384
12797,0.008237999998527812
12798,0.010719100002461346
12799,0.009613000001991168
12800,0.009543799998937175
12801,0.010026799998740898
12802,0.008999599998787744
12803,0.009894300001178635
12804,0.008945900000981055
12805,0.008367499998712447
12806,0.009731500002089888
12807,0.00841729999956442
12808,0.009532500000204891
12809,0.007977699999173637
12810,0.010035399998741923
12811,0.009068800001841737
12812,0.008819700000458397
12813,0.009882099999231286
12814,0.01065290000042296
12815,0.012237299997650553
12816,0.011013999999704538
12817,0.009205199999996694
12818,0.010509499999898253
12819,0.010332599998946534
12820,0.008011000001715729
12821,0.011267199999565491
12822,0.01190659999701893
12823,0.0093077000019548
12824,0.009328500000265194
12825,0.008025800001632888
12826,0.011126199999125674
12827,0.011621599998761667
12828,0.011172400001669303
12829,0.00984759999846574
12830,0.009910400000080699
12831,0.009577999997418374
12832,0.010041699999419507
12833,0.00948659999994561
12834,0.00943360000019311
12835,0.009584799998265225
12836,0.008116199998767115
12837,0.00990530000126455
12838,0.00886210000317078
12839,0.010565399999904912
12840,0.01006259999849135
12841,0.009075399997527711
12842,0.010584699997707503
12843,0.009688099999038968
12844,0.009359700001368765
12845,0.009463200000027427
12846,0.008019599998078775
12847,0.009860500002105255
12848,0.008356599999387981
12849,0.01085130000137724
12850,0.010558800000580959
12851,0.00828699999692617
12852,0.009907299998303642
12853,0.009362500000861473
12854,0.011761300000216579
12855,0.010716100001445739
12856,0.008028199998079799
12857,0.009357000002637506
12858,0.008388099999137921
12859,0.009773599998879945
12860,0.009534799999528332
12861,0.007966500001202803
12862,0.010518499999307096
12863,0.008999699999549193
12864,0.011830199997348245
12865,0.011019000001397217
12866,0.009113000000070315
12867,0.00931019999916316
12868,0.009018299999297597
12869,0.008963600001152372
12870,0.009178000000247266
12871,0.008324700000230223
12872,0.011130700000649085
12873,0.01161850000062259
12874,0.008750999997573672
12875,0.010319300003175158
12876,0.00950379999994766
12877,0.01223990000289632
12878,0.010010500001953915
12879,0.007983499999681953
12880,0.009188899999571731
12881,0.008400800001254538
12882,0.009832300002017291
12883,0.010142700000869809
12884,0.009628800002246862
12885,0.011657700000796467
12886,0.011864200001582503
12887,0.010786999999254476
12888,0.008964099997683661
12889,0.009222000000590924
12890,0.008011600002646446
12891,0.009170799999992596
12892,0.008360600000742124
12893,0.009258899997803383
12894,0.008048399999097455
12895,0.009406699999090051
12896,0.009041299999807961
12897,0.011813299999630544
12898,0.010456399999384303
12899,0.00869799999782117
12900,0.013085499998851446
12901,0.010299199999280972
12902,0.008392899999307701
12903,0.009227599999576341
12904,0.009699199999886332
12905,0.00993430000016815
12906,0.011351699999067932
12907,0.011322499998641433
12908,0.00790910000068834
12909,0.009252600000763778
12910,0.008038500000111526
12911,0.01006509999933769
12912,0.008059100000537
12913,0.010840899998584064
12914,0.010017999997216975
12915,0.008711800001037773
12916,0.009495700000115903
12917,0.008014800001546973
12918,0.010986199999024393
12919,0.009981400002288865
12920,0.008430800000496674
12921,0.00926679999975022
12922,0.00863730000128271
12923,0.009363199998915661
12924,0.008303300000989111
12925,0.009635000002162997
12926,0.009244699998816941
12927,0.009328599997388665
12928,0.00999499999670661
12929,0.00949639999817009
12930,0.009648600000218721
12931,0.009190200002194615
12932,0.008678099999087863
12933,0.009877500000584405
12934,0.00857709999763756
12935,0.011448000001109904
12936,0.011161899998114677
12937,0.008108199999696808
12938,0.00978929999837419
12939,0.00921089999974356
12940,0.011130700000649085
12941,0.010713800002122298
12942,0.00896909999937634
12943,0.010321199999452801
12944,0.010076300000946503
12945,0.009418800000275951
12946,0.010328000000299653
12947,0.009972200001357123
12948,0.01097969999682391
12949,0.010439800000312971
12950,0.009862599999905797
12951,0.010291899998264853
12952,0.010583500003122026
12953,0.008047499999520369
12954,0.009581600003002677
12955,0.008535400000255322
12956,0.010753099999419646
12957,0.010312800000974676
12958,0.008578799999668263
12959,0.009517299997241935
12960,0.008646099999168655
12961,0.011358500003552763
12962,0.010279599999194033
12963,0.010073999997985084
12964,0.010101799998665228
12965,0.00999719999890658
12966,0.008461700002953876
12967,0.009681700001237914
12968,0.010087699996802257
12969,0.01162549999935436
12970,0.011898699998710072
12971,0.011898600001586601
12972,0.008327600000484381
12973,0.009799700001167366
12974,0.011997599998721853
12975,0.008875999999872874
12976,0.009574100000463659
12977,0.010825700002897065
12978,0.010055600003397558
12979,0.008786299997154856
12980,0.009741699999722186
12981,0.010267300000123214
12982,0.009550800001306925
12983,0.009747299998707604
12984,0.009607699998014141
12985,0.008467499999824213
12986,0.009551399998599663
12987,0.008410400001594098
12988,0.009162999998807209
12989,0.008410999998886837
12990,0.00985959999889019
12991,0.00961979999920004
12992,0.008094900000287453
12993,0.010223699999187374
12994,0.010789299998577917
12995,0.011943100002099527
12996,0.010416000000986969
12997,0.00896659999853
12998,0.009168099997623358
12999,0.008216099999117432
13000,0.008761100001720479
13001,0.009176100000331644
13002,0.008371799998712959
13003,0.010620799999742303
13004,0.010389799997938098
13005,0.010332900001230882
13006,0.010608500000671484
13007,0.009308500000770437
13008,0.01011800000196672
13009,0.010684000000765081
13010,0.011046600000554463
13011,0.009616100000130245
13012,0.008677500001795124
13013,0.008685100001457613
13014,0.009456799998588394
13015,0.010657900002115639
13016,0.009946099999069702
13017,0.010000999998737825
13018,0.012111300002288772
13019,0.009686999997938983
13020,0.007958299996971618
13021,0.011651900000288151
13022,0.011939600000914652
13023,0.011358799998561153
13024,0.008433999999397201
13025,0.00924470000245492
13026,0.008130099999107188
13027,0.010329299999284558
13028,0.010171900001296308
13029,0.010914900001807837
13030,0.011513899997225963
13031,0.011222700002690544
13032,0.009169299999484792
13033,0.010473500002262881
13034,0.008568600002035964
13035,0.00945299999875715
13036,0.009509899999102345
13037,0.008870500001648907
13038,0.009604499999113614
13039,0.00816070000291802
13040,0.010995500000717584
13041,0.010922999998001615
13042,0.008648800001537893
13043,0.009668899998359848
13044,0.008312399997521425
13045,0.010509200001251884
13046,0.01070869999966817
13047,0.00937799999883282
13048,0.009728099998028483
13049,0.008294700000988087
13050,0.009991400002036244
13051,0.009320199998910539
13052,0.008953599997767014
13053,0.010623799997119932
13054,0.010858300000109011
13055,0.012302200000704033
13056,0.011727900000551017
13057,0.011290899998130044
13058,0.008340799999132287
13059,0.009770900000148686
13060,0.009395599998242687
13061,0.009037499999976717
13062,0.009452099999180064
13063,0.009063900000910508
13064,0.011149500001920387
13065,0.011176100000739098
13066,0.008224399996834109
13067,0.009865700001682853
13068,0.00972870000259718
13069,0.010022800001024734
13070,0.010371700001996942
13071,0.008300600002257852
13072,0.009274699998059077
13073,0.008507900001859525
13074,0.009231399999407586
13075,0.008224500001233537
13076,0.009979999998904532
13077,0.009896999999909895
13078,0.008432499998889398
13079,0.009161800000583753
13080,0.008143600000039442
13081,0.011249800001678523
13082,0.011128000001917826
13083,0.009234699999069562
13084,0.009641099997679703
13085,0.008403899999393616
13086,0.012299199999688426
13087,0.01081510000221897
13088,0.008864600000379141
13089,0.00931480000144802
13090,0.00863989999925252
13091,0.00923490000059246
13092,0.01024410000172793
13093,0.010772600002383115
13094,0.011610800000198651
13095,0.009622699999454198
13096,0.008281599999463651
13097,0.011397800000850111
13098,0.012166900000011083
13099,0.010594300001685042
13100,0.009752400001161732
13101,0.009366600002977066
13102,0.010126300003321376
13103,0.009899199998471886
13104,0.008687800000188872
13105,0.009200000000419095
13106,0.009480600001552375
13107,0.009408300000359304
13108,0.011514900001202477
13109,0.011894700000993907
13110,0.00823339999988093
13111,0.010078200000862125
13112,0.008601400000770809
13113,0.009999500001868
13114,0.009694499996840023
13115,0.01002389999848674
13116,0.010336300001654308
13117,0.009344300000520889
13118,0.010201999997661915
13119,0.010022499998740386
13120,0.008325999999215128
13121,0.010032199999841396
13122,0.009166299998469185
13123,0.009964199998648837
13124,0.00981310000133817
13125,0.009497999999439344
13126,0.00980139999956009
13127,0.009071399999811547
13128,0.010050000000774162
13129,0.009472400000959169
13130,0.008626400001958245
13131,0.010310499998013256
13132,0.009036999999807449
13133,0.00973330000124406
13134,0.009144899999228073
13135,0.009010500001750188
13136,0.01036759999988135
13137,0.009010400000988739
13138,0.009563400002662092
13139,0.008692399998835754
13140,0.008446300002106
13141,0.009177099997032201
13142,0.008031299999856856
13143,0.008969500002422137
13144,0.008226699999795528
13145,0.009615300001314608
13146,0.00791889999891282
13147,0.009270400001696544
13148,0.007809399998222943
13149,0.009507499999017455
13150,0.009067200000572484
13151,0.009427600001799874
13152,0.01093149999724119
13153,0.010944399997242726
13154,0.008482100001856452
13155,0.009685999997600447
13156,0.008393600000999868
13157,0.009422899998753564
13158,0.008553699997719377
13159,0.009202200002619065
13160,0.008248300000559539
13161,0.009662500000558794
13162,0.009530700001050718
13163,0.009684600001492072
13164,0.010397300000477117
13165,0.008761699999013217
13166,0.009754499998962274
13167,0.010245800000120653
13168,0.009067999999388121
13169,0.009567900000547525
13170,0.00795030000153929
13171,0.009237199999915902
13172,0.008634000001620734
13173,0.009730300000228453
13174,0.010629299998981878
13175,0.009157100001175422
13176,0.009378999999171356
13177,0.008805199999187607
13178,0.009737899999890942
13179,0.009823599997616839
13180,0.008297399999719346
13181,0.01069899999856716
13182,0.011258999998972286
13183,0.009251899999071611
13184,0.010315900002751732
13185,0.00867880000078003
13186,0.00949400000172318
13187,0.010232399999949848
13188,0.010814699999173172
13189,0.009549099999276223
13190,0.007975600001373095
13191,0.011736200001905672
13192,0.010442399998282781
13193,0.008819399998174049
13194,0.0100334999988263
13195,0.010979999999108259
13196,0.008587500000430737
13197,0.009246999998140382
13198,0.007917499999166466
13199,0.010138099998584948
13200,0.010514699999475852
13201,0.008486400001856964
13202,0.009487600000284147
13203,0.00880949999918812
13204,0.010208899999270216
13205,0.010226999998849351
13206,0.008555599997635
13207,0.010044399998150766
13208,0.009548900001391303
13209,0.010337100000469945
13210,0.01050579999719048
13211,0.00908269999854383
13212,0.009769200001755962
13213,0.008715799998753937
13214,0.012838300001021707
13215,0.010163000002648914
13216,0.008144899999024346
13217,0.011785599999711849
13218,0.011969700000918237
13219,0.011415900000429247
13220,0.008461500001430977
13221,0.009420300000783755
13222,0.009320000001025619
13223,0.009816699999646517
13224,0.008541999999579275
13225,0.009984600001189392
13226,0.010059299998829374
13227,0.011424000000261003
13228,0.010786799997731578
13229,0.010351299999456387
13230,0.008017700001801131
13231,0.010580900001514237
13232,0.008845100001053652
13233,0.008795000001555309
13234,0.009136900000157766
13235,0.008348499999556225
13236,0.009502499997324776
13237,0.009768800002348144
13238,0.009004299998196075
13239,0.007978500001627253
13240,0.009959999999409774
13241,0.010082500000862638
13242,0.00907319999896572
13243,0.009157499996945262
13244,0.008329199998115655
13245,0.010356900002079783
13246,0.010594100000162143
13247,0.011017300003004493
13248,0.011870300000737188
13249,0.011343999998643994
13250,0.009842999999818858
13251,0.010046100000181468
13252,0.009657700000389013
13253,0.009065300000656862
13254,0.010059000000183005
13255,0.009219199997460237
13256,0.010296300002664793
13257,0.011828599999716971
13258,0.012502800000220304
13259,0.010753799997473834
13260,0.009773800000402844
13261,0.008554699998057913
13262,0.009797099999559578
13263,0.012031700000079582
13264,0.010857199999009026
13265,0.0097700000005716
13266,0.011183700000401586
13267,0.009884699997201096
13268,0.011769699998694705
13269,0.009727100001327926
13270,0.008834899999783374
13271,0.010279099999024766
13272,0.010317700001905905
13273,0.008641599997645244
13274,0.010076499998831423
13275,0.00951599999825703
13276,0.010405299999547424
13277,0.01067949999924167
13278,0.009619500000553671
13279,0.00960029999987455
13280,0.009900799999741139
13281,0.009512699998595053
13282,0.010369199997512624
13283,0.010050799999589799
13284,0.009092100000998471
13285,0.009892800000670832
13286,0.009587399999873014
13287,0.009226800000760704
13288,0.008404699998209253
13289,0.009395100001711398
13290,0.009529700000712182
13291,0.00859879999916302
13292,0.010003700001107063
13293,0.008595499999501044
13294,0.010366900001827162
13295,0.009873400002106791
13296,0.008625200000096811
13297,0.009961399999156129
13298,0.00869059999968158
13299,0.010339700002077734
13300,0.010416299999633338
13301,0.008888599997590063
13302,0.009306500000093365
13303,0.008143500002915971
13304,0.010166299998672912
13305,0.009696500001155073
13306,0.008425800002441974
13307,0.009761599998455495
13308,0.011888499997439794
13309,0.011821199997939402
13310,0.011573799998586765
13311,0.011366099999577273
13312,0.010417599998618243
13313,0.010994699998263968
13314,0.011285399999906076
13315,0.008841200000460958
13316,0.009642900000471855
13317,0.008137599998008227
13318,0.010062299999844981
13319,0.009545699998852797
13320,0.010944800000288524
13321,0.011795200000051409
13322,0.01089000000138185
13323,0.010704000000259839
13324,0.01063629999771365
13325,0.010504100002435734
13326,0.009923099998559337
13327,0.010272399998939363
13328,0.010226099999272265
13329,0.010727400000178022
13330,0.012212199999339646
13331,0.01010600000154227
13332,0.009498799998254981
13333,0.010010900001361733
13334,0.00875860000087414
13335,0.010511899999983143
13336,0.010313399998267414
13337,0.008725199997570598
13338,0.010333099999115802
13339,0.010056299997813767
13340,0.008122300001559779
13341,0.009246800000255462
13342,0.009480100001383107
13343,0.009221599997545127
13344,0.008113299998512957
13345,0.009411099999852013
13346,0.008389300000999356
13347,0.011823299999377923
13348,0.010239400002319599
13349,0.00928570000178297
13350,0.010041100002126768
13351,0.009365199999592733
13352,0.009371600001031766
13353,0.009822699998039752
13354,0.008157700001902413
13355,0.009878000000753673
13356,0.00965609999911976
13357,0.011074500001996057
13358,0.010666799997125054
13359,0.009899500000756234
13360,0.009265400000003865
13361,0.01023200000054203
13362,0.009092099997360492
13363,0.010486499999387888
13364,0.010057300001790281
13365,0.00823110000055749
13366,0.011175200001162011
13367,0.010656399997969856
13368,0.008152200000040466
13369,0.009312000001955312
13370,0.009159199998975964
13371,0.009485200000199256
13372,0.008209899999201298
13373,0.00921790000211331
13374,0.007963799998833565
13375,0.01154349999706028
13376,0.010440300000482239
13377,0.008200000000215368
13378,0.010328399999707472
13379,0.010071100001368904
13380,0.008485400001518428
13381,0.009275799999159062
13382,0.008099599999695783
13383,0.009577699998772005
13384,0.008602899997640634
13385,0.009184099999401951
13386,0.009164099999907194
13387,0.009567600001901155
13388,0.009847799999988638
13389,0.008144499999616528
13390,0.01126980000117328
13391,0.009021900001243921
13392,0.009785000002011657
13393,0.009743800001160707
13394,0.008202699998946628
13395,0.009639500000048429
13396,0.009285500000260072
13397,0.009858800000074552
13398,0.010487899999134243
13399,0.009666799996921327
13400,0.010524199999053963
13401,0.010234900000796188
13402,0.008276200002001133
13403,0.009687999998277519
13404,0.009129999998549465
13405,0.010145200001716148
13406,0.009830400002101669
13407,0.009655300000304123
13408,0.011117199999716831
13409,0.011286400000244612
13410,0.00798410000061267
13411,0.009329900000011548
13412,0.008160499997757142
13413,0.011058500000217464
13414,0.011266200002864935
13415,0.009283299998060102
13416,0.009739900000568014
13417,0.008062900000368245
13418,0.010160199999518227
13419,0.010276400000293506
13420,0.011159399997268338
13421,0.01014249999934691
13422,0.008965000000898726
13423,0.009073799999896437
13424,0.009713499999634223
13425,0.009100100000068778
13426,0.010553299998719012
13427,0.009476700000959681
13428,0.008529900002031354
13429,0.009674100001575425
13430,0.010210700002062367
13431,0.01014969999960158
13432,0.008627300001535332
13433,0.011457199998403667
13434,0.01072099999873899
13435,0.010660799998731818
13436,0.00976029999947059
13437,0.010058299998490838
13438,0.009296199998061638
13439,0.009396299999934854
13440,0.008837400000629714
13441,0.009108900001592701
13442,0.00931730000229436
13443,0.008329600001161452
13444,0.009035099999891827
13445,0.008155500003340421
13446,0.009616900002583861
13447,0.008614700000180164
13448,0.008771499997237697
13449,0.008451599998807069
13450,0.008444999999483116
13451,0.009633699999540113
13452,0.00816589999885764
13453,0.010811100000864826
13454,0.008283399998617824
13455,0.011524900000949856
13456,0.010916300001554191
13457,0.008371100000658771
13458,0.01014230000146199
13459,0.010240999999950873
13460,0.009360299998661503
13461,0.010194400001637405
13462,0.009831999999732943
13463,0.008891100002074381
13464,0.009156900003290502
13465,0.009283199997298652
13466,0.010528399998293025
13467,0.009352799999760464
13468,0.009703200001240475
13469,0.009104900000238558
13470,0.008465499999147141
13471,0.010293399998772657
13472,0.01296820000061416
13473,0.010248400001728442
13474,0.010224900001048809
13475,0.008386699999391567
13476,0.009292499998991843
13477,0.00896660000216798
13478,0.008969500002422137
13479,0.009906200000841636
13480,0.010759099997812882
13481,0.010124799999175593
13482,0.010174999999435386
13483,0.00995849999890197
13484,0.009768100000655977
13485,0.010617500000080327
13486,0.009514400000625756
13487,0.009691600000223843
13488,0.008498499999404885
13489,0.008911799999623327
13490,0.00796489999993355
13491,0.012115500001527835
13492,0.01096749999851454
13493,0.009182199999486329
13494,0.011606000000028871
13495,0.009620400000130758
13496,0.009071800002857344
13497,0.010178399999858811
13498,0.008426999997027451
13499,0.008295499999803724
13500,0.009550599999784026
13501,0.010075799997139256
13502,0.011640500000794418
13503,0.012442699997336604
13504,0.01111759999912465
13505,0.009486099999776343
13506,0.009297599997807993
13507,0.008713499999430496
13508,0.010168199998588534
13509,0.008856699998432305
13510,0.009661399999458808
13511,0.009802500000660075
13512,0.008574100000259932
13513,0.009775399998034118
13514,0.009612099998776102
13515,0.00983520000227145
13516,0.009404100001120241
13517,0.009360200001538033
13518,0.010148999997909414
13519,0.008702499999344582
13520,0.010641199998644879
13521,0.010662700002285419
13522,0.008698100002220599
13523,0.010261399998853449
13524,0.008428199998888886
13525,0.010284600000886712
13526,0.009959800001524854
13527,0.00819700000283774
13528,0.00955679999970016
13529,0.0085454000000027
13530,0.009607399999367772
13531,0.008165300001564901
13532,0.009135000000242144
13533,0.009127700002864003
13534,0.008491000000503846
13535,0.00970199999937904
13536,0.009289499997976236
13537,0.011981899999227608
13538,0.011943100002099527
13539,0.010559800000919495
13540,0.009874999999738066
13541,0.009824500000831904
13542,0.008209899999201298
13543,0.009281899998313747
13544,0.008083900000201538
13545,0.009738000000652391
13546,0.009538099999190308
13547,0.009532399999443442
13548,0.009652299999288516
13549,0.008045700000366196
13550,0.010064099998999154
13551,0.010862300001463154
13552,0.01072560000102385
13553,0.010433499999635387
13554,0.009311999998317333
13555,0.009875800002191681
13556,0.009954600001947256
13557,0.009403899999597343
13558,0.009519800001726253
13559,0.008651300002384232
13560,0.00881909999952768
13561,0.009710799997264985
13562,0.007977699999173637
13563,0.010055299997475231
13564,0.009698199999547796
13565,0.010590099998808
13566,0.01027310000063153
13567,0.008505100002366817
13568,0.009249499998986721
13569,0.008132700000714976
13570,0.009608799999114126
13571,0.008603100002801511
13572,0.00865440000052331
13573,0.009231500000169035
13574,0.010885700001381338
13575,0.010014899999077898
13576,0.008883499998773914
13577,0.009280199999921024
13578,0.009808399998291861
13579,0.00833779999811668
13580,0.010572200000751764
13581,0.01041800000166404
13582,0.007956900000863243
13583,0.009561000002577202
13584,0.008352799999556737
13585,0.009972299998480594
13586,0.009168500000669155
13587,0.010675800000171876
13588,0.00953049999952782
13589,0.008225800000218442
13590,0.00944829999934882
13591,0.008578900000429712
13592,0.0099463000005926
13593,0.010409200000140117
13594,0.008462300000246614
13595,0.009552300001814729
13596,0.009359700001368765
13597,0.009799600000405917
13598,0.008402100000239443
13599,0.009959200000594137
13600,0.010489399999642046
13601,0.009514000001217937
13602,0.00901230000090436
13603,0.008598099997470854
13604,0.010120499999175081
13605,0.010248699996736832
13606,0.00864690000162227
13607,0.010527499998715939
13608,0.010222300003078999
13609,0.008266900000307942
13610,0.009234000001015374
13611,0.008189000000129454
13612,0.009911299999657786
13613,0.00901499999963562
13614,0.009686400000646245
13615,0.009572799997840775
13616,0.008005200001207413
13617,0.009345299997221446
13618,0.009231100000761217
13619,0.010032799997134134
13620,0.008768499999860069
13621,0.008739900000364287
13622,0.009626099999877624
13623,0.010865000000194414
13624,0.010478100000909762
13625,0.009723799998027971
13626,0.009785999998712214
13627,0.01099400000020978
13628,0.011005699998349883
13629,0.009339700001874007
13630,0.010091800002555829
13631,0.00949679999757791
13632,0.010125800003152108
13633,0.009957300000678515
13634,0.009862700000667246
13635,0.011360399999830406
13636,0.010429099998873426
13637,0.008348000003024936
13638,0.01089240000146674
13639,0.011669999999867287
13640,0.008148299999447772
13641,0.009174099999654572
13642,0.008231599997088779
13643,0.009442700000363402
13644,0.008086900001217145
13645,0.009422999999515014
13646,0.008083199998509372
13647,0.01249669999742764
13648,0.011306699998385739
13649,0.010128400001121918
13650,0.009005899999465328
13651,0.009664400000474416
13652,0.009053300000232412
13653,0.010031999998318497
13654,0.00931999999738764
13655,0.009550999999191845
13656,0.01007949999984703
13657,0.008682499999849824
13658,0.009974900000088383
13659,0.009437699998670723
13660,0.011359000000084052
13661,0.009846599998127203
13662,0.008051400000113063
13663,0.010834000000613742
13664,0.009933400000591064
13665,0.009465200000704499
13666,0.010608700002194382
13667,0.009966800000256626
13668,0.009289399997214787
13669,0.009986499997467035
13670,0.009292499998991843
13671,0.00929579999865382
13672,0.008046899998589652
13673,0.010133300002053147
13674,0.009895099999994272
13675,0.009284399999160087
13676,0.009913099998811958
13677,0.008839699999953154
13678,0.008808399998088134
13679,0.009971999999834225
13680,0.010595999996439787
13681,0.011003100000380073
13682,0.0112989999979618
13683,0.009059299998625647
13684,0.0113232000003336
13685,0.010733400002209237
13686,0.009261900002456969
13687,0.012662199998885626
13688,0.012636200000997633
13689,0.011449599998741178
13690,0.008103299998765578
13691,0.009613099999114638
13692,0.008463900001515867
13693,0.009868999997706851
13694,0.009294399998907465
13695,0.010126599998329766
13696,0.01054640000074869
13697,0.010179000000789529
13698,0.009868199998891214
13699,0.010047199997643474
13700,0.008201200002076803
13701,0.009454499999264954
13702,0.008569199999328703
13703,0.009480299999268027
13704,0.008550800001103198
13705,0.00975260000268463
13706,0.009654699999373406
13707,0.008824700002151076
13708,0.009703100000479026
13709,0.008279999998194398
13710,0.010117800000443822
13711,0.008949399998527952
13712,0.011163299997861031
13713,0.011577900000702357
13714,0.012343599999439903
13715,0.009942699998646276
13716,0.010771600002044579
13717,0.010263899999699788
13718,0.008141600003000349
13719,0.010209399999439484
13720,0.009990900001866976
13721,0.00925439999991795
13722,0.009050700002262602
13723,0.008428500001173234
13724,0.009887599997455254
13725,0.010070699998323107
13726,0.00952079999842681
13727,0.009122799998294795
13728,0.008121899998513982
13729,0.009292999999161111
13730,0.009172599999146769
13731,0.011202899997442728
13732,0.011526900001626927
13733,0.009217200000421144
13734,0.010699300000851508
13735,0.009437099997740006
13736,0.00870529999883729
13737,0.00953980000122101
13738,0.008154600000125356
13739,0.009448999997403007
13740,0.008043500001804205
13741,0.010201199998846278
13742,0.009616999999707332
13743,0.008744999999180436
13744,0.009609500000806293
13745,0.009757499999977881
13746,0.009460799999942537
13747,0.008147399999870686
13748,0.011679399998683948
13749,0.011418300000514137
13750,0.009056999999302207
13751,0.009681999999884283
13752,0.00962459999936982
13753,0.008080700001301011
13754,0.009603900001820875
13755,0.009253000000171596
13756,0.009922699999151519
13757,0.00966790000165929
13758,0.010843400003068382
13759,0.011452400001871865
13760,0.010516499998630024
13761,0.009309099998063175
13762,0.009951799998816568
13763,0.00903180000022985
13764,0.010252100000798237
13765,0.009945499998138985
13766,0.00812499999665306
13767,0.009822300002269913
13768,0.010954800000035902
13769,0.009179600001516519
13770,0.009413399999175454
13771,0.008281300000817282
13772,0.009043699999892851
13773,0.008329000000230735
13774,0.009337900002719834
13775,0.007862300000851974
13776,0.009848399997281376
13777,0.009540500002913177
13778,0.008290900001156842
13779,0.00960290000148234
13780,0.009322099998826161
13781,0.010368200000812067
13782,0.00980139999956009
13783,0.009330299999419367
13784,0.010443600000144215
13785,0.008827099998597987
13786,0.010496300001250347
13787,0.010353400000894908
13788,0.008474499998555984
13789,0.009901199999148957
13790,0.00920369999948889
13791,0.010561399998550769
13792,0.010719400001107715
13793,0.010770299999421695
13794,0.010170099998504156
13795,0.009842700001172489
13796,0.008278299999801675
13797,0.009582999999111053
13798,0.0090319000009913
13799,0.009546799999952782
13800,0.008499999999912689
13801,0.008399799997278024
13802,0.00940210000044317
13803,0.00917710000067018
13804,0.009502499997324776
13805,0.008707299999514362
13806,0.009314100003393833
13807,0.008513299999322044
13808,0.009571800001140218
13809,0.009874899998976616
13810,0.00918699999965611
13811,0.009607699998014141
13812,0.00797709999824292
13813,0.010099499999341788
13814,0.01001670000187005
13815,0.00925940000161063
13816,0.009781500000826782
13817,0.008642700002383208
13818,0.010346999999455875
13819,0.00988070000312291
13820,0.008140800000546733
13821,0.009715000000142027
13822,0.01004579999789712
13823,0.011355599999660626
13824,0.010628199997881893
13825,0.009338599997136043
13826,0.010146399999939604
13827,0.010334899998269975
13828,0.008962799998698756
13829,0.009651199998188531
13830,0.008355499998287996
13831,0.009892500002024462
13832,0.010263999996823259
13833,0.010113600001204759
13834,0.00981820000015432
13835,0.008446800002275268
13836,0.01176850000047125
13837,0.011258200000156648
13838,0.010629799999151146
13839,0.010922299999947427
13840,0.009460699999181088
13841,0.007809700000507291
13842,0.009920799999235896
13843,0.008420800000749296
13844,0.009250899998733075
13845,0.00917680000202381
13846,0.01016630000231089
13847,0.010649300002114614
13848,0.009770799999387236
13849,0.008313599999382859
13850,0.014435100001719547
13851,0.010586899999907473
13852,0.008086999998340616
13853,0.0095060999992711
13854,0.008335700000316137
13855,0.00970210000014049
13856,0.00912370000150986
13857,0.009238099999492988
13858,0.009629700001823949
13859,0.00885990000097081
13860,0.010824299999512732
13861,0.008927499999117572
13862,0.009688899997854605
13863,0.009170799999992596
13864,0.008281099999294383
13865,0.00900750000073458
13866,0.008119900001474889
13867,0.010295399999449728
13868,0.01198370000201976
13869,0.00893010000072536
13870,0.009602399997675093
13871,0.008592500002123415
13872,0.009921100001520244
13873,0.0086788999979035
13874,0.009309699998993892
13875,0.009722900002088863
13876,0.008842300001560943
13877,0.00992480000059004
13878,0.009267900000850204
13879,0.009916400002111914
13880,0.01007499999832362
13881,0.00926170000093407
13882,0.010425100001157261
13883,0.010545499997533625
13884,0.009267000001273118
13885,0.011282200001005549
13886,0.01121670000065933
13887,0.009385800000018207
13888,0.009818899998208508
13889,0.00800349999917671
13890,0.010153100000025006
13891,0.010867100001632934
13892,0.012047500000335276
13893,0.00966849999895203
13894,0.009683700001914985
13895,0.0119548999973631
13896,0.00965870000072755
13897,0.008564600000681821
13898,0.010325700000976212
13899,0.010450300000229618
13900,0.010008999997808132
13901,0.008904199999960838
13902,0.00914770000235876
13903,0.008284799998364178
13904,0.009541600000375183
13905,0.009160699999483768
13906,0.010533800003031502
13907,0.010076399998069974
13908,0.009770700002263766
13909,0.009858800000074552
13910,0.008130800000799354
13911,0.011913199999980861
13912,0.011253399999986868
13913,0.008214500001486158
13914,0.0100337000003492
13915,0.008676599998580059
13916,0.009471199999097735
13917,0.009308400000008987
13918,0.008698699999513337
13919,0.009688699999969685
13920,0.008166600000549806
13921,0.009807300000829855
13922,0.008616300001449417
13923,0.010541100000409642
13924,0.00980379999964498
13925,0.008401600000070175
13926,0.009550599999784026
13927,0.007976099997904385
13928,0.01080060000094818
13929,0.010267099998600315
13930,0.008578099997976096
13931,0.011641400000371505
13932,0.01138590000118711
13933,0.008499399998981971
13934,0.009168299999146257
13935,0.008078900002146838
13936,0.010186700001213467
13937,0.009602300000551622
13938,0.009834399999817833
13939,0.00995379999949364
13940,0.009354899997561006
13941,0.009389899998495821
13942,0.008281799997348571
13943,0.01010859999951208
13944,0.010124600001290673
13945,0.009938099999999395
13946,0.009502799999609124
13947,0.009033700000145473
13948,0.009732300000905525
13949,0.010570300000836141
13950,0.009946899997885339
13951,0.010427899997011991
13952,0.00997040000220295
13953,0.008749799999350216
13954,0.01006260000212933
13955,0.010243000000627944
13956,0.008339799998793751
13957,0.0093196000016178
13958,0.008498099999997066
13959,0.009477799998421688
13960,0.00821910000013304
13961,0.010036600000603357
13962,0.008868200002325466
13963,0.00882400000045891
13964,0.009236000001692446
13965,0.007950999999593478
13966,0.009535099998174701
13967,0.008059600000706268
13968,0.010046899998997105
13969,0.009015800002089236
13970,0.00999500000034459
13971,0.00981839999803924
13972,0.008749500000703847
13973,0.010061400000267895
13974,0.009275500000512693
13975,0.01006020000204444
13976,0.009623399997508386
13977,0.00961989999996149
13978,0.009851600003457861
13979,0.009389699996972922
13980,0.009345700000267243
13981,0.009802200002013706
13982,0.00815359999978682
13983,0.010935199999948964
13984,0.010310099998605438
13985,0.009151399997790577
13986,0.009889100001601037
13987,0.008339399999385932
13988,0.009476499999436783
13989,0.007924800000182586
13990,0.010353300000133459
13991,0.009299299999838695
13992,0.008335700000316137
13993,0.009391099996719277
13994,0.008720199999515899
13995,0.009807100002944935
13996,0.008596799998485949
13997,0.010589699999400182
13998,0.0106965000013588
13999,0.007949099999677856
14000,0.010614599999826169
14001,0.010798600000271108
14002,0.01091660000020056
14003,0.010811899999680463
14004,0.010199100001045736
14005,0.008348800001840573
14006,0.009473499998421175
14007,0.008729799999855459
14008,0.00984740000058082
14009,0.009292399998230394
14010,0.011535300000105053
14011,0.01053410000167787
14012,0.00880920000054175
14013,0.010462999998708256
14014,0.01024899999902118
14015,0.009939899999153567
14016,0.010266799999953946
14017,0.01041599999734899
14018,0.008042000001296401
14019,0.009512099997664336
14020,0.008581499998399522
14021,0.010147500001039589
14022,0.009575999996741302
14023,0.008571700000175042
14024,0.009358200000860961
14025,0.008108500001981156
14026,0.009516199999779928
14027,0.008405700002185768
14028,0.009466200001043035
14029,0.008120700000290526
14030,0.009233000000676839
14031,0.008696300003066426
14032,0.011312099999486236
14033,0.009966100002202438
14034,0.007907600000180537
14035,0.00915750000058324
14036,0.008338200001162477
14037,0.01240450000113924
14038,0.01095300000088173
14039,0.0107955999992555
14040,0.008375099998374935
14041,0.00929290000203764
14042,0.008642799999506678
14043,0.009336099999927683
14044,0.008144799998262897
14045,0.009648900002503069
14046,0.010701799998059869
14047,0.009251700001186691
14048,0.009829800001170952
14049,0.00825540000005276
14050,0.010442200000397861
14051,0.010528200000408106
14052,0.012017100001685321
14053,0.009940699997969205
14054,0.010258800000883639
14055,0.010634499998559477
14056,0.010254999997414416
14057,0.009846799999650102
14058,0.008072299999184906
14059,0.009604899998521432
14060,0.01070370000161347
14061,0.009503099998255493
14062,0.008505300000251736
14063,0.00983500000074855
14064,0.010389999999460997
14065,0.00952030000189552
14066,0.010819300001458032
14067,0.010124100001121406
14068,0.008818400001473492
14069,0.009943499997461913
14070,0.008771900000283495
14071,0.010672199998225551
14072,0.010394700002507307
14073,0.009229499999491964
14074,0.010261799998261267
14075,0.009722900002088863
14076,0.00890639999852283
14077,0.009214199999405537
14078,0.008042999997996958
14079,0.009279200003220467
14080,0.008342699999047909
14081,0.011911699999473058
14082,0.011784499998611864
14083,0.010984900000039488
14084,0.011181499998201616
14085,0.01162819999808562
14086,0.009637999999540625
14087,0.00944770000205608
14088,0.011065300001064315
14089,0.009141499998804647
14090,0.009388600003148895
14091,0.009059400003025075
14092,0.008495199999742908
14093,0.009386500001710374
14094,0.009219100000336766
14095,0.009663600001658779
14096,0.0081754999991972
14097,0.010323000002244953
14098,0.010303499999281485
14099,0.009216599999490427
14100,0.00970450000022538
14101,0.008161499998095678
14102,0.010271999999531545
14103,0.01089990000036778
14104,0.01244349999979022
14105,0.00979889999871375
14106,0.00984260000041104
14107,0.009044799997354858
14108,0.00944549999985611
14109,0.008077800001046853
14110,0.010359400002926122
14111,0.010055700000521028
14112,0.008638300001621246
14113,0.010731499998655636
14114,0.011435299998993287
14115,0.007976799999596551
14116,0.00926669999898877
14117,0.007893699999840464
14118,0.009872500002529705
14119,0.009083599998120917
14120,0.009340599997813115
14121,0.008553400002710987
14122,0.008633100002043648
14123,0.009572299997671507
14124,0.009237900001608068
14125,0.010230300002149306
14126,0.009361100001115119
14127,0.008566699998482363
14128,0.0089858000028471
14129,0.008673000000271713
14130,0.011297000000922708
14131,0.011055499999201857
14132,0.009297200002038153
14133,0.009862699997029267
14134,0.008839900001476053
14135,0.010093200002302183
14136,0.009851599999819882
14137,0.008875499999703607
14138,0.00964659999954165
14139,0.00793100000009872
14140,0.010456399999384303
14141,0.01043030000073486
14142,0.00835910000023432
14143,0.009374500001285924
14144,0.01079570000001695
14145,0.009794100002181949
14146,0.008638699997391086
14147,0.008359799998288509
14148,0.009446600000956096
14149,0.008536400000593858
14150,0.009696500001155073
14151,0.00853090000236989
14152,0.009680099999968661
14153,0.009444399998756126
14154,0.008912699999200413
14155,0.010649499999999534
14156,0.008382900003198301
14157,0.009931799999321811
14158,0.00980120000167517
14159,0.011950299998716218
14160,0.01243389999945066
14161,0.012078600000677397
14162,0.009281899998313747
14163,0.010054800000943942
14164,0.009562400002323557
14165,0.011106499998277286
14166,0.010016200001700781
14167,0.010240200001135236
14168,0.008191999997507082
14169,0.009286299999075709
14170,0.008750099997996585
14171,0.009604700000636512
14172,0.008705500000360189
14173,0.010064100002637133
14174,0.010033800001110649
14175,0.009441599999263417
14176,0.00916259999939939
14177,0.007934099998237798
14178,0.010007900000346126
14179,0.00964160000148695
14180,0.009372200001962483
14181,0.009920399999828078
14182,0.008995700001833029
14183,0.009862200000497978
14184,0.008701800001290394
14185,0.009805400000914233
14186,0.009819599999900674
14187,0.009258299996872665
14188,0.009932900000421796
14189,0.008707100001629442
14190,0.00987389999863808
14191,0.010130900001968257
14192,0.008568299999751616
14193,0.009788899998966372
14194,0.008529800001269905
14195,0.009655300000304123
14196,0.009330299999419367
14197,0.009397899997566128
14198,0.009817799997108523
14199,0.009119999998802086
14200,0.009758299998793518
14201,0.00891349999801605
14202,0.009554299998853821
14203,0.010448799999721814
14204,0.010108800001034979
14205,0.011414300002797972
14206,0.009525900000880938
14207,0.008278900000732392
14208,0.010378500002843793
14209,0.010737299999163952
14210,0.012040200002957135
14211,0.009460300003411248
14212,0.009139399997366127
14213,0.011254599998210324
14214,0.010668499999155756
14215,0.010290400001395028
14216,0.01004079999984242
14217,0.01019570000062231
14218,0.008546799999749055
14219,0.01014260000010836
14220,0.009943199998815544
14221,0.008173800000804476
14222,0.010468300002685282
14223,0.010638199997629272
14224,0.01155310000103782
14225,0.010856900000362657
14226,0.008488800001941854
14227,0.00924700000177836
14228,0.008815799999865703
14229,0.008430300000327406
14230,0.009099499999138061
14231,0.008053800000197953
14232,0.010444699997606222
14233,0.00998270000127377
14234,0.009523600001557497
14235,0.009349899999506306
14236,0.009169500001007691
14237,0.01021509999918635
14238,0.0101278000001912
14239,0.00861300000178744
14240,0.009938899998815032
14241,0.010049799999251263
14242,0.010125199998583412
14243,0.009747100000822684
14244,0.011111900003015762
14245,0.010977599999023369
14246,0.010443999999552034
14247,0.00944560000061756
14248,0.009954700002708705
14249,0.009199899999657646
14250,0.009283499999583
14251,0.00917210000261548
14252,0.00838600000133738
14253,0.00977219999913359
14254,0.010753200000181096
14255,0.012143899999500718
14256,0.012509600001067156
14257,0.01193290000082925
14258,0.010973299999022856
14259,0.012105499998142477
14260,0.011498200001369696
14261,0.011109799997939263
14262,0.00807129999884637
14263,0.00922079999872949
14264,0.00807389999681618
14265,0.009656800000811927
14266,0.009277900000597583
14267,0.009771300003194483
14268,0.008567799999582348
14269,0.010400800001661992
14270,0.01048599999921862
14271,0.008254800002760021
14272,0.00942140000188374
14273,0.009563799998431932
14274,0.009314200000517303
14275,0.010237800001050346
14276,0.009283999999752268
14277,0.011195000002771849
14278,0.011107000002084533
14279,0.00998999999865191
14280,0.010329499997169478
14281,0.010288100002071587
14282,0.008827300000120886
14283,0.010912900001130765
14284,0.012580599999637343
14285,0.010999499998433748
14286,0.011674100001982879
14287,0.010840899998584064
14288,0.008226400001149159
14289,0.009750299999723211
14290,0.009614300000976073
14291,0.009379199997056276
14292,0.010415099997771904
14293,0.011192099998879712
14294,0.01240479999978561
14295,0.011672299999190727
14296,0.010538000002270564
14297,0.009265599997888785
14298,0.01024909999978263
14299,0.009480299999268027
14300,0.008571000002120854
14301,0.009006000000226777
14302,0.009590300000127172
14303,0.009757499999977881
14304,0.008333400000992697
14305,0.009033599999384023
14306,0.0079239000006055
14307,0.011821100000815932
14308,0.011938200001168298
14309,0.009587399999873014
14310,0.011709199996403186
14311,0.010579399997368455
14312,0.009182900001178496
14313,0.010025999999925261
14314,0.00991760000033537
14315,0.009270799997466384
14316,0.010200799999438459
14317,0.00893269999869517
14318,0.00990549999914947
14319,0.0100456000000122
14320,0.008430199999565957
14321,0.009958399998140521
14322,0.009004899999126792
14323,0.010385300000052666
14324,0.010041200002888218
14325,0.009002499999041902
14326,0.009982900002796669
14327,0.008883899998181732
14328,0.010743400001956616
14329,0.00984020000032615
14330,0.007976299999427283
14331,0.009277000001020497
14332,0.008347700000740588
14333,0.00990270000329474
14334,0.00982280000243918
14335,0.008200000000215368
14336,0.009408099998836406
14337,0.008140399997500936
14338,0.009796800000913208
14339,0.008730400000786176
14340,0.012419599999702768
14341,0.00993200000084471
14342,0.008922200002416503
14343,0.009667599999374943
14344,0.009279999998398125
14345,0.007971499999257503
14346,0.009569100002408959
14347,0.008181900000636233
14348,0.009498100000200793
14349,0.008143499999277992
14350,0.010024399998656008
14351,0.010352299999794923
14352,0.009409299997059861
14353,0.009863799998129252
14354,0.008308000000397442
14355,0.009140599999227561
14356,0.008745499999349704
14357,0.01110990000233869
14358,0.011503300000185845
14359,0.008754400001635076
14360,0.009155199997621821
14361,0.010610599998472026
14362,0.011421899998822482
14363,0.009418799996637972
14364,0.010233100001642015
14365,0.009964799999579554
14366,0.009047399998962646
14367,0.007951200001116376
14368,0.012717899997369386
14369,0.010666599999240134
14370,0.009386400000948925
14371,0.00981330000286107
14372,0.01032399999894551
14373,0.009331100001872983
14374,0.010151800001040101
14375,0.010395199999038596
14376,0.008935599998949328
14377,0.00945030000002589
14378,0.008929700001317542
14379,0.0093367000008584
14380,0.008954799999628449
14381,0.009656999998696847
14382,0.010472900001332164
14383,0.01030680000258144
14384,0.009287699998822063
14385,0.00860850000026403
14386,0.009925499998644227
14387,0.010213000001385808
14388,0.009598599997843849
14389,0.00988599999982398
14390,0.009270300000935094
14391,0.010105500001373002
14392,0.010285500000463799
14393,0.008669999999256106
14394,0.00972389999878942
14395,0.00988629999847035
14396,0.009795699999813223
14397,0.009870100002444815
14398,0.009526999998342944
14399,0.009468199998082127
14400,0.010118899997905828
14401,0.009042099998623598
14402,0.010533500000747154
14403,0.010425299999042181
14404,0.010153100000025006
14405,0.011323300001095049
14406,0.010887000000366243
14407,0.008253399999375688
14408,0.009258599999157013
14409,0.008446600000752369
14410,0.010357099999964703
14411,0.010540600000240374
14412,0.009221699998306576
14413,0.01062669999737409
14414,0.008869599998433841
14415,0.010805099998833612
14416,0.014941099998395657
14417,0.011114299999462673
14418,0.008186000002751825
14419,0.009640199998102617
14420,0.008986699998786207
14421,0.009371100000862498
14422,0.00914069999998901
14423,0.008951499999966472
14424,0.010197499999776483
14425,0.011768700001994148
14426,0.01093600000240258
14427,0.011690299998008413
14428,0.011633499998424668
14429,0.008152699996571755
14430,0.00911170000108541
14431,0.00834709999980987
14432,0.009759500000654953
14433,0.00839070000074571
14434,0.009626799997931812
14435,0.009128000001510372
14436,0.008848100002069259
14437,0.010478500000317581
14438,0.008591800000431249
14439,0.00952069999766536
14440,0.008124299998598872
14441,0.009369899999001063
14442,0.009196099999826401
14443,0.008153000002494082
14444,0.00953049999952782
14445,0.008911900000384776
14446,0.010112100000696955
14447,0.009562799998093396
14448,0.008480099997541402
14449,0.009384500001033302
14450,0.00980110000091372
14451,0.010200199998507742
14452,0.00811960000282852
14453,0.009828700000070967
14454,0.010008900000684662
14455,0.011998699999821838
14456,0.010642400000506314
14457,0.010521500000322703
14458,0.009310900000855327
14459,0.01060430000143242
14460,0.009971499999664957
14461,0.00844409999990603
14462,0.009552999999868916
14463,0.009096300000237534
14464,0.010170899997319793
14465,0.010518399998545647
14466,0.009330799999588635
14467,0.010046399998827837
14468,0.00837859999955981
14469,0.009715700001834193
14470,0.008780899999692338
14471,0.008673200001794612
14472,0.009452199999941513
14473,0.008509199997206451
14474,0.01085859999875538
14475,0.012452599999960512
14476,0.008769700001721503
14477,0.01137360000211629
14478,0.011727500001143198
14479,0.011210299999220297
14480,0.011960499999986496
14481,0.011385599998902762
14482,0.008591300000261981
14483,0.011682500000461005
14484,0.01178990000335034
14485,0.008258600002591265
14486,0.011263699998380616
14487,0.012357799998426344
14488,0.011368499999662163
14489,0.009670100000221282
14490,0.0099564999982249
14491,0.007976699998835102
14492,0.009926699996867683
14493,0.009040699998877244
14494,0.009563100000377744
14495,0.009172500002023298
14496,0.008198200001061196
14497,0.00984239999888814
14498,0.0092084000025352
14499,0.009152100003120722
14500,0.008377599999221275
14501,0.009511500000371598
14502,0.009889199998724507
14503,0.008227899998018984
14504,0.00948419999986072
14505,0.009192999998049345
14506,0.009598500000720378
14507,0.009467199997743592
14508,0.008725300001970027
14509,0.009357700000691693
14510,0.007946000001538778
14511,0.00971410000056494
14512,0.008154400002240436
14513,0.0096997000000556
14514,0.009816499998123618
14515,0.012038900000334252
14516,0.014131699997960823
14517,0.011335900002450217
14518,0.01201270000092336
14519,0.009279699999751756
14520,0.01064319999932195
14521,0.011190899997018278
14522,0.00984729999981937
14523,0.010910700002568774
14524,0.010796399998071138
14525,0.009907300001941621
14526,0.00996609999856446
14527,0.010101800002303207
14528,0.010397599999123486
14529,0.011615299998084083
14530,0.010337499999877764
14531,0.009630799999285955
14532,0.010045200000604382
14533,0.008832100000290666
14534,0.010859199999686098
14535,0.009480400000029476
14536,0.009372600001370301
14537,0.009614699996745912
14538,0.00923289999991539
14539,0.010303800001565833
14540,0.009982299998227973
14541,0.009423499999684282
14542,0.009947899998223875
14543,0.008366099998966092
14544,0.009923899997374974
14545,0.01083210000069812
14546,0.011025899999367539
14547,0.009054899997863686
14548,0.00922280000304454
14549,0.00842700000066543
14550,0.010185700000874931
14551,0.011051899997255532
14552,0.00929530000212253
14553,0.00997559999814257
14554,0.010700700000597863
14555,0.010143100000277627
14556,0.009664000001066597
14557,0.008123799998429604
14558,0.009436700001970166
14559,0.008081600000878097
14560,0.00973610000073677
14561,0.008655400000861846
14562,0.010511499996937346
14563,0.009597100000974024
14564,0.010141700000531273
14565,0.009615599999960978
14566,0.008016299998416798
14567,0.01144140000178595
14568,0.011668099999951664
14569,0.009314299997640774
14570,0.011043800001061754
14571,0.010354300000471994
14572,0.008081799998763017
14573,0.009980700000596698
14574,0.008967599998868536
14575,0.009563600000547012
14576,0.010358200001064688
14577,0.008411599999817554
14578,0.009405900000274414
14579,0.007939800001622643
14580,0.009350399999675574
14581,0.008229999999457505
14582,0.01032860000123037
14583,0.009883999999146909
14584,0.010184899998421315
14585,0.01054189999922528
14586,0.00977979999879608
14587,0.009356300000945339
14588,0.009734800001751864
14589,0.008272800001577707
14590,0.009353599998576101
14591,0.007968199999595527
14592,0.009345200000097975
14593,0.009585799998603761
14594,0.008940799998526927
14595,0.009403299998666625
14596,0.008188600000721635
14597,0.009145899999566609
14598,0.008011399997485569
14599,0.010083699999086093
14600,0.01041119999717921
14601,0.009318000000348547
14602,0.009720199999719625
14603,0.009062799999810522
14604,0.010936599999695318
14605,0.010568900001089787
14606,0.009132300001510885
14607,0.009734699997352436
14608,0.009392100000695791
14609,0.008630500000435859
14610,0.009559800000715768
14611,0.011924700000236044
14612,0.011844299999211216
14613,0.010598899996693945
14614,0.008191099997929996
14615,0.011343599999236176
14616,0.010296699998434633
14617,0.009336200000689132
14618,0.009995699998398777
14619,0.008374199998797849
14620,0.010033099999418482
14621,0.010791100001370069
14622,0.007871100002375897
14623,0.01171029999750317
14624,0.011846800000057556
14625,0.012015300002531148
14626,0.009528400001727277
14627,0.009342000001197448
14628,0.009591300000465708
14629,0.009984500000427943
14630,0.008544100001017796
14631,0.010284100000717444
14632,0.010388499998953193
14633,0.00835440000082599
14634,0.010047500003565801
14635,0.009094400000321912
14636,0.010084999998070998
14637,0.009470299999520648
14638,0.008271700000477722
14639,0.010085699999763165
14640,0.009473199999774806
14641,0.010031400001025759
14642,0.010045399998489302
14643,0.00804450000214274
14644,0.009606599996914156
14645,0.008856199998263037
14646,0.010426699998788536
14647,0.009466100000281585
14648,0.009565500000462634
14649,0.010315700001228834
14650,0.00986180000109016
14651,0.010575099997367943
14652,0.010189600001467625
14653,0.009262999999918975
14654,0.010320200002752244
14655,0.010689999999158317
14656,0.010733300001447788
14657,0.010076799997477792
14658,0.008435200001258636
14659,0.008469899999909103
14660,0.00901969999904395
14661,0.008497800001350697
14662,0.009517099999357015
14663,0.008680599999934202
14664,0.009494699999777367
14665,0.009463000002142508
14666,0.009614099999453174
14667,0.009470299999520648
14668,0.009101400002691662
14669,0.010039400000096066
14670,0.009049799999047536
14671,0.01027089999843156
14672,0.010554200001934078
14673,0.010055799997644499
14674,0.012248500002897345
14675,0.010993500000040513
14676,0.008107499998004641
14677,0.00966580000022077
14678,0.008725700001377845
14679,0.009937099999660859
14680,0.009442400001717033
14681,0.008465200000500772
14682,0.00923269999839249
14683,0.008715700001630466
14684,0.010404000000562519
14685,0.010439000001497334
14686,0.00939509999807342
14687,0.010568099998636171
14688,0.009945900001184782
14689,0.00911669999914011
14690,0.009377799997309921
14691,0.008262200000899611
14692,0.010787600000185193
14693,0.012008999998215586
14694,0.009196800001518568
14695,0.010960699997667689
14696,0.010769900000013877
14697,0.00811500000054366
14698,0.009427799999684794
14699,0.011026599997421727
14700,0.009693700001662364
14701,0.008962600000813836
14702,0.009274399999412708
14703,0.010794699999678414
14704,0.011869699999806471
14705,0.010105500001373002
14706,0.011559200000192504
14707,0.011754600000131177
14708,0.009359499999845866
14709,0.01178290000098059
14710,0.011268099999142578
14711,0.008730300000024727
14712,0.009721099999296712
14713,0.009132300001510885
14714,0.010613499998726184
14715,0.009904599999572383
14716,0.008135500000207685
14717,0.009009699999296572
14718,0.008138999997754581
14719,0.009977100002288353
14720,0.0094067999998515
14721,0.009255900000425754
14722,0.009353000001283363
14723,0.00942880000002333
14724,0.009541199997329386
14725,0.008009699999092845
14726,0.009497999999439344
14727,0.009341199998743832
14728,0.008271699996839743
14729,0.00897840000106953
14730,0.008106199999019736
14731,0.009165700001176447
14732,0.00808340000003227
14733,0.009494300000369549
14734,0.008316299998114118
14735,0.009169299999484792
14736,0.007897300001786789
14737,0.010934199999610428
14738,0.009720499998365995
14739,0.008431799997197231
14740,0.009818700000323588
14741,0.008727899999939837
14742,0.009079399998881854
14743,0.008627100000012433
14744,0.00826000000233762
14745,0.009105799999815645
14746,0.008301999998366227
14747,0.009458700002141995
14748,0.009116100001847371
14749,0.00918670000100974
14750,0.008055900001636473
14751,0.009906600000249455
14752,0.010549900001933565
14753,0.008899500000552507
14754,0.009700800001155585
14755,0.00906570000006468
14756,0.009517200000118464
14757,0.009204400001181057
14758,0.008742400001210626
14759,0.010158400000364054
14760,0.011905399998795474
14761,0.010967800000798889
14762,0.010977799996908288
14763,0.0095763999997871
14764,0.011018900000635767
14765,0.010598300003039185
14766,0.008596100000431761
14767,0.01033119999920018
14768,0.010302700000465848
14769,0.009023300000990275
14770,0.010914900001807837
14771,0.01028750000114087
14772,0.008551499999157386
14773,0.009400400002050446
14774,0.008079199997155229
14775,0.011068299998441944
14776,0.008744599999772618
14777,0.008527699999831384
14778,0.009396299999934854
14779,0.00927149999915855
14780,0.009812799999053823
14781,0.008399000002100365
14782,0.009161900001345202
14783,0.008748500000365311
14784,0.008704399999260204
14785,0.00945539999884204
14786,0.009334500002296409
14787,0.00943589999951655
14788,0.008058600000367733
14789,0.00901739999972051
14790,0.008327900002768729
14791,0.010002700000768527
14792,0.009857599998213118
14793,0.008792000000539701
14794,0.009635400001570815
14795,0.00814869999885559
14796,0.01026369999817689
14797,0.009269999998650746
14798,0.008152000002155546
14799,0.009623500001907814
14800,0.009755999999470077
14801,0.010114000000612577
14802,0.010017699998570606
14803,0.00929810000161524
14804,0.010274799999024253
14805,0.009117999998125015
14806,0.010545100001763785
14807,0.009890199999063043
14808,0.008038600000872975
14809,0.009484999998676358
14810,0.009947200000169687
14811,0.009291899998061126
14812,0.008817800000542775
14813,0.011235000001761364
14814,0.009858099998382386
14815,0.008593499998823972
14816,0.012349799999356037
14817,0.010493099998711841
14818,0.008531600000424078
14819,0.009285200001613703
14820,0.008367700000235345
14821,0.009038299998792354
14822,0.009263299998565344
14823,0.008720100002392428
14824,0.009722200000396697
14825,0.009685599998192629
14826,0.010212200002570171
14827,0.010129299997061025
14828,0.008009699999092845
14829,0.010201299999607727
14830,0.012222900000779191
14831,0.011045700000977376
14832,0.010833200001798104
14833,0.009820000002946472
14834,0.009425599997484824
14835,0.010249999999359716
14836,0.008759299998928327
14837,0.009807999998884043
14838,0.009956800000509247
14839,0.009312900001532398
14840,0.010366899998189183
14841,0.008804799999779789
14842,0.010146299999178154
14843,0.009957699996448355
14844,0.009425599997484824
14845,0.009960400002455572
14846,0.00819720000072266
14847,0.010931500000879169
14848,0.01150960000086343
14849,0.010033099999418482
14850,0.00995889999830979
14851,0.009903999998641666
14852,0.008680899998580571
14853,0.00965879999785102
14854,0.010099200000695419
14855,0.009188500000163913
14856,0.007990400001290254
14857,0.010630199998558965
14858,0.011271600000327453
14859,0.010896800002228701
14860,0.010907200001383899
14861,0.011189400000148453
14862,0.009999300000345102
14863,0.008486999999149702
14864,0.009316700001363643
14865,0.008820600000035483
14866,0.010218899999017594
14867,0.009709099998872261
14868,0.009361799999169307
14869,0.010213999998086365
14870,0.009497200000623707
14871,0.010897899999690708
14872,0.010425100001157261
14873,0.008198299998184666
14874,0.009942700002284255
14875,0.009576199998264201
14876,0.010434899999381742
14877,0.010518499999307096
14878,0.009335200000350596
14879,0.010631699999066768
14880,0.00986669999838341
14881,0.007959300000948133
14882,0.00992960000075982
14883,0.010097399997903267
14884,0.00961279999683029
14885,0.008928700000979006
14886,0.008327200001076562
14887,0.009326399998826673
14888,0.00851669999974547
14889,0.010284700001648162
14890,0.00975770000150078
14891,0.009849199999734992
14892,0.010284500000125263
14893,0.008084799999778625
14894,0.01000700000076904
14895,0.009962600001017563
14896,0.009540399998513749
14897,0.010480099997948855
14898,0.010082200002216268
14899,0.009649299998272909
14900,0.009704100000817562
14901,0.008202799999708077
14902,0.009612800000468269
14903,0.008302899997943314
14904,0.009263399999326793
14905,0.008029800002987031
14906,0.011382799999410054
14907,0.010780000000522705
14908,0.008321699999214616
14909,0.00937290000001667
14910,0.008573800001613563
14911,0.00929530000212253
14912,0.007810899998730747
14913,0.009229900002537761
14914,0.00960530000156723
14915,0.008829099999275059
14916,0.009667800000897842
14917,0.00914569999804371
14918,0.010123899999598507
14919,0.00981809999939287
14920,0.008861899998009903
14921,0.010595600000669947
14922,0.00958340000215685
14923,0.011645700000372017
14924,0.010259099999530008
14925,0.007964600001287181
14926,0.009493599998677382
14927,0.008603099999163533
14928,0.009979999998904532
14929,0.00995390000025509
14930,0.009199500000249827
14931,0.011035899999114918
14932,0.011061599998356542
14933,0.008355499998287996
14934,0.009425700001884252
14935,0.00807379999969271
14936,0.010347299998102244
14937,0.009159000001091044
14938,0.008237300000473624
14939,0.009245900000678375
14940,0.008068600000115111
14941,0.009584299998095958
14942,0.007963299998664297
14943,0.010601599999063183
14944,0.010503999998036306
14945,0.00922319999881438
14946,0.010653800000000047
14947,0.009386699999595294
14948,0.010611199999402743
14949,0.010343699999793898
14950,0.009150999998382758
14951,0.009563499999785563
14952,0.008098599999357248
14953,0.010105899997142842
14954,0.010352400000556372
14955,0.008543699997971999
14956,0.010085199999593897
14957,0.009920200001943158
14958,0.011323300001095049
14959,0.009860100002697436
14960,0.007953899999847636
14961,0.011366300001100171
14962,0.011292200000752928
14963,0.007984199997736141
14964,0.010931600001640618
14965,0.012156900000263704
14966,0.010618099997373065
14967,0.011858400001074187
14968,0.011246500002016546
14969,0.009102500000153668
14970,0.010041699999419507
14971,0.009371299998747418
14972,0.008232000000134576
14973,0.009294999999838183
14974,0.0080350999996881
14975,0.010805099998833612
14976,0.009426999997231178
14977,0.010363299999880837
14978,0.010088499999255873
14979,0.008058999999775551
14980,0.009387099999003112
14981,0.008417799999733688
14982,0.009835700002440717
14983,0.009929200001352001
14984,0.008363400000234833
14985,0.009740299999975832
14986,0.00870529999883729
14987,0.009914199999911943
14988,0.011377300001186086
14989,0.010673699998733355
14990,0.012456700002076104
14991,0.011269599999650382
14992,0.0090388000025996
14993,0.009979699996620184
14994,0.009894900002109352
14995,0.00840030000108527
14996,0.00952069999766536
14997,0.009051699998963159
14998,0.009296899999753805
14999,0.008142599999700906
15000,0.011665300000458956
15001,0.010948799998004688
15002,0.009192800000164425
15003,0.01047189999735565
15004,0.010031900001195027
15005,0.008011599999008467
15006,0.009009299999888754
15007,0.008295899999211542
15008,0.00983000000269385
15009,0.009449000001040986
15010,0.009972100000595674
15011,0.010739200002717553
15012,0.012102699998649769
15013,0.009437900000193622
15014,0.010117499998159474
15015,0.012098999999579974
15016,0.009764700000232551
15017,0.010439199999382254
15018,0.008708100001967978
15019,0.010462100002769148
15020,0.010068999999930384
15021,0.008024499999010004
15022,0.00948459999926854
15023,0.009066500002518296
15024,0.009987000001274282
15025,0.009785499998542946
15026,0.009775499998795567
15027,0.009656499998527579
15028,0.0080061000007845
15029,0.010162200000195298
15030,0.010593400002107956
15031,0.009224299999914365
15032,0.009198499999911292
15033,0.008800400002655806
15034,0.00945569999748841
15035,0.008224600001994986
15036,0.010181900001043687
15037,0.010289699999702862
15038,0.011003399999026442
15039,0.009470799999689916
15040,0.008401099999900907
15041,0.009522799999103881
15042,0.010538500002439832
15043,0.008165100000042003
15044,0.010345499998948071
15045,0.009867199998552678
15046,0.00843410000015865
15047,0.009303200000431389
15048,0.008993699997517979
15049,0.010799299998325296
15050,0.011428900001192233
15051,0.010860100002901163
15052,0.009257799996703397
15053,0.008207900002162205
15054,0.009292700000514742
15055,0.00984240000252612
15056,0.009241699997801334
15057,0.009846400000242284
15058,0.008626499999081716
15059,0.011784999998781132
15060,0.011031199999706587
15061,0.009198599997034762
15062,0.010174800001550466
15063,0.009975000000849832
15064,0.009367599999677623
15065,0.009219900002790382
15066,0.008014700000785524
15067,0.009294400002545444
15068,0.008138799999869661
15069,0.009367200000269804
15070,0.009277100001781946
15071,0.007924800000182586
15072,0.009738199998537311
15073,0.010606299998471513
15074,0.010085099998832447
15075,0.009428400000615511
15076,0.009265400000003865
15077,0.010839099999429891
15078,0.011428599998907885
15079,0.009261300001526251
15080,0.009686000001238426
15081,0.00811279999834369
15082,0.010154899999179179
15083,0.00954009999986738
15084,0.010208100000454579
15085,0.010180600002058782
15086,0.008628999999928055
15087,0.01085130000137724
15088,0.010709899997891625
15089,0.01181939999878523
15090,0.01228370000171708
15091,0.011726799999451032
15092,0.013641800000186777
15093,0.01362879999942379
15094,0.01059279999753926
15095,0.011629600001469953
15096,0.011219800002436386
15097,0.010781099997984711
15098,0.010105800000019372
15099,0.010409200000140117
15100,0.010498800002096687
15101,0.011496099999931175
15102,0.016045300002588192
15103,0.017126400001870934
15104,0.012520499996753642
15105,0.011426900000515161
15106,0.010279399997671135
15107,0.01225699999849894
15108,0.012023199997202028
15109,0.011280100003205007
15110,0.008834199998091208
15111,0.011466300002211938
15112,0.009303300001192838
15113,0.00948910000079195
15114,0.010301499998604413
15115,0.009191000001010252
15116,0.01112450000073295
15117,0.010368399998696987
15118,0.009371899999678135
15119,0.009930199998052558
15120,0.009428599998500431
15121,0.010547600002610125
15122,0.010082699998747557
15123,0.008060500000283355
15124,0.009591499998350628
15125,0.008129900001222268
15126,0.009504900001047645
15127,0.009511399999610148
15128,0.010694699998566648
15129,0.012514899997768225
15130,0.011311700000078417
15131,0.0094600000011269
15132,0.011150599999382393
15133,0.011686999998346437
15134,0.01001199999882374
15135,0.008923299999878509
15136,0.008640899999591056
15137,0.010905499999353196
15138,0.010192600002483232
15139,0.008410499998717569
15140,0.009536099998513237
15141,0.009553800002322532
15142,0.008750299999519484
15143,0.010162700000364566
15144,0.009210399999574292
15145,0.009494500001892447
15146,0.009314700000686571
15147,0.009399200000189012
15148,0.01022469999952591
15149,0.008332900000823429
15150,0.010463199996593175
15151,0.010241200001473771
15152,0.009298400000261609
15153,0.011329599998134654
15154,0.012205799997900613
15155,0.010802100001455983
15156,0.010488899999472778
15157,0.009955999998055631
15158,0.008051600001635961
15159,0.009149100002105115
15160,0.008068600000115111
15161,0.009857699998974567
15162,0.009403299998666625
15163,0.010346099999878788
15164,0.009828599999309517
15165,0.008111499999358784
15166,0.010256800000206567
15167,0.009444600000279024
15168,0.009893899998132838
15169,0.01008910000018659
15170,0.00938049999967916
15171,0.010491299999557668
15172,0.010180000001128064
15173,0.009996300002967473
15174,0.01046670000141603
15175,0.009424800002307165
15176,0.00849949999974342
15177,0.009485000002314337
15178,0.011508300001878524
15179,0.01196909999998752
15180,0.010850399998162175
15181,0.00878270000248449
15182,0.01119499999913387
15183,0.010961899999529123
15184,0.009072300003026612
15185,0.01116120000006049
15186,0.010887100001127692
15187,0.01013000000239117
15188,0.01068920000034268
15189,0.009684799999376992
15190,0.009698400001070695
15191,0.011710700000548968
15192,0.011731500002497341
15193,0.012117999998736195
15194,0.01270259999728296
15195,0.0114685999978974
15196,0.008899500000552507
15197,0.008402299998124363
15198,0.009516000001895009
15199,0.009269599999242928
15200,0.009722899998450885
15201,0.008112299998174421
15202,0.010673900000256253
15203,0.010471099998540012
15204,0.00908279999930528
15205,0.010012099999585189
15206,0.009271099999750732
15207,0.009169200002361322
15208,0.01015929999994114
15209,0.010125799999514129
15210,0.010905800001637544
15211,0.010637600000336533
15212,0.009543799998937175
15213,0.010560200000327313
15214,0.009330599998065736
15215,0.008713100000022678
15216,0.00958580000224174
15217,0.00956189999851631
15218,0.010178399999858811
15219,0.008392699997784803
15220,0.012248399998497916
15221,0.011929799999052193
15222,0.011314900002616923
15223,0.008069899999100016
15224,0.010322800000722054
15225,0.010886699998081895
15226,0.008480799999233568
15227,0.009131900002103066
15228,0.008907100000214996
15229,0.009342000001197448
15230,0.008122999999613967
15231,0.011650199998257449
15232,0.011168900000484427
15233,0.008738700002140831
15234,0.01188430000183871
15235,0.010024999999586726
15236,0.008753099999012193
15237,0.009473299996898277
15238,0.007934699999168515
15239,0.009714600000734208
15240,0.008539400001609465
15241,0.011630000000877772
15242,0.010598300003039185
15243,0.009248500002286164
15244,0.010269899998093024
15245,0.00985709999804385
15246,0.008452199999737786
15247,0.009537099998851772
15248,0.008448800002952339
15249,0.01102579999860609
15250,0.011302499999146676
15251,0.00960789999953704
15252,0.009692299998278031
15253,0.008574800001952099
15254,0.008912299999792594
15255,0.009224700002960162
15256,0.008397499997954583
15257,0.00927400000000489
15258,0.008275399999547517
15259,0.009630199998355238
15260,0.008963000000221655
15261,0.01195229999939329
15262,0.011606500000198139
15263,0.009662599997682264
15264,0.011663600002066232
15265,0.010925499998847954
15266,0.010102500000357395
15267,0.008220200001233025
15268,0.00952049999978044
15269,0.008566000000428176
15270,0.00976769999761018
15271,0.008609399999841116
15272,0.011365899998054374
15273,0.010780699998576893
15274,0.009319499997218372
15275,0.01209480000034091
15276,0.011912199999642326
15277,0.01148059999832185
15278,0.011037899999791989
15279,0.01115139999819803
15280,0.01048839999930351
15281,0.009165899999061367
15282,0.009940899999492103
15283,0.008569399997213623
15284,0.009613899997930275
15285,0.008372200001758756
15286,0.009582900001987582
15287,0.009682399999292102
15288,0.009256299999833573
15289,0.011183299997355789
15290,0.01023449999775039
15291,0.00862549999874318
15292,0.009757399999216432
15293,0.009466999999858672
15294,0.009430300000531133
15295,0.008554700001695892
15296,0.008700099999259692
15297,0.01031669999792939
15298,0.010446000000229105
15299,0.013942599998699734
15300,0.011354300000675721
15301,0.014982699998654425
15302,0.011759099998016609
15303,0.010331999998015817
15304,0.011833199998363853
15305,0.010742599999503
15306,0.009407600002305117
15307,0.009920500000589527
15308,0.008785799996985588
15309,0.009555200002068887
15310,0.009238599999662256
15311,0.009349799998744857
15312,0.010657099999662023
15313,0.00961739999911515
15314,0.008479399999487214
15315,0.009622599998692749
15316,0.010224300000118092
15317,0.01089259999935166
15318,0.012319199999183184
15319,0.010971699997753603
15320,0.01184050000301795
15321,0.011193899998033885
15322,0.011678300001221942
15323,0.011717100001988001
15324,0.0123249999996915
15325,0.011282999999821186
15326,0.011027599997760262
15327,0.009066099999472499
15328,0.01159399999960442
15329,0.010794300000270596
15330,0.010725100000854582
15331,0.012402899999869987
15332,0.012050500001350883
15333,0.011472899997897912
15334,0.009325400002126116
15335,0.009470100001635728
15336,0.00853590000042459
15337,0.01122640000176034
15338,0.011029199999029515
15339,0.008539300000848016
15340,0.010335499999200692
15341,0.0087561000000278
15342,0.011217899998882785
15343,0.010878900000534486
15344,0.00929339999856893
15345,0.010077599999931408
15346,0.01020789999893168
15347,0.00789720000102534
15348,0.0091312000004109
15349,0.008010499997908482
15350,0.009591900001396425
15351,0.008881400000973372
15352,0.009913699999742676
15353,0.009500899999693502
15354,0.00915270000041346
15355,0.010708300000260351
15356,0.010610100001940737
15357,0.008986500000901287
15358,0.009400999999343185
15359,0.00939509999807342
15360,0.01026579999961541
15361,0.009364399997139117
15362,0.009355000001960434
15363,0.010260299997753464
15364,0.009088400001928676
15365,0.00900529999853461
15366,0.007969400001456961
15367,0.012152100000093924
15368,0.010782600002130494
15369,0.008228800001234049
15370,0.010325899998861132
15371,0.010031599998910679
15372,0.008201999997254461
15373,0.009201099997881101
15374,0.008418599998549325
15375,0.009173300000838935
15376,0.0080811999978323
15377,0.010590300000330899
15378,0.010383099997852696
15379,0.00916769999821554
15380,0.009694500000478001
15381,0.008234600001742365
15382,0.01024630000028992
15383,0.010129400001460453
15384,0.009690999999293126
15385,0.009466299998166505
15386,0.008490700001857476
15387,0.009721999998873798
15388,0.008518399998138193
15389,0.008706399999937275
15390,0.00958119999995688
15391,0.008067000002483837
15392,0.010830999999598134
15393,0.008453099999314873
15394,0.012408899998263223
15395,0.01157230000171694
15396,0.010492800000065472
15397,0.00889159999860567
15398,0.009898699998302618
15399,0.008120999998936895
15400,0.009790799998881994
15401,0.008624000001873355
15402,0.009421899998415029
15403,0.009737899999890942
15404,0.009282299997721566
15405,0.010444599996844772
15406,0.01001679999899352
15407,0.009630200001993217
15408,0.010340299999370473
15409,0.011140799997519935
15410,0.010134299998753704
15411,0.010209899999608751
15412,0.00911429999905522
15413,0.010201999997661915
15414,0.008740600002056453
15415,0.010151800001040101
15416,0.010330900000553811
15417,0.008972499999799766
15418,0.01047879999896395
15419,0.010594600000331411
15420,0.009584600000380306
15421,0.010465700001077494
15422,0.011300100002699764
15423,0.0092664000003424
15424,0.00995609999881708
15425,0.00838360000125249
15426,0.011948599996685516
15427,0.011811400003352901
15428,0.009150099998805672
15429,0.010289599998941412
15430,0.010504099998797756
15431,0.010761099998489954
15432,0.012057800002367003
15433,0.010785000002215384
15434,0.008700900001713308
15435,0.009306700001616264
15436,0.008133300001645694
15437,0.011339500000758562
15438,0.009083499997359468
15439,0.008239099999627797
15440,0.009635699996579206
15441,0.007910800002719043
15442,0.00940460000128951
15443,0.00810060000003432
15444,0.01065789999847766
15445,0.0093778000009479
15446,0.008603100002801511
15447,0.011460499998065643
15448,0.011584899999434128
15449,0.008724399998754961
15450,0.010226700000202982
15451,0.009635400001570815
15452,0.008623500001704087
15453,0.0092183999986446
15454,0.009991799997806083
15455,0.009774499998457031
15456,0.008206599999539321
15457,0.010084999998070998
15458,0.009756499999639345
15459,0.009292999999161111
15460,0.010301099999196595
15461,0.00971439999921131
15462,0.009808900002099108
15463,0.009551700000884011
15464,0.00923509999847738
15465,0.010252599997329526
15466,0.008578499997383915
15467,0.008754499998758547
15468,0.009405500000866596
15469,0.011960699997871416
15470,0.01041579999946407
15471,0.009335700000519864
15472,0.00857940000059898
15473,0.009439500001462875
15474,0.01004090000060387
15475,0.009957099999155616
15476,0.009021100002428284
15477,0.01044259999980568
15478,0.011751199999707751
15479,0.012451900001906324
15480,0.01086570000188658
15481,0.010627899999235524
15482,0.0106021999999939
15483,0.009644500001741108
15484,0.010347200000978773
15485,0.009488599996984703
15486,0.009350399999675574
15487,0.010158399996726075
15488,0.009272299997974187
15489,0.010715399999753572
15490,0.01047639999887906
15491,0.008120200000121258
15492,0.009120099999563536
15493,0.008296400003018789
15494,0.01154569999926025
15495,0.011420900002121925
15496,0.009210500000335742
15497,0.010015700001531513
15498,0.009095500001421897
15499,0.008222399999795016
15500,0.00972110000293469
15501,0.008554899999580812
15502,0.009815000001253793
15503,0.008360100000572857
15504,0.010021800000686198
15505,0.010342499997932464
15506,0.010858000001462642
15507,0.009553399999276735
15508,0.008176499999535736
15509,0.011675699999614153
15510,0.012357699997664895
15511,0.011871899998368463
15512,0.008575600000767736
15513,0.010097400001541246
15514,0.010075700000015786
15515,0.00857239999822923
15516,0.009268300000258023
15517,0.00807629999690107
15518,0.009654800000134856
15519,0.009352699998999014
15520,0.010139400001207832
15521,0.00977459999921848
15522,0.009315600000263657
15523,0.009749299999384675
15524,0.007933900000352878
15525,0.009679000002506655
15526,0.008931600001233164
15527,0.009945199999492615
15528,0.009683200001745718
15529,0.00873689999934868
15530,0.009177800002362346
15531,0.008442000002105488
15532,0.009304499999416294
15533,0.007976799999596551
15534,0.011970100000326056
15535,0.011658999999781372
15536,0.011411600000428734
15537,0.008351600001333281
15538,0.009535799999866867
15539,0.00818539999818313
15540,0.009992800001782598
15541,0.009562400002323557
15542,0.008899500000552507
15543,0.009553300002153264
15544,0.009043499998369953
15545,0.01002909999806434
15546,0.00838849999854574
15547,0.01023929999792017
15548,0.010157400000025518
15549,0.008093999997072387
15550,0.009545500000967877
15551,0.009707200002594618
15552,0.010422300001664553
15553,0.010124500000529224
15554,0.00851899999906891
15555,0.010168400000111433
15556,0.011358799998561153
15557,0.008953700002166443
15558,0.010107799997058464
15559,0.010734499999671243
15560,0.009239700000762241
15561,0.009328000000095926
15562,0.008265899999969406
15563,0.010049199998320546
15564,0.011132799998449627
15565,0.011519899999257177
15566,0.011280999999144115
15567,0.008818300000712043
15568,0.00994390000050771
15569,0.010145700001885416
15570,0.008225900000979891
15571,0.009737000000313856
15572,0.008934800000133691
15573,0.010439099998620804
15574,0.010491400000319118
15575,0.008410899998125387
15576,0.009881999998469837
15577,0.009165999999822816
15578,0.0098933000008401
15579,0.01012560000162921
15580,0.009695600001577986
15581,0.010537799997109687
15582,0.009420300000783755
15583,0.008858199998940108
15584,0.008791299998847535
15585,0.008289900000818307
15586,0.01039909999963129
15587,0.009940199997799937
15588,0.010742700000264449
15589,0.01028040000164765
15590,0.008559699999750592
15591,0.010044000002380926
15592,0.008969999998953426
15593,0.009613599999283906
15594,0.011056300001655472
15595,0.012161700000433484
15596,0.00894479999988107
15597,0.011245900001085829
15598,0.012594599997100886
15599,0.014076999999815598
15600,0.011645700000372017
15601,0.013594700001704041
15602,0.012783600002876483
15603,0.011760100001993123
15604,0.009517000002233544
15605,0.010240399999020156
15606,0.008824100001220359
15607,0.010126400000444846
15608,0.010154700001294259
15609,0.008193900001060683
15610,0.010866599997825688
15611,0.010867200002394384
15612,0.009821899999224115
15613,0.010310199999366887
15614,0.00840020000032382
15615,0.00966830000106711
15616,0.009836700002779253
15617,0.00979870000082883
15618,0.011702499999955762
15619,0.010479000000486849
15620,0.011557099998753984
15621,0.009866200001852121
15622,0.009597700001904741
15623,0.00829159999921103
15624,0.009889900000416674
15625,0.00858660000085365
15626,0.010881099999096477
15627,0.010608099997625686
15628,0.009346099999675062
15629,0.010767399999167537
15630,0.010843600000953302
15631,0.009509899999102345
15632,0.010283100000378909
15633,0.008767200000875164
15634,0.009425100000953535
15635,0.00997809999898891
15636,0.008417699998972239
15637,0.011392899999918882
15638,0.00937819999671774
15639,0.008375299999897834
15640,0.009827199999563163
15641,0.009581800000887597
15642,0.011973699998634402
15643,0.013133399999787798
15644,0.011617700001806952
15645,0.008835299999191193
15646,0.010081700002047
15647,0.008401099999900907
15648,0.01191839999955846
15649,0.010600400000839727
15650,0.009804100001929328
15651,0.011172399998031324
15652,0.011599999997997656
15653,0.013496499999746447
15654,0.00998279999839724
15655,0.01129900000159978
15656,0.010355299997172551
15657,0.008785800000623567
15658,0.009577100001479266
15659,0.00875369999994291
15660,0.00938049999967916
15661,0.008123399999021785
15662,0.009680700000899378
15663,0.009606100000382867
15664,0.008138000001054024
15665,0.009999500001868
15666,0.00870299999951385
15667,0.011098300001322059
15668,0.010710700000345241
15669,0.008102200001303572
15670,0.00966070000140462
15671,0.008560599999327678
15672,0.009028299999044975
15673,0.007878100001107669
15674,0.009263600000849692
15675,0.00897149999946123
15676,0.00962470000013127
15677,0.010125799999514129
15678,0.009313200000178767
15679,0.01230070000019623
15680,0.01130659999762429
15681,0.009589299999788636
15682,0.009866700002021389
15683,0.011067700001149205
15684,0.010827699999936158
15685,0.010091399999510031
15686,0.010107599999173544
15687,0.009231200001522666
15688,0.010297500000888249
15689,0.010214699999778531
15690,0.008088700000371318
15691,0.008913700003176928
15692,0.008933299999625888
15693,0.009613099999114638
15694,0.00957879999987199
15695,0.009530799998174189
15696,0.00955220000105328
15697,0.008457100000669016
15698,0.009227599999576341
15699,0.00811500000054366
15700,0.009705099997518118
15701,0.008689900001627393
15702,0.011146000000735512
15703,0.010252700001728954
15704,0.008295600000565173
15705,0.009152399998129113
15706,0.007895599999756087
15707,0.010733399998571258
15708,0.010042499998235144
15709,0.008408400000917027
15710,0.00989570000092499
15711,0.009283499999583
15712,0.009249300001101801
15713,0.00825760000225273
15714,0.00969959999929415
15715,0.009793400000489783
15716,0.008378399998036912
15717,0.008916200000385288
15718,0.008062500000960426
15719,0.010017900000093505
15720,0.009799399998883018
15721,0.008412000002863351
15722,0.009008199998788768
15723,0.008305499999551103
15724,0.008985300002677832
15725,0.008012900001631351
15726,0.010659400002623443
15727,0.011387999998987652
15728,0.009249699996871641
15729,0.01129650000075344
15730,0.011258399998041568
15731,0.009311800000432413
15732,0.009807400001591304
15733,0.008568700002797414
15734,0.00930760000119335
15735,0.008032200003071921
15736,0.010308799999620533
15737,0.00976519999676384
15738,0.007963899999595014
15739,0.010128100002475549
15740,0.008035999999265186
15741,0.0094481000014639
15742,0.008137699998769676
15743,0.011517999999341555
15744,0.011246900001424365
15745,0.008601599998655729
15746,0.009829399998125155
15747,0.009942000000592088
15748,0.009576600001309998
15749,0.010024999999586726
15750,0.008257900000899099
15751,0.009381100000609877
15752,0.008994499999971595
15753,0.008979699996416457
15754,0.010139300000446383
15755,0.008105500000965549
15756,0.009563399999024114
15757,0.00826230000166106
15758,0.010498999999981606
15759,0.009782600001926767
15760,0.008670899998833193
15761,0.009653200002503581
15762,0.008265899999969406
15763,0.009188200001517544
15764,0.008031299999856856
15765,0.010008900000684662
15766,0.009395699999004137
15767,0.00914290000218898
15768,0.010101600000780309
15769,0.010015200001362246
15770,0.009630900000047404
15771,0.009710400001495145
15772,0.00865449999764678
15773,0.009868099998129765
15774,0.008586900003137998
15775,0.009959500002878485
15776,0.009993100000428967
15777,0.00892770000064047
15778,0.010020800000347663
15779,0.008738799999264302
15780,0.01011350000044331
15781,0.010714699998061405
15782,0.00813199999902281
15783,0.009550599999784026
15784,0.009302400001615752
15785,0.010380199997598538
15786,0.01005050000094343
15787,0.008774900001299102
15788,0.009369399998831796
15789,0.009137199998804135
15790,0.01029249999919557
15791,0.010252700001728954
15792,0.00871990000086953
15793,0.009557100001984509
15794,0.008603499998571351
15795,0.011798600000474835
15796,0.010657399998308392
15797,0.008520200000930345
15798,0.009648900002503069
15799,0.009176300001854543
15800,0.01061189999745693
15801,0.010090399999171495
15802,0.008767699997406453
15803,0.009694299998955103
15804,0.009851700000581332
15805,0.00901519999752054
15806,0.009728599998197751
15807,0.009949200000846758
15808,0.010970700001053046
15809,0.010359199997765245
15810,0.009516999998595566
15811,0.010842599996976787
15812,0.010601999998471001
15813,0.009978100002626888
15814,0.01050530000065919
15815,0.008601800000178628
15816,0.011682100001053186
15817,0.010149900001124479
15818,0.008180600001651328
15819,0.009776399998372653
15820,0.008514799999829847
15821,0.00855520000186516
15822,0.009296800002630334
15823,0.010084099998493912
15824,0.010746300002210774
15825,0.009794300000066869
15826,0.011123399999632966
15827,0.01110770000013872
15828,0.011135100001411047
15829,0.008396699999138946
15830,0.009216200000082608
15831,0.008298599997942802
15832,0.009584500003256835
15833,0.008079200000793207
15834,0.009827099998801714
15835,0.009647799997765105
15836,0.009513800003333017
15837,0.01074240000161808
15838,0.00864000000001397
15839,0.011734100000467151
15840,0.011070800002926262
15841,0.00878749999901629
15842,0.009955599998647813
15843,0.009946900001523318
15844,0.008093699998426018
15845,0.009449400000448804
15846,0.008714699997653952
15847,0.010102799999003764
15848,0.009137499997450504
15849,0.011358700001437683
15850,0.010951399999612477
15851,0.008095000001048902
15852,0.010147600001801038
15853,0.010133400002814597
15854,0.009263599997211713
15855,0.009458100001211278
15856,0.00821889999861014
15857,0.01083199999993667
15858,0.010080000000016298
15859,0.009337600000435486
15860,0.011753200000384822
15861,0.011185400002432289
15862,0.008487700000841869
15863,0.01022979999834206
15864,0.00911679999990156
15865,0.012904600000183564
15866,0.010459699999046279
15867,0.00835469999947236
15868,0.009378700000524987
15869,0.008671600000525359
15870,0.009129400001256727
15871,0.009306899999501184
15872,0.009286900000006426
15873,0.009948399998393143
15874,0.008755000002565794
15875,0.010363800000050105
15876,0.010268599999108119
15877,0.009183399997709785
15878,0.011805000001913868
15879,0.010750100002042018
15880,0.008599299999332288
15881,0.009725700001581572
15882,0.009450199999264441
15883,0.009306299998570466
15884,0.009465499999350868
15885,0.009321599998656893
15886,0.009723300001496682
15887,0.0092354999978852
15888,0.009850600003119325
15889,0.010122300001967233
15890,0.009128499998041661
15891,0.009948099999746773
15892,0.008129600002575899
15893,0.009439500001462875
15894,0.008923699999286328
15895,0.009390999999595806
15896,0.010941600001387997
15897,0.010005500000261236
15898,0.008801299998594914
15899,0.009711200000310782
15900,0.009025999999721535
15901,0.009286399999837158
15902,0.008064499997999519
15903,0.009506599999440368
15904,0.008180300003004959
15905,0.00890350000190665
15906,0.009207399998558685
15907,0.008923100001993589
15908,0.00990280000041821
15909,0.009108100002777064
15910,0.009778200001164805
15911,0.009603899998182897
15912,0.008654100001876941
15913,0.009899000000586966
15914,0.009199299998726929
15915,0.010171999998419778
15916,0.01021749999927124
15917,0.008418800000072224
15918,0.009663199998612981
15919,0.010917900002823444
15920,0.009250899998733075
15921,0.008435899999312824
15922,0.00938769999993383
15923,0.010504399997444125
15924,0.010694900000089547
15925,0.009077300001081312
15926,0.009674000000813976
15927,0.011032200000045123
15928,0.009775599999557016
15929,0.008171899997250875
15930,0.009678800000983756
15931,0.009883900002023438
15932,0.010052699999505421
15933,0.010002799997891998
15934,0.00954959999944549
15935,0.008933799999795156
15936,0.011499000000185333
15937,0.011208600000827573
15938,0.008549800000764662
15939,0.009435699997993652
15940,0.008503900000505382
15941,0.009680700000899378
15942,0.008002599999599624
15943,0.011483400001452537
15944,0.010839500002475688
15945,0.008024599999771453
15946,0.009702999999717576
15947,0.008059699997829739
15948,0.010671200001524994
15949,0.010143899999093264
15950,0.008305799998197472
15951,0.009561200000462122
15952,0.008859999998094281
15953,0.009168699998554075
15954,0.00795049999942421
15955,0.009530999999697087
15956,0.009088700000575045
15957,0.008813599997665733
15958,0.009657500002504094
15959,0.008337399998708861
15960,0.009478199997829506
15961,0.00830149999819696
15962,0.009054000001924578
15963,0.007944900000438793
15964,0.011838399997941451
15965,0.011024300001736265
15966,0.008339299998624483
15967,0.010944099998596357
15968,0.010600300000078278
15969,0.007912299999588868
15970,0.009789400002773618
15971,0.008622399996966124
15972,0.01047120000293944
15973,0.010481400000571739
15974,0.009298500001023058
15975,0.010467200001585297
15976,0.010015799998654984
15977,0.008376699999644188
15978,0.009440499998163432
15979,0.00871980000010808
15980,0.009699499998532701
15981,0.009309200002462603
15982,0.009816900001169415
15983,0.009710399997857166
15984,0.009287000000767875
15985,0.01084449999689241
15986,0.009971499999664957
15987,0.009826599998632446
15988,0.010490100001334213
15989,0.009918399999151006
15990,0.010167899999942165
15991,0.010471099998540012
15992,0.009824500000831904
15993,0.010468799999216571
15994,0.010130700000445358
15995,0.00984969999990426
15996,0.010186300001805648
15997,0.01072040000144625
15998,0.010213800000201445
15999,0.010557800000242423
16000,0.011540799998329021
16001,0.009862300001259428
16002,0.009790500000235625
16003,0.008810600000288105
16004,0.010375500001828186
16005,0.011154400002851617
16006,0.010087700000440236
16007,0.00975309999921592
16008,0.009344500002043787
16009,0.008583599999838043
16010,0.00959290000173496
16011,0.008437299999059178
16012,0.010858999998163199
16013,0.009402399999089539
16014,0.009101699997700052
16015,0.010276599998178426
16016,0.010183099999267142
16017,0.010557500001596054
16018,0.010405000000901055
16019,0.008508900002198061
16020,0.010013800001615891
16021,0.010291300000972115
16022,0.009224800000083633
16023,0.010474900002009235
16024,0.009368999999423977
16025,0.009192299999995157
16026,0.009490000000369037
16027,0.009612300000299001
16028,0.010796399998071138
16029,0.010655000001861481
16030,0.009870300000329735
16031,0.010136500000953674
16032,0.008892400001059286
16033,0.009999199999583652
16034,0.009859800000413088
16035,0.011383099998056423
16036,0.012178000000858447
16037,0.012459200002922444
16038,0.012035500003548805
16039,0.010782600002130494
16040,0.012074399997800356
16041,0.010261799998261267
16042,0.00838350000049104
16043,0.011291300001175841
16044,0.00983519999863347
16045,0.009618500000215136
16046,0.009715500000311295
16047,0.008712900002137758
16048,0.010329799999453826
16049,0.010229000003164401
16050,0.008028199998079799
16051,0.009663799999543699
16052,0.00899310000022524
16053,0.010256599998683669
16054,0.010233999997581122
16055,0.00968740000098478
16056,0.009843899999395944
16057,0.008082099997409387
16058,0.010056099999928847
16059,0.009531399999104906
16060,0.00920120000228053
16061,0.012405399997078348
16062,0.012792800000170246
16063,0.011642000001302222
16064,0.009257300000172108
16065,0.00999700000102166
16066,0.01572930000111228
16067,0.009316700001363643
16068,0.010230799998680595
16069,0.010114000000612577
16070,0.009186100000079023
16071,0.01040379999903962
16072,0.008521100000507431
16073,0.011122700001578778
16074,0.011330199999065371
16075,0.010380499999882886
16076,0.011378100000001723
16077,0.010777900002722163
16078,0.009906899998895824
16079,0.010586399999738205
16080,0.009705100001156097
16081,0.008331200002430705
16082,0.009792900000320515
16083,0.010696800000005169
16084,0.011488400003145216
16085,0.011461900001449976
16086,0.01021490000130143
16087,0.009787099999812199
16088,0.010838000001967885
16089,0.012283299998671282
16090,0.009508900002401788
16091,0.009850400001596427
16092,0.008860700003424427
16093,0.009886899999401066
16094,0.010750699999334756
16095,0.00926380000237259
16096,0.01025149999986752
16097,0.009976599998481106
16098,0.010266199999023229
16099,0.010552200001257006
16100,0.008822200001304736
16101,0.011072699999203905
16102,0.010730000001785811
16103,0.009748500000569038
16104,0.010626899998896988
16105,0.012662299999647075
16106,0.009460400000534719
16107,0.009901299999910407
16108,0.01042089999828022
16109,0.01066989999890211
16110,0.011110799998277798
16111,0.010605200001009507
16112,0.011464700000942685
16113,0.011082900000474183
16114,0.010921299999608891
16115,0.010054900001705391
16116,0.008328200001415098
16117,0.008759299998928327
16118,0.009711000002425862
16119,0.010086100002808962
16120,0.00877530000070692
16121,0.009227200000168523
16122,0.008483300000079907
16123,0.008513699998729862
16124,0.00928829999975278
16125,0.00788500000271597
16126,0.009034899998368928
16127,0.009844399999565212
16128,0.00939010000001872
16129,0.008159600001818035
16130,0.010407900001155213
16131,0.010479800002940465
16132,0.009785499998542946
16133,0.009185899998556124
16134,0.007705199997872114
16135,0.009725199997774325
16136,0.00920369999948889
16137,0.009701700000732671
16138,0.009881899997708388
16139,0.008516099998814752
16140,0.009103299998969305
16141,0.008095100001810351
16142,0.009052100002008956
16143,0.007778999999572989
16144,0.008524500000930857
16145,0.008839300000545336
16146,0.007951899999170564
16147,0.008837800000037532
16148,0.008200700001907535
16149,0.008915200000046752
16150,0.007731599998805905
16151,0.010632800000166753
16152,0.010135500000615139
16153,0.008383799999137409
16154,0.008793000000878237
16155,0.00784869999915827
16156,0.00871749999714666
16157,0.008009400000446476
16158,0.009646900001825998
16159,0.00788520000060089
16160,0.00924959999974817
16161,0.008120900001813425
16162,0.009305899999162648
16163,0.008029600001464132
16164,0.009216700000251876
16165,0.0079407999983232
16166,0.008580800000345334
16167,0.01048629999786499
16168,0.008069699997577118
16169,0.011331900001096074
16170,0.008162800000718562
16171,0.009717199998704018
16172,0.009380999999848427
16173,0.00939719999951194
16174,0.009966000001440989
16175,0.009882900001684902
16176,0.009126500001002569
16177,0.009093500000744825
16178,0.009890399996947963
16179,0.00967809999929159
16180,0.007720900001004338
16181,0.008907299998099916
16182,0.007774099998641759
16183,0.009139400001004105
16184,0.008442599999398226
16185,0.010347700001148041
16186,0.009524299999611685
16187,0.00817079999978887
16188,0.00917249999838532
16189,0.008247300000221003
16190,0.00949639999817009
16191,0.00838369999837596
16192,0.008998599998449208
16193,0.009476600000198232
16194,0.012313799998082686
16195,0.009558800000377232
16196,0.0088672999991104
16197,0.00831570000082138
16198,0.009245700002793455
16199,0.01100380000207224
16200,0.011223900000914
16201,0.011539900002389913
16202,0.008658999999170192
16203,0.011791500000981614
16204,0.010337300001992844
16205,0.008790799998678267
16206,0.010220399999525398
16207,0.008136599997669691
16208,0.01101120000021183
16209,0.01051970000116853
16210,0.010110499999427702
16211,0.011112000000139233
16212,0.01021980000223266
16213,0.009414500000275439
16214,0.010830999999598134
16215,0.01043529999878956
16216,0.008164699996996205
16217,0.009425399999599904
16218,0.008053300000028685
16219,0.010435500000312459
16220,0.00836170000184211
16221,0.011290799997368595
16222,0.013271499999973457
16223,0.010801399999763817
16224,0.007900600001448765
16225,0.009905900002195267
16226,0.008129999998345738
16227,0.010201299999607727
16228,0.008032499998080311
16229,0.009863999999652151
16230,0.009819899998547044
16231,0.008337999999639578
16232,0.009893799997371389
16233,0.008574299998144852
16234,0.01026330000240705
16235,0.00978170000234968
16236,0.00936809999984689
16237,0.01022930000181077
16238,0.00830149999819696
16239,0.009747400003107032
16240,0.007777599999826634
16241,0.010562899999058573
16242,0.009706000000733184
16243,0.00790170000254875
16244,0.010829800001374679
16245,0.009876899999653688
16246,0.009188200001517544
16247,0.010005399999499787
16248,0.0080692999981693
16249,0.010330900000553811
16250,0.010128699999768287
16251,0.009026199997606454
16252,0.010230799998680595
16253,0.009890400000585942
16254,0.010325299997930415
16255,0.009853200001089135
16256,0.008154500003001885
16257,0.010393299999122974
16258,0.009694000000308733
16259,0.009923100002197316
16260,0.008490399999573128
16261,0.00876839999909862
16262,0.010379200000897981
16263,0.007943699998577358
16264,0.01025120000122115
16265,0.007963299998664297
16266,0.010257999998430023
16267,0.010170400000788504
16268,0.009548800000629853
16269,0.011665800000628224
16270,0.01203940000050352
16271,0.008639600000606151
16272,0.010617200001433957
16273,0.010570000002189772
16274,0.009757499999977881
16275,0.010633099998813123
16276,0.007958400001371047
16277,0.011254799999733223
16278,0.010809999999764841
16279,0.008217900001909584
16280,0.009877499996946426
16281,0.007823800002370263
16282,0.01042819999929634
16283,0.010291599999618484
16284,0.00984729999981937
16285,0.010431200000311946
16286,0.008802399999694899
16287,0.010045999999420019
16288,0.01047130000006291
16289,0.00799370000095223
16290,0.010057499999675201
16291,0.009599799999705283
16292,0.008161999998264946
16293,0.009967199999664444
16294,0.007915400001365924
16295,0.009986199998820666
16296,0.007953600001201266
16297,0.010241800002404489
16298,0.008844299998600036
16299,0.008474499998555984
16300,0.010163700000703102
16301,0.009570400001393864
16302,0.011486799998237984
16303,0.010787499999423744
16304,0.00940220000120462
16305,0.010733299997809809
16306,0.010726699998485856
16307,0.009209200001350837
16308,0.011241399999562418
16309,0.01120009999795002
16310,0.008057699997152667
16311,0.01018830000248272
16312,0.009656899997935398
16313,0.011139700000057928
16314,0.0102511000004597
16315,0.007853999999497319
16316,0.009806699999899138
16317,0.007763699999486562
16318,0.010116299999936018
16319,0.008763900001213187
16320,0.010355399997934
16321,0.010912800000369316
16322,0.009148799999820767
16323,0.011448099998233374
16324,0.011097999999037711
16325,0.008072499997069826
16326,0.011222599998291116
16327,0.011420700000599027
16328,0.009398199999850476
16329,0.01107649999903515
16330,0.01109569999971427
16331,0.00893290000021807
16332,0.009767100000317441
16333,0.007773699999233941
16334,0.009613100002752617
16335,0.00863759999992908
16336,0.008467499999824213
16337,0.009350700001959922
16338,0.009182800000417046
16339,0.010604399998555891
16340,0.008493500001350185
16341,0.009102899999561487
16342,0.009174000002531102
16343,0.008171599998604506
16344,0.008853699997416697
16345,0.008580499998060986
16346,0.010533799999393523
16347,0.009503200002654921
16348,0.01018869999825256
16349,0.010124899999937043
16350,0.009722700000565965
16351,0.009524000000965316
16352,0.00768669999888516
16353,0.009158300003036857
16354,0.008442700000159675
16355,0.00806670000019949
16356,0.008904700000130106
16357,0.008193199999368517
16358,0.010008200002630474
16359,0.009293499999330379
16360,0.008793900000455324
16361,0.00804710000011255
16362,0.010257000001729466
16363,0.00984240000252612
16364,0.009638700001232792
16365,0.010532300002523698
16366,0.009805199999391334
16367,0.008491099997627316
16368,0.00909490000049118
16369,0.008328299998538569
16370,0.009561900002154289
16371,0.008459199998469558
16372,0.009222000000590924
16373,0.008481400000164285
16374,0.0105029000005743
16375,0.01100869999936549
16376,0.0097187000028498
16377,0.009275499996874714
16378,0.007727199998043943
16379,0.010240299998258706
16380,0.010143100000277627
16381,0.009604800001397962
16382,0.009336200000689132
16383,0.0077182999993965495
16384,0.01080799999908777
16385,0.01022960000045714
16386,0.009972399999242043
16387,0.009548800000629853
16388,0.00767930000074557
16389,0.009992100000090431
16390,0.009759900000062771
16391,0.008499299998220522
16392,0.0103263999990304
16393,0.008406799999647774
16394,0.010271900002408074
16395,0.010017399999924237
16396,0.008234199998696567
16397,0.008893599999282742
16398,0.007932000000437256
16399,0.008822699997836025
16400,0.008670499999425374
16401,0.009541400002490263
16402,0.007756799997878261
16403,0.009191499997541541
16404,0.007868699998653028
16405,0.009633499998017214
16406,0.008985000000393484
16407,0.00819979999869247
16408,0.009287200002290774
16409,0.0078174999980547
16410,0.008907499999622814
16411,0.009409800000867108
16412,0.009180299999570707
16413,0.008113299998512957
16414,0.010366399998019915
16415,0.009918200001266086
16416,0.00789249999797903
16417,0.009035500002937624
16418,0.008106799999950454
16419,0.009915999999066116
16420,0.009947700000338955
16421,0.00854589999653399
16422,0.008933799999795156
16423,0.009775200000149198
16424,0.01001890000043204
16425,0.00804000000061933
16426,0.00983740000083344
16427,0.010224099998595193
16428,0.008025099999940721
16429,0.008955400000559166
16430,0.008297699998365715
16431,0.009224500001437264
16432,0.0077676000000792556
16433,0.00897880000047735
16434,0.007764499998302199
16435,0.009229999999661231
16436,0.008621599998150486
16437,0.009265000000596046
16438,0.00925690000076429
16439,0.00831319999997504
16440,0.009451300000364427
16441,0.008558499997889157
16442,0.00932200000170269
16443,0.008808499998849584
16444,0.009610599998268299
16445,0.008827200002997415
16446,0.008099200000287965
16447,0.008598299998993753
16448,0.00811969999995199
16449,0.008644400000775931
16450,0.010063800000352785
16451,0.00996110000050976
16452,0.009525800000119489
16453,0.008484100002533523
16454,0.008495400001265807
16455,0.008123100000375416
16456,0.008886999999958789
16457,0.008658000002469635
16458,0.009461899997404544
16459,0.007929700001113815
16460,0.008926700000301935
16461,0.007741499997791834
16462,0.009883999999146909
16463,0.008362000000488479
16464,0.008999400000902824
16465,0.00965379999979632
16466,0.008247000001574634
16467,0.010037699998065364
16468,0.007811899999069283
16469,0.009147199998551514
16470,0.007797600002959371
16471,0.0088625000025786
16472,0.007782099997712066
16473,0.00945549999960349
16474,0.008654000001115492
16475,0.00996820000000298
16476,0.009770900000148686
16477,0.0078706999993301
16478,0.010727199998655124
16479,0.009976699999242555
16480,0.00886470000114059
16481,0.009726800002681557
16482,0.009044799997354858
16483,0.05630209999799263
16484,0.011496600000100443
16485,0.016741699997510295
16486,0.009366099999169819
16487,0.00908530000015162
16488,0.008264500000223052
16489,0.00908999999955995
16490,0.007916099999420112
16491,0.009483699999691453
16492,0.009913500001857756
16493,0.010247800000797724
16494,0.009846100001595914
16495,0.009651500000472879
16496,0.009654100002080668
16497,0.007769299998471979
16498,0.009511500000371598
16499,0.008549900001526112
16500,0.008880800000042655
16501,0.00944800000070245
16502,0.007890799999586307
16503,0.00922750000245287
16504,0.008317499999975553
16505,0.009084000001166714
16506,0.008232399999542395
16507,0.009562200000800658
16508,0.008409899997786852
16509,0.008970299997599795
16510,0.009300199999415781
16511,0.009269799997127848
16512,0.009937900002114475
16513,0.009780000000318978
16514,0.010503699999389937
16515,0.00978920000125072
16516,0.009237800000846619
16517,0.009826299999986077
16518,0.00779809999949066
16519,0.009693500000139466
16520,0.00898090000191587
16521,0.008474599999317434
16522,0.00913090000176453
16523,0.007929000003059627
16524,0.009276900000259047
16525,0.008489499999996042
16526,0.010759799999505049
16527,0.010351500000979286
16528,0.00951570000324864
16529,0.009581799997249618
16530,0.007984500000020489
16531,0.009449500001210254
16532,0.007710300000326242
16533,0.009289000001444947
16534,0.008022200003324542
16535,0.009206100003211759
16536,0.00797259999671951
16537,0.008463899997877888
16538,0.010063400000944966
16539,0.007923199998913333
16540,0.008799100000032922
16541,0.0077595999973709695
16542,0.008904199999960838
16543,0.008377699999982724
16544,0.010570699996605981
16545,0.009942799999407725
16546,0.008362299999134848
16547,0.008911799999623327
16548,0.008873699996911455
16549,0.0096997000000556
16550,0.007751500001177192
16551,0.009618699998100055
16552,0.008694600001035724
16553,0.008700500002305489
16554,0.008423200000834186
16555,0.007932399999845074
16556,0.009008799999719486
16557,0.008019199998670956
16558,0.008971799998107599
16559,0.007862499998736894
16560,0.008969899998191977
16561,0.008573499999329215
16562,0.009524500001134584
16563,0.008241200001066318
16564,0.00935140000001411
16565,0.008183899997675326
16566,0.009978400001273258
16567,0.009945599998900434
16568,0.007997100001375657
16569,0.008880300003511366
16570,0.008082799999101553
16571,0.010199500000453554
16572,0.010011400001531001
16573,0.009179100001347251
16574,0.009819099999731407
16575,0.009164499999315012
16576,0.009026600000652252
16577,0.008166999999957625
16578,0.012540700001409277
16579,0.01183859999946435
16580,0.011007299999619136
16581,0.009565799999109004
16582,0.010474900002009235
16583,0.008135600000969134
16584,0.009754999999131542
16585,0.008921499997086357
16586,0.009316299998317845
16587,0.009819000002607936
16588,0.009256699999241391
16589,0.008950999999797205
16590,0.009586299998773029
16591,0.008059099996899022
16592,0.008704800002306001
16593,0.008149500001309207
16594,0.008963600001152372
16595,0.0077545999993162695
16596,0.009542100000544451
16597,0.008189900003344519
16598,0.009141099999396829
16599,0.007915499998489395
16600,0.008796699999948032
16601,0.00798429999849759
16602,0.009454200000618584
16603,0.009572899998602225
16604,0.010022700000263285
16605,0.0108007999988331
16606,0.008137799999531126
16607,0.009042800000315765
16608,0.00900760000149603
16609,0.00885049999851617
16610,0.00978449999820441
16611,0.009743800001160707
16612,0.009420200000022305
16613,0.008182499997928971
16614,0.01017399999909685
16615,0.009788400002435083
16616,0.00825540000005276
16617,0.008819900001981296
16618,0.007889600001362851
16619,0.009651500000472879
16620,0.008256099998106947
16621,0.00895430000309716
16622,0.00792870000077528
16623,0.010831600000528852
16624,0.011459900000772905
16625,0.010608500000671484
16626,0.008452599999145605
16627,0.010172099999181228
16628,0.011302400002023205
16629,0.013266200003272388
16630,0.011273600001004525
16631,0.010369100000389153
16632,0.008455399998638313
16633,0.010831399999005953
16634,0.012034700001095189
16635,0.011664800000289688
16636,0.010812399999849731
16637,0.010471000001416542
16638,0.009225800000422169
16639,0.010278400000970578
16640,0.010083699999086093
16641,0.009062299999641255
16642,0.010053500001959037
16643,0.010423499999888008
16644,0.010319599998183548
16645,0.010190000000875443
16646,0.009639899999456247
16647,0.010102599997480866
16648,0.011392199998226715
16649,0.009956500001862878
16650,0.012277099998755148
16651,0.012967699996806914
16652,0.012993799999094335
16653,0.009156799998891074
16654,0.010146199998416705
16655,0.00904420000006212
16656,0.009948099999746773
16657,0.010442200000397861
16658,0.010514499997952953
16659,0.010162599999603117
16660,0.009749200002261205
16661,0.008807900001556845
16662,0.010275900000124238
16663,0.009960100000171224
16664,0.009995899999921676
16665,0.010529099999985192
16666,0.010308599998097634
16667,0.01083450000078301
16668,0.010522600001422688
16669,0.010385699999460485
16670,0.010316400002921
16671,0.0100334999988263
16672,0.009729500001412816
16673,0.01077360000272165
16674,0.01081999999951222
16675,0.012470200003008358
16676,0.012583199997607153
16677,0.01196429999981774
16678,0.012770699999236967
16679,0.012948100000357954
16680,0.008767100000113714
16681,0.010250999999698251
16682,0.009757299998454982
16683,0.00996359999771812
16684,0.009907999999995809
16685,0.011075200000050245
16686,0.011329400000249734
16687,0.010999999998603016
16688,0.010383499997260515
16689,0.010361799999373034
16690,0.010597099997539772
16691,0.009877999997115694
16692,0.010095499997987645
16693,0.009848199999396456
16694,0.008880400000634836
16695,0.00978440000108094
16696,0.009630000000470318
16697,0.011942900000576628
16698,0.010796799997478956
16699,0.01016670000171871
16700,0.010552700001426274
16701,0.010707899997214554
16702,0.01020770000104676
16703,0.012425699998857453
16704,0.011581300001125783
16705,0.01100889999725041
16706,0.009860300000582356
16707,0.010435600001073908
16708,0.009551600000122562
16709,0.009293500002968358
16710,0.00947200000155135
16711,0.009800100000575185
16712,0.010306199998012744
16713,0.009291599999414757
16714,0.009606200001144316
16715,0.010006299999076873
16716,0.00883099999919068
16717,0.009861400001682341
16718,0.008854700001393212
16719,0.010421499999210937
16720,0.01026349999665399
16721,0.009203300000081072
16722,0.010779000000184169
16723,0.010116199999174569
16724,0.008219399998779409
16725,0.009466999999858672
16726,0.009819499999139225
16727,0.011588900000788271
16728,0.011368899999069981
16729,0.009405400000105146
16730,0.011267600002611289
16731,0.012461900001653703
16732,0.01242650000131107
16733,0.011890199999470497
16734,0.011782300000049872
16735,0.010979000002407702
16736,0.00887009999860311
16737,0.00975049999760813
16738,0.012119499999243999
16739,0.01290309999967576
16740,0.010057999999844469
16741,0.013107500002661254
16742,0.011683100001391722
16743,0.012959400002728216
16744,0.011767500000132713
16745,0.011569500002224231
16746,0.011838900001748698
16747,0.012697900001512608
16748,0.009582500002579764
16749,0.011425500000768807
16750,0.010835099998075748
16751,0.010127499997906853
16752,0.010949300001811935
16753,0.01056339999922784
16754,0.010217800001555588
16755,0.011524300000019139
16756,0.011368299998139264
16757,0.008943100001488347
16758,0.010734399998909794
16759,0.010492299999896204
16760,0.009635800000978634
16761,0.010782299999846146
16762,0.009804799999983516
16763,0.01019799999994575
16764,0.010679199996957323
16765,0.00873160000264761
16766,0.01103010000224458
16767,0.010461099998792633
16768,0.0100626999992528
16769,0.011114100001577754
16770,0.010310000001481967
16771,0.010037399999418994
16772,0.011239299998123897
16773,0.010908899999776622
16774,0.009892499998386484
16775,0.010325400002329843
16776,0.010015100000600796
16777,0.009755099999892991
16778,0.010298799999873154
16779,0.010087999999086605
16780,0.009676000001491047
16781,0.009830199996940792
16782,0.009333200003311504
16783,0.009588800003257347
16784,0.008155799998348812
16785,0.011290200000075856
16786,0.011038999997253995
16787,0.009215799997036811
16788,0.010397000001830747
16789,0.010244600001897197
16790,0.008324499998707324
16791,0.009899500000756234
16792,0.008597799998824485
16793,0.010724799998570234
16794,0.011711600000126055
16795,0.011981400002696319
16796,0.00837390000015148
16797,0.00978929999837419
16798,0.008691899998666486
16799,0.009919500000250991
16800,0.008589300003222888
16801,0.009737699998368043
16802,0.010027500000433065
16803,0.010490299999219133
16804,0.012016299999231705
16805,0.011159300000144867
16806,0.009313300000940217
16807,0.010951700001896825
16808,0.009995299998990959
16809,0.008275000000139698
16810,0.009572000002663117
16811,0.00820219999877736
16812,0.00995369999873219
16813,0.010481999997864477
16814,0.0083109000006516
16815,0.010514199999306584
16816,0.012418199999956414
16817,0.009230999999999767
16818,0.009279499998228857
16819,0.008515999998053303
16820,0.009719800000311807
16821,0.00866650000170921
16822,0.009829900001932401
16823,0.010326999999961117
16824,0.01037930000165943
16825,0.010117300000274554
16826,0.010034300001279917
16827,0.009990899998228997
16828,0.010479000000486849
16829,0.009675299999798881
16830,0.009751800000231015
16831,0.010763199999928474
16832,0.010013099999923725
16833,0.01167610000265995
16834,0.010896899999352172
16835,0.011136299999634502
16836,0.010500899999897229
16837,0.009999099998822203
16838,0.008811200001218822
16839,0.010451800000737421
16840,0.012844100001530023
16841,0.01981750000049942
16842,0.012037899999995716
16843,0.010258399997837842
16844,0.011207700001250487
16845,0.01058549999652314
16846,0.008614599999418715
16847,0.010640100001182873
16848,0.011144300002342789
16849,0.011507699997309828
16850,0.011645000002317829
16851,0.011910200002603233
16852,0.011375300000509014
16853,0.010741900001448812
16854,0.010483800000656629
16855,0.009882700000162004
16856,0.008551200000511017
16857,0.009651199998188531
16858,0.00981339999998454
16859,0.011822299999039387
16860,0.011561700001038844
16861,0.010577699998975731
16862,0.009828199999901699
16863,0.009883200000331271
16864,0.008736299998417962
16865,0.0087100000018836
16866,0.009655099998781225
16867,0.009321600002294872
16868,0.009253000000171596
16869,0.008631799999420764
16870,0.008720900001208065
16871,0.007671999999729451
16872,0.008960600000136765
16873,0.008118800000374904
16874,0.008570499998313608
16875,0.009650899999542162
16876,0.008017899999686051
16877,0.009180299999570707
16878,0.007828499998140614
16879,0.010780000000522705
16880,0.010446299998875475
16881,0.0083349000015005
16882,0.009008299999550218
16883,0.007945199999085162
16884,0.008813299999019364
16885,0.008129000001645181
16886,0.009008700002596015
16887,0.00872249999883934
16888,0.009446799998841016
16889,0.007840999998734333
16890,0.010078300001623575
16891,0.00887950000105775
16892,0.010444900002767099
16893,0.00994880000143894
16894,0.008087099999102065
16895,0.010619799999403767
16896,0.01001439999890863
16897,0.0078064999979687855
16898,0.009649499999795808
16899,0.00982559999829391
16900,0.01056600000083563
16901,0.009822899999562651
16902,0.008797500002401648
16903,0.00946259999909671
16904,0.0077186000016808975
16905,0.009213099998305552
16906,0.008123399999021785
16907,0.009168399999907706
16908,0.008154700000886805
16909,0.010055599999759579
16910,0.009837300000071991
16911,0.009224999997968553
16912,0.009365000001707813
16913,0.007730899997113738
16914,0.009500600001047133
16915,0.008523399999830872
16916,0.00900280000132625
16917,0.00871240000196849
16918,0.008196700000553392
16919,0.009087600003113039
16920,0.00791899999967427
16921,0.009810100000322564
16922,0.009807999998884043
16923,0.00897140000233776
16924,0.008781000000453787
16925,0.00857950000136043
16926,0.009007000000565313
16927,0.00783439999941038
16928,0.009377499998663552
16929,0.00963430000047083
16930,0.010097000002133427
16931,0.009676900001068134
16932,0.009623699999792734
16933,0.009578299999702722
16934,0.007778700000926619
16935,0.009891800000332296
16936,0.009241300002031494
16937,0.010011399997893022
16938,0.00994179999906919
16939,0.008136100001138402
16940,0.009386499998072395
16941,0.00963419999970938
16942,0.010339299999031937
16943,0.010386099998868303
16944,0.008730599998671096
16945,0.00976000000082422
16946,0.00862030000280356
16947,0.010296599997673184
16948,0.009892799997032853
16949,0.00823099999979604
16950,0.008958999998867512
16951,0.007775199999741744
16952,0.00894709999920451
16953,0.007845400003134273
16954,0.009128400000918191
16955,0.00835219999862602
16956,0.009842899999057408
16957,0.00895200000013574
16958,0.00832069999887608
16959,0.008670300001540454
16960,0.007888900003308663
16961,0.008777399998507462
16962,0.008687400000781054
16963,0.008921399999962887
16964,0.008663600001455052
16965,0.009383600001456216
16966,0.008704500000021653
16967,0.009189500000502449
16968,0.009295200001361081
16969,0.010136899996723514
16970,0.009477699997660238
16971,0.008051699998759432
16972,0.010323599999537691
16973,0.010049399999843445
16974,0.009479100001044571
16975,0.010263199998007622
16976,0.009693399999378016
16977,0.010361099997680867
16978,0.009815099998377264
16979,0.00782229999822448
16980,0.008959999999206048
16981,0.009959200000594137
16982,0.009267299999919487
16983,0.007734700000582961
16984,0.008903300000383751
16985,0.009176499999739463
16986,0.009646299997257302
16987,0.010448000000906177
16988,0.009939799998392118
16989,0.00883339999927557
16990,0.00984489999973448
16991,0.009545599998091348
16992,0.010375499998190207
16993,0.009348199997475604
16994,0.008593799997470342
16995,0.008407399996940512
16996,0.008064499997999519
16997,0.00945049999791081
16998,0.008169200002157595
16999,0.00970719999895664
17000,0.009487399998761248
17001,0.01026330000240705
17002,0.010090600000694394
17003,0.008002499998838175
17004,0.008690400001796661
17005,0.007901699998910772
17006,0.009756600000400795
17007,0.009603200000128709
17008,0.0093075000004319
17009,0.00941659999807598
17010,0.00983990000167978
17011,0.01005510000322829
17012,0.008752699999604374
17013,0.009368600000016158
17014,0.008071899999777088
17015,0.00880200000028708
17016,0.009183899997879053
17017,0.008049000000028173
17018,0.009746100000484148
17019,0.009471800000028452
17020,0.009263600000849692
17021,0.007731599998805905
17022,0.0089497000008123
17023,0.008995099997264333
17024,0.008012600002984982
17025,0.00883619999876828
17026,0.00980139999956009
17027,0.009555100001307437
17028,0.007831699997041142
17029,0.009212900000420632
17030,0.007925299996713875
17031,0.01194960000066203
17032,0.011460800000349991
17033,0.010919799999101087
17034,0.009978000001865439
17035,0.010064099998999154
17036,0.008377999998629093
17037,0.010150400001293747
17038,0.010442200000397861
17039,0.009965599998395192
17040,0.010578900000837166
17041,0.010486700000910787
17042,0.00949679999757791
17043,0.009836099998210557
17044,0.00901739999972051
17045,0.0103023999981815
17046,0.010254000000713859
17047,0.009014499999466352
17048,0.009716100001242012
17049,0.008462300000246614
17050,0.010126900000614114
17051,0.009603899998182897
17052,0.009901900000841124
17053,0.010271499999362277
17054,0.008491299999150215
17055,0.010935099999187514
17056,0.010984099997585872
17057,0.010160300000279676
17058,0.009497099999862257
17059,0.009422899998753564
17060,0.008393600000999868
17061,0.009640000000217697
17062,0.009159099998214515
17063,0.010944499998004176
17064,0.010841200000868412
17065,0.010453899998537963
17066,0.010635000002366723
17067,0.010250700001051882
17068,0.009909899999911431
17069,0.01025870000012219
17070,0.010505999998713378
17071,0.010362199998780852
17072,0.010356899998441804
17073,0.009972199997719144
17074,0.009095700002944795
17075,0.01027809999868623
17076,0.008976600001915358
17077,0.010421700000733836
17078,0.010182600002735853
17079,0.010240399999020156
17080,0.010704000000259839
17081,0.00963939999928698
17082,0.010821899999427842
17083,0.010673299999325536
17084,0.00900990000081947
17085,0.010082799999509007
17086,0.010287100001733052
17087,0.00804000000061933
17088,0.010624699996697018
17089,0.011000700000295183
17090,0.009509999999863794
17091,0.010227100003248779
17092,0.00943120000010822
17093,0.008700700000190409
17094,0.009589100001903716
17095,0.008690300001035212
17096,0.01031630000215955
17097,0.00968039999861503
17098,0.01024649999817484
17099,0.010450400000991067
17100,0.008411999999225372
17101,0.010381100000813603
17102,0.009943000000930624
17103,0.010571999999228865
17104,0.01138879999780329
17105,0.010386599999037571
17106,0.009606199997506337
17107,0.01039169999785372
17108,0.011067299998103408
17109,0.012380299998767441
17110,0.013286199999129167
17111,0.010619900000165217
17112,0.008958599999459693
17113,0.013301199996931246
17114,0.011178299999301089
17115,0.010050799999589799
17116,0.008921200002077967
17117,0.010167899999942165
17118,0.00990059999821824
17119,0.010291400001733564
17120,0.010855900000024121
17121,0.012500500000896864
17122,0.008863900002324954
17123,0.01017159999901196
17124,0.009737899999890942
17125,0.009762900001078378
17126,0.009567499997501727
17127,0.012352199999440927
17128,0.012702600000920938
17129,0.012650100001337705
17130,0.010646200000337558
17131,0.01643750000221189
17132,0.021641200000885874
17133,0.01822579999861773
17134,0.00997089999873424
17135,0.009513900000456488
17136,0.011619900000368943
17137,0.011496899998746812
17138,0.010748599997896235
17139,0.009177899999485817
17140,0.010089499999594409
17141,0.008804799999779789
17142,0.011048600001231534
17143,0.011379899999155896
17144,0.009750099998200312
17145,0.009556599998177262
17146,0.008715500000107568
17147,0.010429400001157774
17148,0.010360899999795947
17149,0.008776800001214724
17150,0.012201699999422999
17151,0.011569099999178434
17152,0.00998540000000503
17153,0.00961480000114534
17154,0.010186899999098387
17155,0.011422400002629729
17156,0.01242149999961839
17157,0.01078100000086124
17158,0.01183810000293306
17159,0.009080400002858369
17160,0.010825800000020536
17161,0.01119729999845731
17162,0.010449100002006162
17163,0.010914400001638569
17164,0.010327299998607486
17165,0.009643699999287492
17166,0.01059989999703248
17167,0.009627700001146877
17168,0.009609099997760495
17169,0.01037950000318233
17170,0.010671500000171363
17171,0.009276900000259047
17172,0.009056800001417287
17173,0.00853360000110115
17174,0.009440599998924881
17175,0.008164700000634184
17176,0.009610500001144828
17177,0.008329100000992185
17178,0.009797399998205947
17179,0.008873700000549434
17180,0.011390399999072542
17181,0.010796400001709117
17182,0.009637099999963539
17183,0.009592600003088592
17184,0.010233000000880565
17185,0.009367999999085441
17186,0.010687400001188507
17187,0.010230200001387857
17188,0.009691800001746742
17189,0.010339499996916857
17190,0.009465799997997237
17191,0.0087801000008767
17192,0.010070200001791818
17193,0.011787300001742551
17194,0.011192199999641161
17195,0.013010099999519298
17196,0.010264900000038324
17197,0.008636000002297806
17198,0.01019829999859212
17199,0.009485300000960706
17200,0.010642299999744864
17201,0.01099640000029467
17202,0.010988199999701465
17203,0.008930899999540998
17204,0.008905099999537924
17205,0.010077900002215756
17206,0.010451000001921784
17207,0.00962680000156979
17208,0.011612400001467904
17209,0.010102699998242315
17210,0.008599900000263005
17211,0.010908000000199536
17212,0.010581799997453345
17213,0.009495899998000823
17214,0.011564000000362284
17215,0.011309800000162795
17216,0.010349199998017866
17217,0.01014479999867035
17218,0.010270299997500842
17219,0.009486099999776343
17220,0.010054999998828862
17221,0.010010599999077385
17222,0.00881640000079642
17223,0.009607100000721402
17224,0.008228499998949701
17225,0.010564300002442906
17226,0.009802900000067893
17227,0.010908099997323006
17228,0.010194599999522325
17229,0.009361500000522938
17230,0.010439400000905152
17231,0.010108399997989181
17232,0.009645999998610932
17233,0.009848699999565724
17234,0.009651500000472879
17235,0.009433999999600928
17236,0.011019000001397217
17237,0.011082500001066364
17238,0.010614500002702698
17239,0.01100360000054934
17240,0.009600199999113102
17241,0.008464599999570055
17242,0.009052499997778796
17243,0.009582099999533966
17244,0.011517599999933736
17245,0.009632900000724476
17246,0.009542100000544451
17247,0.010119200000190176
17248,0.009189500000502449
17249,0.009270999998989282
17250,0.00816060000215657
17251,0.008583399998315144
17252,0.00903949999701581
17253,0.009382000000186963
17254,0.011765100000047823
17255,0.010978700000123354
17256,0.008157500000379514
17257,0.008991700000478886
17258,0.007760800002870383
17259,0.00938029999815626
17260,0.008025700000871439
17261,0.009260499999072636
17262,0.008568500001274515
17263,0.008921600001485785
17264,0.008347900002263486
17265,0.010358899999118876
17266,0.009902300000248943
17267,0.0077717999993183184
17268,0.009252500000002328
17269,0.008083299999270821
17270,0.010236099999019643
17271,0.009863600000244332
17272,0.007900000000518048
17273,0.009204699999827426
17274,0.00922770000033779
17275,0.0103605999975116
17276,0.010150899997825036
17277,0.010056600000098115
17278,0.010277299999870593
17279,0.007757600000331877
17280,0.00946480000129668
17281,0.008685100001457613
17282,0.008820899998681853
17283,0.00852859999940847
17284,0.009639799998694798
17285,0.010277099998347694
17286,0.007746799998130882
17287,0.009274899999581976
17288,0.009320000001025619
17289,0.009720999998535262
17290,0.00948680000146851
17291,0.009316799998487113
17292,0.00944080000044778
17293,0.007757700001093326
17294,0.008667500002047746
17295,0.00802560000010999
17296,0.010104899996804306
17297,0.010321600002498599
17298,0.009729899997182656
17299,0.01020040000003064
17300,0.008510499999829335
17301,0.009096199999476084
17302,0.008153299997502472
17303,0.008454599999822676
17304,0.009199299998726929
17305,0.009631500000978122
17306,0.009819200000492856
17307,0.00802530000146362
17308,0.010438100001920247
17309,0.009956800000509247
17310,0.008078200000454672
17311,0.009393500000442145
17312,0.00777860000016517
17313,0.00885520000156248
17314,0.007946199999423698
17315,0.009695299999293638
17316,0.007872899997892091
17317,0.009933799999998882
17318,0.009434199997485848
17319,0.008039100001042243
17320,0.009041999997862149
17321,0.008254800002760021
17322,0.009436100001039449
17323,0.0078055000012682285
17324,0.009896899999148445
17325,0.009802799999306444
17326,0.008548899997549597
17327,0.008928299997933209
17328,0.008307299998705275
17329,0.009029600001667859
17330,0.00783919999958016
17331,0.009306700001616264
17332,0.008912600002076942
17333,0.010156100001040613
17334,0.01054389999990235
17335,0.009846499997365754
17336,0.009571800001140218
17337,0.00805200000104378
17338,0.009644300000218209
17339,0.00776400000177091
17340,0.010599100001854822
17341,0.009844500000326661
17342,0.007975799999258015
17343,0.00931730000229436
17344,0.007858299999497831
17345,0.009225299996614922
17346,0.007707400000072084
17347,0.008606800001871306
17348,0.007733000002190238
17349,0.009165799998299917
17350,0.008487899998726789
17351,0.00978680000116583
17352,0.009838800000579795
17353,0.009613900001568254
17354,0.011904599999979837
17355,0.010647899998730281
17356,0.0077818999998271465
17357,0.009648799998103641
17358,0.009535799999866867
17359,0.009377400001540082
17360,0.009066799997526687
17361,0.009612999998353189
17362,0.010332499998185085
17363,0.007808300000760937
17364,0.009483500001806533
17365,0.008221100000810111
17366,0.010083500001201173
17367,0.009468000000197208
17368,0.00842949999787379
17369,0.00983030000134022
17370,0.008086800000455696
17371,0.009631600001739571
17372,0.008750000000873115
17373,0.009203300000081072
17374,0.009849199999734992
17375,0.008239400001912145
17376,0.008911799999623327
17377,0.008093500000541098
17378,0.009499100000539329
17379,0.00854079999771784
17380,0.010204999998677522
17381,0.010143399998923996
17382,0.008175299997674301
17383,0.008951899999374291
17384,0.008633000001282198
17385,0.009862200000497978
17386,0.00921119999838993
17387,0.010443099999974947
17388,0.010128699999768287
17389,0.007860199999413453
17390,0.00983740000083344
17391,0.009262600000511156
17392,0.00983270000142511
17393,0.009701300001324853
17394,0.008164400001987815
17395,0.009047100000316277
17396,0.008277600001747487
17397,0.010085699999763165
17398,0.009352899996883934
17399,0.008151900001394097
17400,0.008484800000587711
17401,0.008173599999281578
17402,0.008503100001689745
17403,0.007881000001361826
17404,0.009468699998251395
17405,0.009322800000518328
17406,0.009375600002385909
17407,0.00769399999990128
17408,0.009211399999912828
17409,0.00794589999713935
17410,0.010781799999676878
17411,0.009420300000783755
17412,0.008239599999797065
17413,0.00894940000216593
17414,0.008288700002594851
17415,0.009482600002229447
17416,0.007801899999321904
17417,0.009296000000176718
17418,0.007709900000918424
17419,0.009084099998290185
17420,0.007974399999511661
17421,0.010083000001031905
17422,0.010179799999605166
17423,0.008000100002391264
17424,0.009182100002362859
17425,0.007726899999397574
17426,0.010930000000371365
17427,0.010226000002148794
17428,0.008362500000657747
17429,0.009313599999586586
17430,0.007852999999158783
17431,0.009153700000751996
17432,0.008219700001063757
17433,0.009289999998145504
17434,0.007784199999150587
17435,0.008748399999603862
17436,0.008285100000648526
17437,0.008783500001300126
17438,0.009449799999856623
17439,0.008043699999689125
17440,0.009351700002298458
17441,0.007820300001185387
17442,0.00951590000113356
17443,0.009772900000825757
17444,0.00893490000089514
17445,0.00830830000268179
17446,0.008544899999833433
17447,0.008819300001050578
17448,0.00811009999961243
17449,0.00888430000122753
17450,0.007981399998243432
17451,0.00893269999869517
17452,0.009713999999803491
17453,0.009402399999089539
17454,0.007875700001022778
17455,0.009181499997794162
17456,0.00835680000091088
17457,0.008469500000501284
17458,0.008704600000783103
17459,0.00923990000228514
17460,0.01049540000167326
17461,0.008619400003226474
17462,0.009178199998132186
17463,0.008170499997504521
17464,0.008708299999852898
17465,0.008319600001414074
17466,0.009604099999705795
17467,0.009809699997276766
17468,0.008157000000210246
17469,0.009560999998939224
17470,0.008145100000547245
17471,0.009141400001681177
17472,0.00760430000082124
17473,0.008930800002417527
17474,0.009313300000940217
17475,0.008514900000591297
17476,0.009688300000561867
17477,0.008519899998645997
17478,0.009445399999094661
17479,0.007814500000677072
17480,0.009093300002859905
17481,0.007781300002534408
17482,0.01046880000285455
17483,0.010066999999253312
17484,0.00992219999898225
17485,0.009209399999235757
17486,0.007975300002726726
17487,0.009736200001498219
17488,0.00999279999814462
17489,0.009781199998542434
17490,0.009586399999534478
17491,0.0077592999987246
17492,0.010120900002220878
17493,0.009886399999231799
17494,0.008071000000200002
17495,0.008974600001238286
17496,0.008005299998330884
17497,0.009529400002065813
17498,0.008271899998362642
17499,0.009253199998056516
17500,0.008631500000774395
17501,0.01004810000085854
17502,0.00989079999999376
17503,0.008140600002661813
17504,0.008857499997247942
17505,0.0077872000001661945
17506,0.010015100000600796
17507,0.009238500002538785
17508,0.009108000002015615
17509,0.008747399999265326
17510,0.009785300000658026
17511,0.010323200000129873
17512,0.009560300000885036
17513,0.00894730000072741
17514,0.007715300002018921
17515,0.010032799997134134
17516,0.010487999999895692
17517,0.009842100000241771
17518,0.009370299998408882
17519,0.007741200002783444
17520,0.009609000000637025
17521,0.00967289999971399
17522,0.00829650000014226
17523,0.008839800000714604
17524,0.00788760000068578
17525,0.008673299998918083
17526,0.008051299999351613
17527,0.00933190000068862
17528,0.008103200001642108
17529,0.009130799997365102
17530,0.007665100001759129
17531,0.008871099998941645
17532,0.008072900000115624
17533,0.009163499998976476
17534,0.008438099997874815
17535,0.008851599999616155
17536,0.009183199999824865
17537,0.00806390000070678
17538,0.009277200002543395
17539,0.008459799999400275
17540,0.009777499999472639
17541,0.008144399998855079
17542,0.00921119999838993
17543,0.008568599998397985
17544,0.00843709999753628
17545,0.008677499998157145
17546,0.00800590000289958
17547,0.009265900000173133
17548,0.008195400001568487
17549,0.00939959999959683
17550,0.00930290000178502
17551,0.010091399999510031
17552,0.010297799999534618
17553,0.007961100000102306
17554,0.00902719999794499
17555,0.008142399998178007
17556,0.009562800001731375
17557,0.007794999997713603
17558,0.008962100000644568
17559,0.0081103999982588
17560,0.009325200000603218
17561,0.007968899997649714
17562,0.008853300001646858
17563,0.0087340000027325
17564,0.008854199997585965
17565,0.009369399998831796
17566,0.009311999998317333
17567,0.010208100000454579
17568,0.009948099999746773
17569,0.008382800002436852
17570,0.008605600000009872
17571,0.009811200001422549
17572,0.01003590000254917
17573,0.009559900001477217
17574,0.010179000000789529
17575,0.010849700000107987
17576,0.009685799999715528
17577,0.009255799999664305
17578,0.008148099997924874
17579,0.008704700001544552
17580,0.008770499996899161
17581,0.00835440000082599
17582,0.00977480000074138
17583,0.009398500002134824
17584,0.009651799999119248
17585,0.00788299999840092
17586,0.009003600000141887
17587,0.008547800000087591
17588,0.008952700001827907
17589,0.009313200000178767
17590,0.0078486000020348
17591,0.009361899999930756
17592,0.007826599998224992
17593,0.00987860000168439
17594,0.008234599998104386
17595,0.01041840000107186
17596,0.010689400001865579
17597,0.008228800001234049
17598,0.009084299999813084
17599,0.00878519999969285
17600,0.009554299998853821
17601,0.007780199997796444
17602,0.009570600002916763
17603,0.008924800000386313
17604,0.008835399999952642
17605,0.0100456000000122
17606,0.008863999999448424
17607,0.00945769999816548
17608,0.008549199999833945
17609,0.008793899996817345
17610,0.008431399997789413
17611,0.00868100000298
17612,0.009435200001462363
17613,0.007901300003140932
17614,0.008796499998425134
17615,0.00856230000135838
17616,0.009906900002533803
17617,0.009241200001270045
17618,0.008918499999708729
17619,0.0084292000028654
17620,0.009608399999706307
17621,0.009546699999191333
17622,0.00837840000167489
17623,0.009823799999139737
17624,0.009847899997112108
17625,0.008749999997235136
17626,0.008854200001223944
17627,0.00842460000058054
17628,0.00944090000120923
17629,0.008088599999609869
17630,0.009257699999579927
17631,0.008097599999018712
17632,0.00926880000042729
17633,0.008092299998679664
17634,0.009302000002207933
17635,0.008375600002182182
17636,0.00956939999741735
17637,0.009548500001983484
17638,0.007811100000253646
17639,0.00991760000033537
17640,0.009262300001864787
17641,0.010688599999411963
17642,0.010298900000634603
17643,0.009907300001941621
17644,0.01042579999921145
17645,0.009971200001018587
17646,0.007823600000847364
17647,0.009798600000067381
17648,0.008152499998686835
17649,0.009286200001952238
17650,0.008285500000056345
17651,0.009310800000093877
17652,0.007784400000673486
17653,0.00965830000131973
17654,0.00893490000089514
17655,0.00893510000241804
17656,0.010155200001463527
17657,0.009151499998552026
17658,0.009085200003028149
17659,0.008156700001563877
17660,0.010399699996924028
17661,0.009843799998634495
17662,0.007936000001791399
17663,0.009367599999677623
17664,0.007938099999591941
17665,0.009225900001183618
17666,0.007986399999936111
17667,0.009054599999217317
17668,0.007949599999847123
17669,0.00942149999900721
17670,0.009751900000992464
17671,0.009690400002000388
17672,0.009878000000753673
17673,0.009150199999567121
17674,0.0093124999984866
17675,0.008879299999534851
17676,0.010143900002731243
17677,0.009687999998277519
17678,0.008567000000766711
17679,0.009253200001694495
17680,0.007830700000340585
17681,0.010416500001156237
17682,0.010860499998671003
17683,0.008106200002657715
17684,0.009044800000992836
17685,0.007853200000681682
17686,0.009582400001818314
17687,0.009293600000091828
17688,0.009538900001643924
17689,0.010043099999165861
17690,0.008563199997297488
17691,0.00926180000169552
17692,0.008146199998009251
17693,0.011063500001910143
17694,0.010479699998541037
17695,0.009632100001908839
17696,0.009654499997850507
17697,0.00883840000096825
17698,0.009242199997970602
17699,0.009431300000869669
17700,0.008866499996656785
17701,0.01113660000191885
17702,0.01140030000169645
17703,0.009641100001317682
17704,0.01065780000135419
17705,0.01136190000033821
17706,0.010513599998375867
17707,0.010554399999818997
17708,0.010796599999594036
17709,0.008521500003553228
17710,0.01014249999934691
17711,0.010414000000309898
17712,0.008742199999687728
17713,0.009681800001999363
17714,0.011000200000125915
17715,0.012441999999282416
17716,0.011683400000038091
17717,0.009678599999460857
17718,0.009748799999215407
17719,0.00998769999932847
17720,0.008997000000817934
17721,0.010032400001364294
17722,0.009388200000103097
17723,0.009565799999109004
17724,0.01007960000060848
17725,0.008495699999912176
17726,0.01107889999912004
17727,0.009712799997942057
17728,0.009473699999944074
17729,0.009966900001018075
17730,0.008374400000320747
17731,0.012306500000704546
17732,0.01189660000090953
17733,0.010278799996740418
17734,0.009417500001291046
17735,0.010540999999648193
17736,0.010257699999783654
17737,0.010456599997269223
17738,0.011026599997421727
17739,0.01084449999689241
17740,0.010980799997923896
17741,0.009925400001520757
17742,0.00876119999884395
17743,0.011110700001154328
17744,0.01136670000050799
17745,0.010554000000411179
17746,0.009946099999069702
17747,0.010067100000014761
17748,0.009552499999699648
17749,0.011959999999817228
17750,0.011849100003018975
17751,0.009785199999896577
17752,0.009970999999495689
17753,0.01018610000028275
17754,0.008870000001479639
17755,0.011625199997070013
17756,0.012071999997715466
17757,0.009723499999381602
17758,0.010455499999807216
17759,0.011097399998106994
17760,0.010471600002347259
17761,0.009292899998399662
17762,0.008324599999468774
17763,0.008337399998708861
17764,0.008631199998490047
17765,0.009485200000199256
17766,0.010116600002220366
17767,0.009328500000265194
17768,0.009020699999382487
17769,0.007819900001777569
17770,0.009229999999661231
17771,0.008784999998169951
17772,0.007917599999927916
17773,0.008805699999356875
17774,0.008395499997277511
17775,0.009874999999738066
17776,0.007782399999996414
17777,0.009169500001007691
17778,0.008742699999856995
17779,0.009265000000596046
17780,0.008368200000404613
17781,0.008374199998797849
17782,0.008887199997843709
17783,0.007988299999851733
17784,0.009370399999170331
17785,0.009814000000915257
17786,0.00951089999944088
17787,0.008823299998766743
17788,0.008890699999028584
17789,0.009209800002281554
17790,0.009390700000949437
17791,0.009587999997165753
17792,0.007795900000928668
17793,0.009710199999972247
17794,0.009794999998121057
17795,0.010357099999964703
17796,0.00963179999962449
17797,0.007895599999756087
17798,0.009678800000983756
17799,0.007829199999832781
17800,0.01034570000047097
17801,0.010045200000604382
17802,0.009650200001487974
17803,0.009958900001947768
17804,0.008292200000141747
17805,0.009872899998299545
17806,0.00942639999993844
17807,0.008609100001194747
17808,0.009168399999907706
17809,0.00824569999895175
17810,0.010449000001244713
17811,0.009368899998662528
17812,0.008901899996999418
17813,0.00933699999950477
17814,0.00810529999944265
17815,0.009120900002017152
17816,0.0077399999972840305
17817,0.008920000000216532
17818,0.008597500000178115
17819,0.009107699999731267
17820,0.007952199997816933
17821,0.010354900001402711
17822,0.010461300000315532
17823,0.00805200000104378
17824,0.008892800000467105
17825,0.00808580000011716
17826,0.009765200000401819
17827,0.00811239999893587
17828,0.009365499998239102
17829,0.008253399999375688
17830,0.008945800000219606
17831,0.009111399998801062
17832,0.009207499999320135
17833,0.009255499997379957
17834,0.008091100000456208
17835,0.008893700000044191
17836,0.0080712000017229
17837,0.009821600000577746
17838,0.00775920000160113
17839,0.009038399999553803
17840,0.008902000001398847
17841,0.00807150000036927
17842,0.010107699999934994
17843,0.009197899998980574
17844,0.009284600000682985
17845,0.008360699997865595
17846,0.009207499999320135
17847,0.008617000003141584
17848,0.009836100001848536
17849,0.009922999997797888
17850,0.0077231999966898
17851,0.008873900002072332
17852,0.008693499999935739
17853,0.009269900001527276
17854,0.007781099997373531
17855,0.00947459999952116
17856,0.009297000000515254
17857,0.008080100000370294
17858,0.008953199998359196
17859,0.007902599998487858
17860,0.0091723000005004
17861,0.00830869999845163
17862,0.009135699998296332
17863,0.007842000002710847
17864,0.010481600002094638
17865,0.01044980000006035
17866,0.007922600001620594
17867,0.00926170000093407
17868,0.009706500000902452
17869,0.009480299999268027
17870,0.007949800001370022
17871,0.009346999999252148
17872,0.008776099999522557
17873,0.008498200000758516
17874,0.009526599998935126
17875,0.00822859999971115
17876,0.009837700003117789
17877,0.010042800000519492
17878,0.008950499999627937
17879,0.009006599997519515
17880,0.008144899999024346
17881,0.00888449999911245
17882,0.008286599997518351
17883,0.009534900000289781
17884,0.00821929999801796
17885,0.009674999997514533
17886,0.00826740000047721
17887,0.008924300000217045
17888,0.0077859000011812896
17889,0.00888640000266605
17890,0.008404300002439413
17891,0.008647900001960807
17892,0.009050099997693906
17893,0.00834739999845624
17894,0.009849199999734992
17895,0.007806099998560967
17896,0.009467899999435758
17897,0.00797709999824292
17898,0.009001700000226265
17899,0.00788749999992433
17900,0.009129900001425995
17901,0.008421000002272194
17902,0.008231600000726758
17903,0.009965000001102453
17904,0.00864700000238372
17905,0.010013400002208073
17906,0.0098160999987158
17907,0.009798099999898113
17908,0.009739400000398746
17909,0.007888399999501416
17910,0.008714600000530481
17911,0.00798420000137412
17912,0.009648399998695822
17913,0.008034700000280282
17914,0.01029729999936535
17915,0.010022800001024734
17916,0.008760099997743964
17917,0.00951089999944088
17918,0.007858900000428548
17919,0.009822799998801202
17920,0.008095399996818742
17921,0.009088099999644328
17922,0.008136800002830569
17923,0.008422599999903468
17924,0.009154199997283285
17925,0.009865899999567773
17926,0.009581700000126148
17927,0.007995100000698585
17928,0.01062149999779649
17929,0.01052949999939301
17930,0.009667300000728574
17931,0.009304700000939192
17932,0.007835000000341097
17933,0.009234299999661744
17934,0.007732800000667339
17935,0.009107199999561999
17936,0.009473199999774806
17937,0.008227700000134064
17938,0.008562299997720402
17939,0.008091599996987497
17940,0.009393400003318675
17941,0.009640299998864066
17942,0.009165499999653548
17943,0.008224699999118457
17944,0.009320699999079807
17945,0.008367200000066077
17946,0.008300499997858424
17947,0.009026399999129353
17948,0.008187200000975281
17949,0.009596200001396937
17950,0.008353899997018743
17951,0.00876619999689865
17952,0.008189500000298722
17953,0.008996900000056485
17954,0.008235400000558002
17955,0.009253100000933046
17956,0.008364400000573369
17957,0.008413399998971727
17958,0.008610500000941101
17959,0.008448100001260173
17960,0.008933200002502417
17961,0.007887100000516511
17962,0.009405600001628045
17963,0.008878299999196315
17964,0.009164200000668643
17965,0.007980099999258528
17966,0.008825000000797445
17967,0.007807999998476589
17968,0.008945300000050338
17969,0.008348499999556225
17970,0.008466299997962778
17971,0.00915069999973639
17972,0.008691800001543015
17973,0.010039299999334617
17974,0.009105000001000008
17975,0.00891080000292277
17976,0.007761400000163121
17977,0.010117199999513105
17978,0.009212400000251364
17979,0.008751099998335121
17980,0.008962500000052387
17981,0.00797930000044289
17982,0.010057999999844469
17983,0.009182500001770677
17984,0.010014699997554999
17985,0.010162500002479646
17986,0.008113899999443674
17987,0.009154399998806184
17988,0.008040999997319886
17989,0.009092600001167739
17990,0.008093699998426018
17991,0.009410599999682745
17992,0.00823579999996582
17993,0.008377099999052007
17994,0.009353199999168282
17995,0.009646800001064548
17996,0.009325499999249587
17997,0.008041300003242213
17998,0.009128900001087459
17999,0.007706500000494998
18000,0.009011099999042926
18001,0.008049700001720339
18002,0.008582200000091689
18003,0.00894010000047274
18004,0.00802789999943343
18005,0.009222399999998743
18006,0.007881699999416014
18007,0.008873599999787984
18008,0.00788019999890821
18009,0.009142899998551002
18010,0.009166399999230634
18011,0.009738800003106007
18012,0.009939499999745749
18013,0.009793299999728333
18014,0.010037799998826813
18015,0.007943599997815909
18016,0.00972630000251229
18017,0.009243399999832036
18018,0.010201199998846278
18019,0.010129999998753192
18020,0.008258499998191837
18021,0.009523500000796048
18022,0.008770099997491343
18023,0.008963000000221655
18024,0.008292300000903197
18025,0.008336200000485405
18026,0.009125599997787504
18027,0.008133799998176983
18028,0.00963199999750941
18029,0.008651399999507703
18030,0.010249999999359716
18031,0.010095400000864174
18032,0.007954900000186171
18033,0.008600699999078643
18034,0.008283800001663622
18035,0.009053900001163129
18036,0.008198899999115383
18037,0.009384500001033302
18038,0.007994600000529317
18039,0.010918600000877632
18040,0.01042790000064997
18041,0.009690300001238938
18042,0.011200900000403635
18043,0.009268400001019472
18044,0.008367499998712447
18045,0.008801999996649101
18046,0.009420800000953022
18047,0.009488599996984703
18048,0.008095900000625988
18049,0.009328000000095926
18050,0.00781479999932344
18051,0.009166399999230634
18052,0.008433300001343014
18053,0.008991500002593966
18054,0.008902599998691585
18055,0.008200500000384636
18056,0.009830199996940792
18057,0.009818599999562139
18058,0.009527400001388742
18059,0.00785849999738275
18060,0.009335399998235516
18061,0.008876599997165613
18062,0.008704200001375284
18063,0.009266900000511669
18064,0.008317499999975553
18065,0.009342699999251636
18066,0.008120999998936895
18067,0.009183999998640502
18068,0.008363000000827014
18069,0.009126900000410387
18070,0.00824070000089705
18071,0.008242600000812672
18072,0.008797700000286568
18073,0.007872700000007171
18074,0.00979650000226684
18075,0.007978099998581456
18076,0.009321200002887053
18077,0.007787700000335462
18078,0.00899569999819505
18079,0.007881699999416014
18080,0.009514400000625756
18081,0.008103200001642108
18082,0.009190799999487353
18083,0.009124500000325497
18084,0.007977100001880899
18085,0.00899050000225543
18086,0.00929050000195275
18087,0.010113899999851128
18088,0.009520999999949709
18089,0.008464200000162236
18090,0.008709500001714332
18091,0.009560999998939224
18092,0.01004540000212728
18093,0.008031800000026124
18094,0.009437900000193622
18095,0.008565599997382378
18096,0.01180480000039097
18097,0.009431899998162407
18098,0.007937600003060652
18099,0.010979099999531172
18100,0.008225199999287724
18101,0.009710400001495145
18102,0.00928119999662158
18103,0.008257199999206932
18104,0.009113000000070315
18105,0.00868590000027325
18106,0.009205899998050882
18107,0.0077044999998179264
18108,0.009350699998321943
18109,0.00843650000024354
18110,0.00857709999763756
18111,0.008725499999854947
18112,0.008336399998370325
18113,0.009475299997575348
18114,0.008163800001057098
18115,0.009130200000072364
18116,0.0077549000016006175
18117,0.009180400000332156
18118,0.008225399997172644
18119,0.009138700002949918
18120,0.00772040000083507
18121,0.011975900000834372
18122,0.009781000000657514
18123,0.0085916999996698
18124,0.009831600000325125
18125,0.008094300002994714
18126,0.008918999999877997
18127,0.008550200000172481
18128,0.009629899999708869
18129,0.010111499999766238
18130,0.0082044999981008
18131,0.009490600001299754
18132,0.00772809999762103
18133,0.008738000000448665
18134,0.007837000001018168
18135,0.009787799997866387
18136,0.009668899998359848
18137,0.008071099997323472
18138,0.009244499997294042
18139,0.008069999999861466
18140,0.009058999999979278
18141,0.007843600000342121
18142,0.00871240000196849
18143,0.008351799999218201
18144,0.009273399999074172
18145,0.008871899997757282
18146,0.009846000000834465
18147,0.009515499998087762
18148,0.007798700000421377
18149,0.009185099999740487
18150,0.007960499999171589
18151,0.009275299998989794
18152,0.007571900001494214
18153,0.010217899998679059
18154,0.008322500001668232
18155,0.010162800001126016
18156,0.009799999999813735
18157,0.008118000001559267
18158,0.009406500001205131
18159,0.00775689999863971
18160,0.008798800001386553
18161,0.0077778999984730035
18162,0.009052599998540245
18163,0.008188199997675838
18164,0.010435700001835357
18165,0.009651899999880698
18166,0.007849400000850437
18167,0.009373799999593757
18168,0.009113000000070315
18169,0.009220800002367469
18170,0.008112299998174421
18171,0.008842300001560943
18172,0.008237499998358544
18173,0.008343299999978626
18174,0.008948299997427966
18175,0.007928099999844562
18176,0.009030799999891315
18177,0.008269499998277752
18178,0.009628899999370333
18179,0.007958300000609597
18180,0.008817400001134956
18181,0.007970499998918967
18182,0.008967600002506515
18183,0.008003999999345979
18184,0.009067800001503201
18185,0.008169900000211783
18186,0.008512299998983508
18187,0.008415799999056617
18188,0.008067200000368757
18189,0.009306500000093365
18190,0.00797229999807314
18191,0.009011400001327274
18192,0.007804699998814613
18193,0.009665200002928032
18194,0.009425799999007722
18195,0.009160800000245217
18196,0.008031800000026124
18197,0.009560800001054304
18198,0.01004579999789712
18199,0.008196300001145573
18200,0.009403000000020256
18201,0.008095299999695271
18202,0.00880699999834178
18203,0.007723700000497047
18204,0.009247800000593998
18205,0.008587800002715085
18206,0.008543699997971999
18207,0.009234700002707541
18208,0.008321299999806797
18209,0.010466299998370232
18210,0.007786400001350557
18211,0.009732499998790445
18212,0.009034199996676762
18213,0.010283300001901807
18214,0.00992969999788329
18215,0.007765900001686532
18216,0.009347499999421416
18217,0.00813449999986915
18218,0.00902489999862155
18219,0.007815400000254158
18220,0.010097599999426166
18221,0.009977699999581091
18222,0.008222500000556465
18223,0.009076000002096407
18224,0.008665899997140514
18225,0.009522600001218962
18226,0.0077688999990641605
18227,0.009826599998632446
18228,0.008816900000965688
18229,0.008616900002380135
18230,0.009235599998646649
18231,0.009604599999875063
18232,0.010181599998759339
18233,0.010221700002148282
18234,0.009903699999995297
18235,0.009803400000237161
18236,0.00782940000135568
18237,0.009010699999635108
18238,0.00808849999884842
18239,0.00930539999899338
18240,0.007732499998382991
18241,0.010696600002120249
18242,0.010278599998855498
18243,0.009678300000814488
18244,0.009178899999824353
18245,0.007688400000915863
18246,0.010064599999168422
18247,0.010165100000449456
18248,0.009558399997331435
18249,0.00930549999975483
18250,0.008085699999355711
18251,0.009550499999022577
18252,0.00785600000017439
18253,0.009478899999521673
18254,0.009064499998203246
18255,0.009654000001319218
18256,0.010746799998742063
18257,0.009465300001465948
18258,0.010011300000769552
18259,0.009785199999896577
18260,0.009568699999363162
18261,0.009920600001350977
18262,0.00770600000032573
18263,0.00951580000037211
18264,0.009710499998618616
18265,0.00841029999719467
18266,0.009609600001567742
18267,0.008090199997241143
18268,0.009329999997135019
18269,0.008069399998930749
18270,0.010500899999897229
18271,0.010288799996487796
18272,0.008111799998005154
18273,0.008697300003404962
18274,0.007895399998233188
18275,0.009080700001504738
18276,0.00805200000104378
18277,0.00901039999735076
18278,0.007933299999422161
18279,0.0092545000006794
18280,0.008237899997766363
18281,0.009231699998053955
18282,0.008292200000141747
18283,0.008504199999151751
18284,0.009358800001791678
18285,0.008154200000717537
18286,0.00921359999847482
18287,0.008109599999443162
18288,0.009248900001693983
18289,0.008071600001130719
18290,0.00930020000305376
18291,0.008311199999297969
18292,0.009438700002647238
18293,0.009231599997292506
18294,0.008201100001315353
18295,0.008984899999632034
18296,0.00940229999832809
18297,0.01014980000036303
18298,0.010220599997410318
18299,0.008489299998473143
18300,0.008917500003008172
18301,0.008739400000195019
18302,0.009719500001665438
18303,0.010131700000783894
18304,0.009369600000354694
18305,0.008144800001900876
18306,0.008459500000753906
18307,0.008757800002058502
18308,0.008150199999363394
18309,0.009480299999268027
18310,0.009459900000365451
18311,0.010504899997613393
18312,0.009843800002272474
18313,0.008213199998863274
18314,0.008851400001731236
18315,0.008264500000223052
18316,0.011356200000591343
18317,0.009195800001180032
18318,0.0102441999988514
18319,0.010517299997445662
18320,0.00885790000029374
18321,0.010003999999753432
18322,0.007773400000587571
18323,0.010010100002546096
18324,0.009426799999346258
18325,0.008092500000202563
18326,0.00915030000032857
18327,0.007757200000924058
18328,0.00919419999991078
18329,0.007816599998477614
18330,0.009708900000987342
18331,0.008558499997889157
18332,0.009635900001740083
18333,0.008964699998614378
18334,0.008358600000065053
18335,0.009349799998744857
18336,0.008726399999432033
18337,0.009326799998234492
18338,0.00859870000203955
18339,0.00977440000133356
18340,0.008307299998705275
18341,0.008459799999400275
18342,0.008688299996720161
18343,0.007986299999174662
18344,0.00943109999934677
18345,0.008396400000492577
18346,0.009649800002080156
18347,0.007853800001612399
18348,0.010684000000765081
18349,0.008863600000040606
18350,0.009297699998569442
18351,0.009684199998446275
18352,0.008285500000056345
18353,0.009515099998679943
18354,0.0077362999982142355
18355,0.009552700001222547
18356,0.007740400000329828
18357,0.01066020000143908
18358,0.009943799999746261
18359,0.007978400000865804
18360,0.009366099999169819
18361,0.00956939999741735
18362,0.009563399999024114
18363,0.007864299997891067
18364,0.011441200000263052
18365,0.009364900000946363
18366,0.007766700000502169
18367,0.00930789999983972
18368,0.008448299999145092
18369,0.00944829999934882
18370,0.008882800000719726
18371,0.008499100000335602
18372,0.008754499998758547
18373,0.008065199999691686
18374,0.009594699997251155
18375,0.00930789999983972
18376,0.009858800000074552
18377,0.008374900000490015
18378,0.009432499999093125
18379,0.009883299997454742
18380,0.009838300000410527
18381,0.011794000001827953
18382,0.009646399998018751
18383,0.010079399999085581
18384,0.010788899999170098
18385,0.007820999999239575
18386,0.010495100003026891
18387,0.010254799999529496
18388,0.008515599998645484
18389,0.008962899999460205
18390,0.008417799999733688
18391,0.009272100000089267
18392,0.008479899999656482
18393,0.009097699999983888
18394,0.008294799998111557
18395,0.008595100000093225
18396,0.009047300001839176
18397,0.008028600001125596
18398,0.009004699997603893
18399,0.00785610000093584
18400,0.00908749999871361
18401,0.007835600001271814
18402,0.009319299999333452
18403,0.00871480000205338
18404,0.009284499999921536
18405,0.00827430000208551
18406,0.010022300000855466
18407,0.00982540000040899
18408,0.007886100000177976
18409,0.008780199998000171
18410,0.008190999997168547
18411,0.008865600000717677
18412,0.008304999999381835
18413,0.009679500002675923
18414,0.008629700001620222
18415,0.00802789999943343
18416,0.008321299999806797
18417,0.009765200000401819
18418,0.010095399997226195
18419,0.009926700000505662
18420,0.009266200002457481
18421,0.008414199997787364
18422,0.008223499997257022
18423,0.009384500001033302
18424,0.008049100000789622
18425,0.009381599997141166
18426,0.008026399998925626
18427,0.00930049999806215
18428,0.008036399998673005
18429,0.009469500000705011
18430,0.007747799998469418
18431,0.009643100001994753
18432,0.009353599998576101
18433,0.00871259999985341
18434,0.009538499998598127
18435,0.008572699996875599
18436,0.009488899999269051
18437,0.008300599998619873
18438,0.01111999999920954
18439,0.010076899998239242
18440,0.007916900001873728
18441,0.00955700000122306
18442,0.009729299999889918
18443,0.00901470000098925
18444,0.008639299998321803
18445,0.009692999999970198
18446,0.01008209999781684
18447,0.00906550000217976
18448,0.009229499999491964
18449,0.008075199999439064
18450,0.009299800000007963
18451,0.00810780000028899
18452,0.00849979999838979
18453,0.008208100000047125
18454,0.008049299998674542
18455,0.009270400001696544
18456,0.009577999997418374
18457,0.010300900001311675
18458,0.0097479000032763
18459,0.008270500002254266
18460,0.009934199999406701
18461,0.007940999999846099
18462,0.00907780000125058
18463,0.007796200003213016
18464,0.009508999999525258
18465,0.009562400002323557
18466,0.010225899997749366
18467,0.009925900001690025
18468,0.008049900003243238
18469,0.00883109999995213
18470,0.008061399999860441
18471,0.009300399997300701
18472,0.007863099999667611
18473,0.010019500001362758
18474,0.009845999997196486
18475,0.008399400001508184
18476,0.008537599998817313
18477,0.007970899998326786
18478,0.00889620000089053
18479,0.007970700000441866
18480,0.009103299998969305
18481,0.008459399999992456
18482,0.010218299998086877
18483,0.007858100001612911
18484,0.01052229999913834
18485,0.009806600002775667
18486,0.007952099997055484
18487,0.008949099999881582
18488,0.007886199997301446
18489,0.010416199998871889
18490,0.010214300000370713
18491,0.008341500000824453
18492,0.008853600000293227
18493,0.008176299998012837
18494,0.00894719999996596
18495,0.008075300000200514
18496,0.009170900000754045
18497,0.007857399999920744
18498,0.009222699998645112
18499,0.008134700001392048
18500,0.009213999997882638
18501,0.007789199997205287
18502,0.009151400001428556
18503,0.008500800002366304
18504,0.008520200000930345
18505,0.009069100000488106
18506,0.008501100001012674
18507,0.009825799999816809
18508,0.0077529999980470166
18509,0.00901259999955073
18510,0.008664900000439957
18511,0.008923599998524878
18512,0.008168799999111798
18513,0.00877309999850695
18514,0.008862200000294251
18515,0.008258599998953287
18516,0.00893290000021807
18517,0.00970939999751863
18518,0.009382300002471311
18519,0.00829389999853447
18520,0.009186100000079023
18521,0.007670700000744546
18522,0.009878499997284962
18523,0.009558000001561595
18524,0.009778100000403356
18525,0.010813700002472615
18526,0.009830800001509488
18527,0.008420699999987846
18528,0.008984000000054948
18529,0.009439500001462875
18530,0.00950120000197785
18531,0.008085000001301523
18532,0.009426500000699889
18533,0.008351600001333281
18534,0.010199200001807185
18535,0.009601900001143804
18536,0.009168000000499887
18537,0.009671499999967637
18538,0.0077571999972860795
18539,0.010618700001941761
18540,0.01029980000021169
18541,0.009734999999636784
18542,0.009256500001356471
18543,0.008224900000641355
18544,0.010227900002064416
18545,0.011482300000352552
18546,0.009190600001602434
18547,0.009355400001368253
18548,0.008133899998938432
18549,0.010549999999057036
18550,0.01027800000156276
18551,0.007781399999657879
18552,0.009025399998790817
18553,0.008312999998452142
18554,0.009185099999740487
18555,0.00809800000206451
18556,0.009193500001856592
18557,0.0076991999994788785
18558,0.009378599999763537
18559,0.008636200000182725
18560,0.008307899999635993
18561,0.009336699997220421
18562,0.008392700001422781
18563,0.009001099999295548
18564,0.008357299997442169
18565,0.009070099997188663
18566,0.007798999999067746
18567,0.008913699999538949
18568,0.008696699998836266
18569,0.008930199997848831
18570,0.008075800000369782
18571,0.008892800000467105
18572,0.009548400001222035
18573,0.009413100000529084
18574,0.010058200001367368
18575,0.009773800000402844
18576,0.008415100001002429
18577,0.008663799999339972
18578,0.008258599998953287
18579,0.009139599998889025
18580,0.008256699999037664
18581,0.009059600000909995
18582,0.007832399998733308
18583,0.00915290000193636
18584,0.008083799999440089
18585,0.00901960000192048
18586,0.00898360000064713
18587,0.008951200001320103
18588,0.008929299998271745
18589,0.010027700001955964
18590,0.010310599998774705
18591,0.009809999999561114
18592,0.008512000000337139
18593,0.009056499999132939
18594,0.008045000002312008
18595,0.008905000002414454
18596,0.0077272999988053925
18597,0.009852300001512049
18598,0.007678400001168484
18599,0.00922300000092946
18600,0.007916900001873728
18601,0.009390800001710886
18602,0.00788760000068578
18603,0.010204800000792602
18604,0.010294100000464823
18605,0.008278100001916755
18606,0.009667899998021312
18607,0.008378399998036912
18608,0.010145200001716148
18609,0.010475099999894155
18610,0.008050899999943795
18611,0.008856599997670855
18612,0.009519799998088274
18613,0.010341899997001747
18614,0.007732400001259521
18615,0.009159400000498863
18616,0.010437900000397349
18617,0.008255999997345498
18618,0.008739099997910671
18619,0.007920799998828443
18620,0.009609199998521945
18621,0.0078027999988989905
18622,0.008736699997825781
18623,0.007828099998732796
18624,0.010092100001202198
18625,0.009141200000158278
18626,0.008503400000336114
18627,0.00825069999700645
18628,0.010348899999371497
18629,0.010560599999735132
18630,0.009727500000735745
18631,0.008425199997873278
18632,0.008804900000541238
18633,0.008215999998355983
18634,0.009383900000102585
18635,0.007874999999330612
18636,0.009500699998170603
18637,0.008710300000529969
18638,0.010293900002579903
18639,0.009994100000767503
18640,0.009950099996785866
18641,0.010638800002197968
18642,0.009745100000145612
18643,0.009708800000225892
18644,0.010051500001281966
18645,0.007747499999823049
18646,0.008964099997683661
18647,0.007785199999489123
18648,0.009618000000045868
18649,0.009271600003557978
18650,0.009710599999380065
18651,0.009776699997019023
18652,0.008263299998361617
18653,0.00945089999731863
18654,0.008337999999639578
18655,0.010039900000265334
18656,0.010094200002640719
18657,0.008607399999164045
18658,0.009713800001918571
18659,0.0093609000032302
18660,0.009833100000832928
18661,0.008663000000524335
18662,0.010109399998327717
18663,0.009996699998737313
18664,0.009536199999274686
18665,0.009236099998815916
18666,0.007571900001494214
18667,0.00917699999990873
18668,0.010046600000350736
18669,0.007891200002632104
18670,0.008733300001040334
18671,0.009343000001535984
18672,0.009925000002112938
18673,0.007942000000184635
18674,0.00884050000240677
18675,0.0076832999984617345
18676,0.009248200000001816
18677,0.009073400000488618
18678,0.008996699998533586
18679,0.009892699999909382
18680,0.008683899999596179
18681,0.009246900001016911
18682,0.008387900001253001
18683,0.01087339999867254
18684,0.009506599999440368
18685,0.008104600001388462
18686,0.009129199999733828
18687,0.009821399999054847
18688,0.009765300001163268
18689,0.008739200002310099
18690,0.009699199999886332
18691,0.010017199998401338
18692,0.00965139999971143
18693,0.010264600001391955
18694,0.007954699998663273
18695,0.00900559999718098
18696,0.009321900000941241
18697,0.0098569999972824
18698,0.009610900000552647
18699,0.008041400000365684
18700,0.008996600001410116
18701,0.008171100002073217
18702,0.00907290000031935
18703,0.008256199998868397
18704,0.008501500000420492
18705,0.008345900001586415
18706,0.009444299997994676
18707,0.009975099997973302
18708,0.007751799999823561
18709,0.008906800001568627
18710,0.008072099997662008
18711,0.00977210000201012
18712,0.010034599999926286
18713,0.008234299999458017
18714,0.009293700000853278
18715,0.009914399997796863
18716,0.009504000001470558
18717,0.008040699998673517
18718,0.009465499999350868
18719,0.00883120000071358
18720,0.009381899999425514
18721,0.00942149999900721
18722,0.007709199999226257
18723,0.010638799998559989
18724,0.009186300001601921
18725,0.009212299999489915
18726,0.00943859999824781
18727,0.009827099998801714
18728,0.01027550000071642
18729,0.010085699999763165
18730,0.009828400001424598
18731,0.009604699996998534
18732,0.007726699997874675
18733,0.009395299999596318
18734,0.008313900001667207
18735,0.009765399998286739
18736,0.007914999998320127
18737,0.008926000002247747
18738,0.008617499999672873
18739,0.008409699999901932
18740,0.00911880000057863
18741,0.007975600001373095
18742,0.009415100001206156
18743,0.009728900000482099
18744,0.009318700002040714
18745,0.007723999999143416
18746,0.010299199999280972
18747,0.009836400000494905
18748,0.007795800000167219
18749,0.00942179999765358
18750,0.009606799998437054
18751,0.009241200001270045
18752,0.007938599999761209
18753,0.010429899997689063
18754,0.010323499998776242
18755,0.009494599999015918
18756,0.009038500000315253
18757,0.008046800001466181
18758,0.010377700000390178
18759,0.010372700002335478
18760,0.008261499999207444
18761,0.009239700000762241
18762,0.01017890000002808
18763,0.010899100001552142
18764,0.010115000000951113
18765,0.009135000000242144
18766,0.009886700001516147
18767,0.009931300002790522
18768,0.008291900001495378
18769,0.008976799999800278
18770,0.010293300001649186
18771,0.01022000000011758
18772,0.009899299999233335
18773,0.00934399999823654
18774,0.009282099999836646
18775,0.00793119999798364
18776,0.009219700001267483
18777,0.007766899998387089
18778,0.009203199999319622
18779,0.00773730000219075
18780,0.009482100002060179
18781,0.008788300001469906
18782,0.008548300000256859
18783,0.008775999998761108
18784,0.00796720000289497
18785,0.009495900001638802
18786,0.009253100000933046
18787,0.009781000000657514
18788,0.008668499998748302
18789,0.010467100000823848
18790,0.01065819999712403
18791,0.009774900001502829
18792,0.009076300000742776
18793,0.007967500001541339
18794,0.008889500000805128
18795,0.008967599998868536
18796,0.008212599997932557
18797,0.009790099997189827
18798,0.008471000001009088
18799,0.009320400000433438
18800,0.00825999999869964
18801,0.010213800000201445
18802,0.009599900000466732
18803,0.008101100000203587
18804,0.009125900000071852
18805,0.007864999999583233
18806,0.009287900000344962
18807,0.009587500000634464
18808,0.008798099999694386
18809,0.007684000000153901
18810,0.008876200001395773
18811,0.007700499998463783
18812,0.009093500000744825
18813,0.007722199999989243
18814,0.008932800003094599
18815,0.00991240000075777
18816,0.009464099999604514
18817,0.009543399999529356
18818,0.0093659000012849
18819,0.008936199999880046
18820,0.008346200000232784
18821,0.009882299997116206
18822,0.009655100002419204
18823,0.007730099998298101
18824,0.009596500000043306
18825,0.009355399997730274
18826,0.009402899999258807
18827,0.008760199998505414
18828,0.008732899997994537
18829,0.009827699999732431
18830,0.008618500000011409
18831,0.011408700000174576
18832,0.010472100002516527
18833,0.007964299999002833
18834,0.00873429999774089
18835,0.00848269999914919
18836,0.01066989999890211
18837,0.009653000000980683
18838,0.010433899999043206
18839,0.010252599997329526
18840,0.008208999999624211
18841,0.00957850000122562
18842,0.008628399998997338
18843,0.00926899999831221
18844,0.008438000000751344
18845,0.00843209999948158
18846,0.009177600000839448
18847,0.007762999997794395
18848,0.009577100001479266
18849,0.00868580000314978
18850,0.01002869999865652
18851,0.009977499998058192
18852,0.00949659999969299
18853,0.009778300001926254
18854,0.00778119999813498
18855,0.008607700001448393
18856,0.0077035000031173695
18857,0.008841999999276595
18858,0.007710400001087692
18859,0.009112100000493228
18860,0.008265500000561588
18861,0.010396199999377131
18862,0.010920699998678174
18863,0.008107900001050439
18864,0.009994900003221119
18865,0.009717900000396185
18866,0.009547800000291318
18867,0.009544199998344993
18868,0.008147000000462867
18869,0.009410099999513477
18870,0.008102100000542123
18871,0.00888640000266605
18872,0.008306700001412537
18873,0.009042800000315765
18874,0.00885010000274633
18875,0.008778100000199629
18876,0.008870600002410356
18877,0.008026700001209974
18878,0.009084999997867271
18879,0.008299499997519888
18880,0.009733399998367531
18881,0.0077884999991510995
18882,0.009403200001543155
18883,0.00825260000056005
18884,0.010328500000468921
18885,0.009899500000756234
18886,0.008036999999603722
18887,0.008793599998170976
18888,0.00790219999908004
18889,0.009462000001803972
18890,0.007945900000777328
18891,0.009856699998636032
18892,0.009440400001039961
18893,0.00836400000116555
18894,0.008738700002140831
18895,0.00810500000079628
18896,0.009016399999381974
18897,0.008296800002426608
18898,0.00847099999737111
18899,0.008051400000113063
18900,0.00960530000156723
18901,0.008000699999684002
18902,0.008966199999122182
18903,0.007762899997032946
18904,0.010603499998978805
18905,0.008433700000750832
18906,0.009565799999109004
18907,0.009802399999898626
18908,0.008645699999760836
18909,0.010253000000375323
18910,0.010180599998420803
18911,0.00810780000028899
18912,0.009501600001385668
18913,0.009105299999646377
18914,0.009463900001719594
18915,0.008122300001559779
18916,0.009585400002833921
18917,0.007859000001189997
18918,0.008881100002327003
18919,0.008885800001735333
18920,0.008202400000300258
18921,0.008890400000382215
18922,0.00843929999973625
18923,0.00932210000246414
18924,0.008131799997499911
18925,0.009197299998049857
18926,0.00795540000035544
18927,0.009758399999554968
18928,0.008326999999553664
18929,0.008494000001519453
18930,0.010098400001879781
18931,0.007836200002202531
18932,0.009285600001021521
18933,0.00784140000178013
18934,0.009205700000165962
18935,0.007975000000442378
18936,0.011052900001232047
18937,0.010855799999262672
18938,0.008232499996665865
18939,0.010000000002037268
18940,0.010601999998471001
18941,0.009627700001146877
18942,0.010362800003349548
18943,0.009650899999542162
18944,0.010535499997786246
18945,0.009649600000557257
18946,0.008283099999971455
18947,0.009236500001861714
18948,0.008398999998462386
18949,0.00907310000184225
18950,0.0077391999984683935
18951,0.010138100002222927
18952,0.01003100000161794
18953,0.008568300003389595
18954,0.008826699999190168
18955,0.007805699999153148
18956,0.009553300002153264
18957,0.0077635999987251125
18958,0.0092664000003424
18959,0.00824070000089705
18960,0.010315799998352304
18961,0.009973500000342028
18962,0.008296799998788629
18963,0.008847500001138542
18964,0.007783099998050602
18965,0.008660000003146706
18966,0.0077639000010094605
18967,0.009072699998796452
18968,0.007657600002858089
18969,0.009762199999386212
18970,0.008348799998202594
18971,0.009240399998816429
18972,0.0087801000008767
18973,0.00997760000245762
18974,0.010074099998746533
18975,0.00823080000191112
18976,0.008788399998593377
18977,0.008000099998753285
18978,0.008842299997922964
18979,0.00785139999788953
18980,0.009297799999330891
18981,0.009393000000272878
18982,0.00962009999784641
18983,0.010315799998352304
18984,0.007849800000258256
18985,0.009012999998958549
18986,0.00821670000004815
18987,0.00895709999895189
18988,0.00815830000283313
18989,0.008628999999928055
18990,0.009398899997904664
18991,0.008035799997742288
18992,0.009297299999161623
18993,0.009903400001348928
18994,0.010581700000329874
18995,0.010562899999058573
18996,0.009705500000563916
18997,0.009478399999352405
18998,0.0077815999975427985
18999,0.009635400001570815
19000,0.010485499999049352
19001,0.01021480000053998
19002,0.010379100000136532
19003,0.00966590000098222
19004,0.008537400000932394
19005,0.009012199996504933
19006,0.008122600000206148
19007,0.008606700001109857
19008,0.00924250000025495
19009,0.010087700000440236
19010,0.00917440000193892
19011,0.009362900000269292
19012,0.008619100000942126
19013,0.008239499999035615
19014,0.008939200000895653
19015,0.007912000000942498
19016,0.008656000001792563
19017,0.008317300002090633
19018,0.01007739999840851
19019,0.00920380000025034
19020,0.009075900001334958
19021,0.008610500000941101
19022,0.007894200000009732
19023,0.00882840000122087
19024,0.00805929999842192
19025,0.009400800001458265
19026,0.0083228000003146
19027,0.009164799997961381
19028,0.007742699999653269
19029,0.009022999998705927
19030,0.007917000002635177
19031,0.009346900002128677
19032,0.007705399999395013
19033,0.009837300000071991
19034,0.009902099998726044
19035,0.007801600000675535
19036,0.009101200001168763
19037,0.009741000001667999
19038,0.009743599999637809
19039,0.007941599997138837
19040,0.009081799998966744
19041,0.008214599998609629
19042,0.008516199999576202
19043,0.009742899997945642
19044,0.008641899999929592
19045,0.009611099998437567
19046,0.008421099999395665
19047,0.010451400001329603
19048,0.010325600000214763
19049,0.007919399999082088
19050,0.009010400000988739
19051,0.009655299996666145
19052,0.009826100002101157
19053,0.008272800001577707
19054,0.00908789999812143
19055,0.008674199998495169
19056,0.010350199998356402
19057,0.010497600000235252
19058,0.009923700003128033
19059,0.008926399998017587
19060,0.009138900000834838
19061,0.00811989999783691
19062,0.009060000000317814
19063,0.007851900001696777
19064,0.009350500000437023
19065,0.008077099999354687
19066,0.008965299999545095
19067,0.0077521999992313795
19068,0.00940439999976661
19069,0.00802520000070217
19070,0.00918949999686447
19071,0.00916979999965406
19072,0.007898500000010245
19073,0.008844399999361485
19074,0.00795280000238563
19075,0.008861199999955716
19076,0.009575000000040745
19077,0.009347999999590684
19078,0.00771560000066529
19079,0.00913369999761926
19080,0.007710499998211162
19081,0.009632699999201577
19082,0.008063699999183882
19083,0.010165899999265093
19084,0.010352500001317821
19085,0.009249300001101801
19086,0.00888679999843589
19087,0.00814390000232379
19088,0.009057300001586555
19089,0.010999400001310278
19090,0.011676999998599058
19091,0.009884899998723995
19092,0.009574699997756397
19093,0.008233900000050198
19094,0.009436600001208717
19095,0.008277900000393856
19096,0.009345500002382323
19097,0.007982200000697048
19098,0.00938529999984894
19099,0.00926880000042729
19100,0.00989329999720212
19101,0.009919399999489542
19102,0.009810000003199093
19103,0.010434600000735372
19104,0.010081700002047
19105,0.008055499998590676
19106,0.009802100001252256
19107,0.010102500000357395
19108,0.009253299998817965
19109,0.00964390000081039
19110,0.007938599999761209
19111,0.00860850000026403
19112,0.0077586000006704126
19113,0.009691999999631662
19114,0.00785600000017439
19115,0.00937549999798648
19116,0.00859159999890835
19117,0.01008680000086315
19118,0.009792799999559065
19119,0.008050599997659447
19120,0.009052299999893876
19121,0.007883000002038898
19122,0.008972600000561215
19123,0.008123499999783235
19124,0.008956300000136252
19125,0.007697200002439786
19126,0.009338100000604754
19127,0.007975399999850197
19128,0.008919800002331613
19129,0.008609499996964587
19130,0.008562000002712011
19131,0.009061700002348516
19132,0.008319399999891175
19133,0.009222199998475844
19134,0.008042600002227118
19135,0.009371700001793215
19136,0.007774300000164658
19137,0.009306799998739734
19138,0.0077313000001595356
19139,0.009523200002149679
19140,0.00845370000024559
19141,0.008200000000215368
19142,0.00886249999894062
19143,0.008368100003281143
19144,0.00888190000114264
19145,0.007997799999429844
19146,0.009701499999209773
19147,0.009507099999609636
19148,0.009082299999136012
19149,0.008469100001093466
19150,0.009146000000328058
19151,0.009125699998548953
19152,0.00848490000134916
19153,0.00913580000269576
19154,0.007868300002883188
19155,0.009004600000480423
19156,0.007755400001769885
19157,0.009583899998688139
19158,0.009741899997607106
19159,0.010348699997848598
19160,0.010121400002390146
19161,0.007746600000245962
19162,0.010250299998006085
19163,0.009966700003133155
19164,0.008898199997929623
19165,0.009341299999505281
19166,0.008048399999097455
19167,0.009013700000650715
19168,0.007837500001187436
19169,0.009542700001475168
19170,0.009049100000993349
19171,0.00893730000098003
19172,0.008157000000210246
19173,0.010348900003009476
19174,0.010312200000043958
19175,0.008319600001414074
19176,0.008888200001820223
19177,0.00826489999963087
19178,0.008934000001318054
19179,0.008529700000508456
19180,0.008585199997469317
19181,0.008626199996797368
19182,0.0084513000001607
19183,0.01030200000241166
19184,0.00830839999980526
19185,0.00917489999847021
19186,0.008191099997929996
19187,0.009035500002937624
19188,0.008302400001412025
19189,0.009458300002734177
19190,0.008316799998283386
19191,0.008147699998517055
19192,0.008955500001320615
19193,0.008084099998086458
19194,0.009093500000744825
19195,0.00808369999867864
19196,0.008934999998018611
19197,0.007772400000249036
19198,0.009679499999037944
19199,0.00849000000016531
19200,0.00950379999994766
19201,0.007941199997731019
19202,0.008937999999034218
19203,0.008760899996559601
19204,0.008340500000485918
19205,0.009340600001451094
19206,0.009102200001507299
19207,0.00989349999872502
19208,0.009189799999148818
19209,0.008638200000859797
19210,0.008369799998035887
19211,0.009508700000878889
19212,0.010492199999134755
19213,0.010566100001597079
19214,0.01049109999803477
19215,0.01017899999715155
19216,0.007811199997377116
19217,0.009234799999831012
19218,0.008076800000708317
19219,0.010002699997130549
19220,0.008822600000712555
19221,0.00873420000061742
19222,0.009507399998256005
19223,0.008275500000308966
19224,0.00891800000317744
19225,0.008016200001293328
19226,0.009942799999407725
19227,0.009698599998955615
19228,0.009965500001271721
19229,0.00967780000064522
19230,0.007775300000503194
19231,0.00892060000114725
19232,0.007723399998212699
19233,0.008993499999633059
19234,0.00804450000214274
19235,0.00891079999928479
19236,0.007657400001335191
19237,0.009414700001798337
19238,0.008882599999196827
19239,0.008979800000815885
19240,0.009548699999868404
19241,0.008341200002178084
19242,0.009591000001819339
19243,0.007765300000755815
19244,0.00932680000187247
19245,0.008565500000258908
19246,0.008824600001389626
19247,0.008152599999448285
19248,0.008145299998432165
19249,0.008799200000794372
19250,0.008138999997754581
19251,0.008576000000175554
19252,0.008255600001575658
19253,0.010112600000866223
19254,0.008286099997349083
19255,0.00941870000315248
19256,0.007764699999825098
19257,0.009166399999230634
19258,0.007748799998807954
19259,0.00920849999965867
19260,0.008588200002122903
19261,0.009846000000834465
19262,0.009691400002338924
19263,0.007760600001347484
19264,0.008949099999881582
19265,0.008634800000436371
19266,0.00920350000160397
19267,0.007890899996709777
19268,0.008855000000039581
19269,0.010244500001135748
19270,0.008077300000877585
19271,0.009224000001267996
19272,0.009006900003441842
19273,0.009061200002179248
19274,0.0080232000000251
19275,0.010344099999201717
19276,0.010300999998435145
19277,0.009387099999003112
19278,0.010385999998106854
19279,0.009786300000996562
19280,0.009831100000155857
19281,0.010930899999948451
19282,0.009820800001762109
19283,0.01068669999949634
19284,0.0100094999979774
19285,0.008266699998785043
19286,0.00931499999933294
19287,0.00791150000077323
19288,0.008939600000303471
19289,0.007673500000237254
19290,0.009075099998881342
19291,0.0076991999994788785
19292,0.009417199999006698
19293,0.009206999999150867
19294,0.009403100000781706
19295,0.010233599998173304
19296,0.009284899999329355
19297,0.009877799999230774
19298,0.009172599999146769
19299,0.009635599999455735
19300,0.009928300001774915
19301,0.007761499997286592
19302,0.009082299999136012
19303,0.008135799998854054
19304,0.010500000000320142
19305,0.010262799998599803
19306,0.007833100000425475
19307,0.008631100001366576
19308,0.007716799998888746
19309,0.008379599999898346
19310,0.007983299998159055
19311,0.010045099999842932
19312,0.009143499999481719
19313,0.009865899999567773
19314,0.010402600000816165
19315,0.007880600001954008
19316,0.009027600000990788
19317,0.009304400002292823
19318,0.009079499999643303
19319,0.007794400000420865
19320,0.008799999999610009
19321,0.00848760000008042
19322,0.009215599999151891
19323,0.009463900001719594
19324,0.009224000001267996
19325,0.010046199997304939
19326,0.009605999999621417
19327,0.008692899999005022
19328,0.00828709999768762
19329,0.008581400001276052
19330,0.009482700002990896
19331,0.009278200002881931
19332,0.009513700002571568
19333,0.008387599998968653
19334,0.009168099997623358
19335,0.00849250000101165
19336,0.008292800001072465
19337,0.009020900000905385
19338,0.008202799999708077
19339,0.009122100000240607
19340,0.007881400000769645
19341,0.008658200000354555
19342,0.007740500001091277
19343,0.008962700001575286
19344,0.007755099999485537
19345,0.010557199999311706
19346,0.009812899999815272
19347,0.009856399999989662
19348,0.009867400000075577
19349,0.007789100000081817
19350,0.008695399999851361
19351,0.007725400002527749
19352,0.009597500000381842
19353,0.009173999998893123
19354,0.009779800002434058
19355,0.009623300000384916
19356,0.008026199997402728
19357,0.0096776000027603
19358,0.007730900000751717
19359,0.009778499999811174
19360,0.010003700001107063
19361,0.010178599997743731
19362,0.008943500000896165
19363,0.00803730000188807
19364,0.009282200000598095
19365,0.008558900000934955
19366,0.00896410000132164
19367,0.008028999996895436
19368,0.009190500000840984
19369,0.007916899998235749
19370,0.008682200001203455
19371,0.008861400001478614
19372,0.00976259999879403
19373,0.010167300002649426
19374,0.00929800000085379
19375,0.010171099998842692
19376,0.009662299999035895
19377,0.008001500002137618
19378,0.0088261999990209
19379,0.00849949999974342
19380,0.009155800002190517
19381,0.008049399999435991
19382,0.009220599997206591
19383,0.007687699999223696
19384,0.009136900000157766
19385,0.007789799998136004
19386,0.00891820000106236
19387,0.008897300001990516
19388,0.008293300001241732
19389,0.009456899999349844
19390,0.008866500000294764
19391,0.011360899999999674
19392,0.011231600001337938
19393,0.010050199998659082
19394,0.009627700001146877
19395,0.008525299999746494
19396,0.011223199999221833
19397,0.010177200001635356
19398,0.009862700000667246
19399,0.0090849000007438
19400,0.008378699996683281
19401,0.008285100000648526
19402,0.008510200001182966
19403,0.009719800000311807
19404,0.010471199999301462
19405,0.007773099998303223
19406,0.010136299999430776
19407,0.009695799999462906
19408,0.00825049999912153
19409,0.00871729999926174
19410,0.008168899999873247
19411,0.009106699999392731
19412,0.007811899999069283
19413,0.009703400002763374
19414,0.007748899999569403
19415,0.009004199997434625
19416,0.007660499999474268
19417,0.009184999998979038
19418,0.007868500000768108
19419,0.00894250000055763
19420,0.008191199998691445
19421,0.008686299999681069
19422,0.00872230000095442
19423,0.008256800003437093
19424,0.009528499998850748
19425,0.009202899997035274
19426,0.009973699998226948
19427,0.009267200002796017
19428,0.010201199998846278
19429,0.009631599998101592
19430,0.008589699998992728
19431,0.009074599998712074
19432,0.008376900001167087
19433,0.008931699998356635
19434,0.00784890000068117
19435,0.010035100000095554
19436,0.008708299999852898
19437,0.007947300000523683
19438,0.009654199999204138
19439,0.009641900000133319
19440,0.00974829999904614
19441,0.007927999999083113
19442,0.00907809999989695
19443,0.007810399998561479
19444,0.009176300001854543
19445,0.009039399999892339
19446,0.008585300001868745
19447,0.009417799999937415
19448,0.008592900001531234
19449,0.009564899999531917
19450,0.008538500002032379
19451,0.009064300000318326
19452,0.008826899997075088
19453,0.008407900000747759
19454,0.009401200000866083
19455,0.007930399999168003
19456,0.009331299999757903
19457,0.007790200001181802
19458,0.009152599999652011
19459,0.007899200001702411
19460,0.00992720000067493
19461,0.010027299998910166
19462,0.008501200001774123
19463,0.009662499996920815
19464,0.008108400001219707
19465,0.00871489999917685
19466,0.007875600000261329
19467,0.00907770000048913
19468,0.008772699999099132
19469,0.010392099997261539
19470,0.010038100001111161
19471,0.008195999998861225
19472,0.008854299998347415
19473,0.007805599998391699
19474,0.00909490000049118
19475,0.008551300001272466
19476,0.009139099998719757
19477,0.007767899998725625
19478,0.008974500000476837
19479,0.007755799997539725
19480,0.00965370000267285
19481,0.008629800002381671
19482,0.009533700002066325
19483,0.009762199999386212
19484,0.007987799999682466
19485,0.00906810000014957
19486,0.008179599997674813
19487,0.00899800000115647
19488,0.007813500000338536
19489,0.00956439999936265
19490,0.008770100001129322
19491,0.009488799998507602
19492,0.011573499999940395
19493,0.010298099998180987
19494,0.008634699999674922
19495,0.008927099999709753
19496,0.008173500002158107
19497,0.009214200003043516
19498,0.008422500002779998
19499,0.009255400000256486
